시각,경과초,시각ms,IMU시각ms,위험,GPS유효,위도,경도,속도,방향,GPS원시속도,GPS원시방향유효,GPS원시방향,가속도,자이로,자력계,송신,GPS위성,GPS_HDOP,원시위도,원시경도,GPS채택,GPS이상치거부,GPS품질거부,GPS재기준,RSSI원시,RSSI평활,RSSI샘플,RSSI경과ms,차량수신
17:29:12,0.158,1626383,1626383,0,1,37.496605,126.957870,0.004,188.0,0.000,1,187.0,"4.013,-6.191,6.790","-1.092,-1.397,-2.221","-14.400,12.000,-2.250",15883,8,1.23,37.496605,126.957871,2164,8,191,1,-76,-75.5,30471,12,15097
17:29:12,0.376,1626449,1626449,0,1,37.496605,126.957870,0.004,188.0,0.000,1,187.0,"4.128,-6.129,6.651","-0.053,-1.656,0.969","-13.950,13.200,-0.900",15883,8,1.23,37.496605,126.957871,2164,8,191,1,-75,-75.4,30472,59,15098
17:29:13,1.202,1626706,1626706,0,1,37.496605,126.957870,0.014,188.0,0.021,1,187.0,"4.013,-5.976,6.637","-0.519,-0.992,2.588","-13.200,13.500,0.450",15886,8,1.23,37.496607,126.957872,2166,8,191,1,-76,-76.2,30478,10,15101
17:29:13,1.346,1627543,1627543,0,1,37.496609,126.957870,0.012,188.0,0.010,1,187.0,"4.085,-6.057,6.795","0.206,0.191,1.099","-13.500,13.350,-1.050",15894,8,1.23,37.496609,126.957872,2167,8,191,1,-75,-74.5,30492,40,15107
17:29:13,1.398,1627600,1627600,0,1,37.496609,126.957870,0.012,188.0,0.010,1,187.0,"3.955,-5.938,6.689","0.115,-3.786,0.473","-12.300,13.050,0.600",15895,8,1.23,37.496609,126.957872,2167,8,191,1,-75,-74.6,30493,11,15107
17:29:13,1.455,1627644,1627644,0,1,37.496609,126.957870,0.012,188.0,0.010,1,187.0,"4.147,-5.928,6.642","-0.389,0.260,-2.008","-13.650,13.950,-0.450",15895,8,1.23,37.496609,126.957872,2167,8,191,1,-75,-74.6,30493,55,15107
17:29:13,1.621,1627722,1627722,0,1,37.496609,126.957870,0.012,188.0,0.010,1,187.0,"4.104,-6.096,6.895","-2.527,-1.557,0.885","-13.950,10.500,0.150",15896,8,1.23,37.496609,126.957872,2168,8,191,1,-76,-74.9,30494,34,15107
17:29:13,1.786,1627945,1627945,0,1,37.496609,126.957870,0.012,188.0,0.010,1,187.0,"4.022,-6.124,6.761","0.038,-0.779,-1.702","-13.500,12.300,0.300",15898,8,1.23,37.496609,126.957872,2168,8,191,1,-76,-74.7,30498,51,15109
17:29:13,2.061,1628023,1628023,0,1,37.496609,126.957870,0.012,188.0,0.010,1,187.0,"4.108,-5.904,6.632","0.015,-0.771,1.015","-13.200,12.450,-0.150",15899,8,1.23,37.496609,126.957872,2168,8,191,1,-75,-74.6,30500,35,15110
17:29:13,2.119,1628322,1628322,0,1,37.496609,126.957870,0.012,188.0,0.010,1,187.0,"3.898,-6.053,6.718","-2.153,0.863,-1.718","-14.250,13.050,0.300",15902,8,1.23,37.496609,126.957872,2168,8,191,1,-75,-74.7,30506,28,15113
17:29:13,2.119,1628344,1628344,0,1,37.496609,126.957870,0.012,188.0,0.010,1,187.0,"3.989,-5.971,6.747","0.290,1.687,-1.008","-12.450,14.400,0.150",15902,8,1.23,37.496609,126.957872,2168,8,191,1,-75,-74.7,30506,50,15113
17:29:14,2.173,1628366,1628366,0,1,37.496609,126.957870,0.012,188.0,0.010,1,187.0,"4.041,-6.019,6.622","-0.702,1.244,-1.145","-13.800,13.050,0.300",15902,8,1.23,37.496609,126.957872,2168,8,191,1,-75,-74.7,30506,72,15113
17:29:14,2.180,1628408,1628408,0,1,37.496609,126.957870,0.012,188.0,0.010,1,187.0,"4.003,-6.062,6.732","0.260,-1.107,3.672","-12.300,12.300,-0.300",15903,8,1.23,37.496609,126.957872,2168,8,191,1,-75,-74.8,30508,0,15114
17:29:14,2.232,1628430,1628430,0,1,37.496609,126.957870,0.012,188.0,0.010,1,187.0,"4.022,-6.053,6.780","-0.115,-0.916,1.084","-13.650,13.950,-1.200",15903,8,1.23,37.496609,126.957872,2168,8,191,1,-75,-74.8,30508,22,15114
17:29:14,2.392,1628474,1628474,0,1,37.496609,126.957870,0.012,188.0,0.010,1,187.0,"4.104,-5.986,6.809","-2.069,1.237,-0.137","-13.950,13.500,-0.150",15903,8,1.23,37.496609,126.957872,2168,8,191,1,-75,-74.8,30508,66,15114
17:29:14,2.477,1628733,1628733,0,1,37.496609,126.957870,0.014,188.0,0.015,1,187.0,"4.099,-6.024,6.795","-1.962,-1.420,0.794","-12.900,12.000,-1.500",15906,8,1.23,37.496612,126.957872,2170,8,191,1,-77,-76.6,30514,23,15117
17:29:14,2.850,1628812,1628812,0,1,37.496609,126.957870,0.014,188.0,0.015,1,187.0,"4.022,-6.120,6.780","0.153,-1.618,1.061","-14.700,13.200,0.900",15907,8,1.23,37.496612,126.957872,2170,8,191,1,-75,-76.2,30515,2,15117
17:29:14,2.894,1629058,1629058,0,1,37.496609,126.957870,0.014,188.0,0.015,1,187.0,"4.180,-5.933,6.814","-2.260,-2.389,0.084","-14.550,13.800,0.600",15909,8,1.23,37.496612,126.957872,2170,8,191,1,-74,-75.0,30520,9,15120
17:29:14,2.894,1629080,1629080,0,1,37.496609,126.957870,0.014,188.0,0.015,1,187.0,"3.960,-5.938,6.665","-1.634,-1.802,0.153","-13.950,13.500,0.900",15909,8,1.23,37.496612,126.957872,2170,8,191,1,-74,-75.0,30520,31,15120
17:29:14,3.018,1629135,1629135,0,1,37.496609,126.957870,0.014,188.0,0.015,1,187.0,"4.075,-6.009,6.704","-0.168,2.740,-2.008","-12.900,13.950,-0.450",15910,8,1.23,37.496612,126.957872,2170,8,191,1,-75,-75.0,30521,27,15120
17:29:15,3.345,1629243,1629243,0,1,37.496609,126.957870,0.014,188.0,0.015,1,187.0,"4.065,-6.120,6.675","-1.107,-0.977,-1.191","-13.950,14.400,-0.450",15911,8,1.23,37.496612,126.957872,2170,8,191,1,-77,-75.5,30523,26,15121
17:29:15,3.403,1629674,1629674,0,1,37.496613,126.957870,0.030,188.0,0.041,1,187.0,"4.056,-6.086,6.637","0.000,-2.405,0.550","-12.750,10.350,-1.050",15915,8,1.23,37.496614,126.957871,2172,8,191,1,-79,-77.5,30531,6,15125
17:29:15,3.673,1629696,1629696,0,1,37.496613,126.957870,0.030,188.0,0.041,1,187.0,"4.051,-6.062,6.771","-1.664,-0.252,-1.664","-13.500,12.600,0.000",15915,8,1.23,37.496614,126.957871,2172,8,191,1,-79,-77.5,30531,28,15125
17:29:15,3.716,1629933,1629933,0,1,37.496613,126.957870,0.030,188.0,0.041,1,187.0,"3.912,-6.067,6.780","-1.466,-0.321,0.038","-13.800,13.350,0.300",15918,8,1.23,37.496614,126.957871,2172,8,191,1,-77,-77.2,30535,60,15127
17:29:15,3.773,1629955,1629955,0,1,37.496613,126.957870,0.030,188.0,0.041,1,187.0,"4.099,-5.952,6.718","-1.008,1.389,0.450","-13.200,12.000,-0.450",15918,8,1.23,37.496614,126.957871,2172,8,191,1,-77,-77.2,30536,21,15127
17:29:15,3.972,1630034,1630034,0,1,37.496613,126.957870,0.030,188.0,0.041,1,187.0,"4.027,-6.120,6.642","-2.916,1.412,2.076","-12.750,12.300,-1.050",15919,8,1.23,37.496614,126.957871,2172,8,191,1,-77,-77.4,30538,7,15128
17:29:15,3.995,1630156,1630156,0,1,37.496613,126.957870,0.030,188.0,0.041,1,187.0,"4.051,-6.139,6.728","0.046,0.305,-0.832","-12.150,13.500,-1.500",15920,8,1.23,37.496614,126.957871,2172,8,191,1,-78,-77.3,30540,31,15129
17:29:16,4.212,1630200,1630200,0,1,37.496613,126.957870,0.030,188.0,0.041,1,187.0,"4.046,-5.986,6.680","-1.130,-0.779,0.053","-11.250,13.350,-1.800",15920,8,1.23,37.496614,126.957871,2172,8,191,1,-78,-77.3,30540,75,15129
17:29:16,4.475,1630484,1630484,0,1,37.496613,126.957870,0.030,188.0,0.041,1,187.0,"4.056,-6.105,6.790","-1.153,1.573,-0.466","-13.650,11.700,1.200",15923,8,1.23,37.496614,126.957871,2172,8,191,1,-74,-75.3,30545,41,15131
17:29:17,5.216,1630795,1630795,0,1,37.496616,126.957870,0.018,188.0,0.010,1,187.0,"4.219,-6.062,6.670","-0.168,2.450,-1.534","-12.750,12.600,-0.600",15926,7,1.42,37.496617,126.957871,2174,8,191,1,-78,-75.6,30551,47,15134
17:29:17,5.562,1631490,1631490,0,1,37.496616,126.957870,0.018,188.0,0.010,1,187.0,"4.037,-5.952,6.637","-1.855,-1.809,-0.061","-12.750,13.050,-0.300",15933,7,1.42,37.496617,126.957871,2174,8,191,1,-77,-75.7,30563,17,15139
17:29:17,5.610,1631835,1631835,0,1,37.496616,126.957870,0.017,188.0,0.015,1,187.0,"3.955,-5.986,6.713","-0.221,-1.756,0.809","-13.050,13.350,-0.300",15936,7,1.42,37.496619,126.957871,2176,8,191,1,-76,-75.5,30568,77,15141
17:29:17,5.843,1631870,1631870,0,1,37.496616,126.957870,0.017,188.0,0.015,1,187.0,"4.147,-5.942,6.776","-1.863,-0.382,-0.947","-12.900,11.250,0.150",15937,7,1.42,37.496619,126.957871,2176,8,191,1,-76,-75.5,30568,112,15141
17:29:17,6.010,1632135,1632135,0,1,37.496616,126.957870,0.017,188.0,0.015,1,187.0,"4.142,-6.096,6.709","0.527,0.550,-2.809","-13.650,12.750,1.200",15939,7,1.42,37.496619,126.957871,2176,8,191,1,-76,-75.7,30574,33,15144
17:29:18,6.245,1632298,1632298,0,1,37.496616,126.957870,0.017,188.0,0.015,1,187.0,"4.132,-6.072,6.761","-0.687,-1.046,1.634","-13.500,12.600,-0.300",15941,7,1.42,37.496619,126.957871,2176,8,191,1,-76,-75.6,30577,24,15145
17:29:18,6.303,1632485,1632485,0,1,37.496616,126.957870,0.017,188.0,0.015,1,187.0,"4.161,-6.005,6.632","-0.504,-1.794,-1.069","-15.300,13.050,-0.600",15943,7,1.42,37.496619,126.957871,2176,8,191,1,-72,-74.7,30581,10,15147
17:29:18,6.355,1632507,1632507,0,1,37.496616,126.957870,0.017,188.0,0.015,1,187.0,"4.032,-6.167,6.560","-0.802,-1.260,2.137","-13.050,13.800,-0.600",15943,7,1.42,37.496619,126.957871,2176,8,191,1,-72,-74.7,30581,32,15147
17:29:18,6.466,1632586,1632586,0,1,37.496620,126.957870,0.016,188.0,0.015,1,187.0,"4.041,-6.009,6.809","-1.611,0.183,-0.565","-12.750,14.850,-2.100",15944,7,1.42,37.496622,126.957871,2177,8,191,1,-74,-74.5,30583,10,15148
17:29:18,6.591,1632730,1632730,0,1,37.496620,126.957870,0.016,188.0,0.015,1,187.0,"4.003,-6.057,6.790","2.672,-1.107,1.397","-13.800,14.100,0.300",15945,7,1.42,37.496622,126.957871,2178,8,191,1,-76,-75.1,30586,1,15150
17:29:18,7.038,1632909,1632909,0,1,37.496620,126.957870,0.016,188.0,0.015,1,187.0,"4.233,-5.899,6.742","-1.351,0.061,-0.389","-14.700,13.500,0.450",15947,7,1.42,37.496622,126.957871,2178,8,191,1,-74,-74.8,30589,30,15151
17:29:19,7.190,1633316,1633316,0,1,37.496620,126.957870,0.016,188.0,0.015,1,187.0,"3.931,-6.076,6.656","-2.817,1.168,-1.160","-12.450,13.950,0.150",15951,7,1.42,37.496622,126.957871,2178,8,191,1,-75,-75.2,30596,17,15154
17:29:19,7.329,1633493,1633481,0,1,37.496620,126.957870,0.016,188.0,0.015,1,187.0,"4.132,-5.890,6.723","-2.061,-0.550,-0.046","-15.150,13.950,-0.450",15953,7,1.42,37.496622,126.957871,2178,8,191,1,-75,-74.3,30599,19,15156
17:29:19,7.457,1633568,1633568,0,1,37.496624,126.957870,0.018,188.0,0.021,1,187.0,"4.051,-6.062,6.656","-2.000,-0.924,-3.000","-12.300,11.850,-0.600",15953,7,1.42,37.496625,126.957870,2179,8,191,1,-75,-74.5,30600,61,15156
17:29:19,7.478,1633704,1633704,0,1,37.496624,126.957870,0.019,188.0,0.021,1,187.0,"3.850,-6.215,6.689","-0.244,-1.038,-1.069","-12.150,13.500,0.900",15955,7,1.42,37.496625,126.957870,2180,8,191,1,-75,-74.5,30604,4,15158
17:29:19,7.541,1633770,1633770,0,1,37.496624,126.957870,0.019,188.0,0.021,1,187.0,"4.041,-6.062,6.723","0.183,-2.908,-0.115","-13.500,13.350,-0.600",15955,7,1.42,37.496625,126.957870,2180,8,191,1,-75,-74.5,30604,70,15158
17:29:19,7.549,1633827,1633827,0,1,37.496624,126.957870,0.019,188.0,0.021,1,187.0,"4.027,-6.191,6.632","-2.427,-0.931,-1.504","-15.150,13.500,1.200",15956,7,1.42,37.496625,126.957870,2180,8,191,1,-72,-73.6,30606,30,15159
17:29:19,7.607,1633871,1633871,0,1,37.496624,126.957870,0.019,188.0,0.021,1,187.0,"4.175,-6.057,6.747","-1.458,-2.603,-0.321","-14.250,13.050,0.300",15956,7,1.42,37.496625,126.957870,2180,8,191,1,-72,-73.6,30606,74,15159
17:29:19,7.779,1633972,1633972,0,1,37.496624,126.957870,0.019,188.0,0.021,1,187.0,"4.056,-6.033,6.646","-0.214,-4.267,-1.053","-13.800,13.350,0.300",15957,7,1.42,37.496625,126.957870,2180,8,191,1,-73,-73.6,30608,69,15160
17:29:19,7.820,1634051,1634051,0,1,37.496624,126.957870,0.019,188.0,0.021,1,187.0,"4.041,-6.024,6.838","-1.870,0.206,-0.260","-13.950,11.700,-1.500",15958,7,1.42,37.496625,126.957870,2180,8,191,1,-75,-74.1,30610,41,15161
17:29:20,8.234,1634073,1634073,0,1,37.496624,126.957870,0.019,188.0,0.021,1,187.0,"3.984,-6.005,6.776","0.496,-3.176,-0.534","-12.750,12.600,-1.050",15958,7,1.42,37.496625,126.957870,2180,8,191,1,-75,-74.1,30610,63,15161
17:29:20,8.580,1634544,1634544,0,1,37.496624,126.957870,0.018,188.0,0.015,1,187.0,"4.161,-6.139,6.709","-2.290,1.122,-1.351","-13.950,12.000,0.450",15963,7,1.42,37.496627,126.957870,2181,8,191,1,-76,-74.6,30618,15,15164
17:29:20,8.724,1634890,1634890,0,1,37.496628,126.957870,0.017,188.0,0.015,1,187.0,"4.108,-5.976,6.809","-0.855,2.244,0.962","-13.200,12.000,-0.450",15966,7,1.42,37.496627,126.957870,2182,8,191,1,-75,-74.7,30625,26,15168
17:29:20,8.732,1634969,1634969,0,1,37.496628,126.957870,0.017,188.0,0.015,1,187.0,"4.065,-6.158,6.680","0.176,-0.809,1.740","-13.050,13.050,0.000",15967,7,1.42,37.496627,126.957870,2182,8,191,1,-75,-74.8,30626,3,15169
17:29:20,8.892,1635026,1635026,0,1,37.496628,126.957870,0.017,188.0,0.015,1,187.0,"4.204,-6.148,6.694","-0.420,0.115,2.626","-13.950,12.000,0.900",15968,7,1.42,37.496627,126.957870,2182,8,191,1,-75,-74.8,30627,6,15169
17:29:20,8.991,1635168,1635168,0,1,37.496628,126.957870,0.017,188.0,0.015,1,187.0,"4.046,-6.029,6.665","-2.420,-1.863,0.351","-13.500,12.300,-0.300",15969,7,1.42,37.496627,126.957870,2182,8,191,1,-84,-77.0,30629,51,15170
17:29:21,9.578,1635276,1635276,0,1,37.496628,126.957870,0.017,188.0,0.015,1,187.0,"4.118,-5.938,6.694","0.565,-2.809,0.863","-14.250,14.100,-1.050",15970,7,1.42,37.496627,126.957870,2182,8,191,1,-79,-77.4,30631,57,15171
17:29:21,9.931,1635908,1635908,0,1,37.496628,126.957870,0.016,188.0,0.015,1,187.0,"4.085,-5.957,6.886","2.191,-2.000,0.534","-11.700,13.950,0.450",15976,7,1.42,37.496630,126.957870,2184,8,191,1,-80,-79.0,30642,75,15177
17:29:21,10.060,1636164,1636164,0,1,37.496628,126.957870,0.016,188.0,0.015,1,187.0,"4.104,-6.076,6.752","0.061,-0.137,0.153","-12.450,12.750,-1.500",15979,7,1.42,37.496630,126.957870,2184,8,191,1,-79,-79.5,30648,33,15180
17:29:22,10.542,1636286,1636286,0,1,37.496628,126.957870,0.016,188.0,0.015,1,187.0,"4.142,-6.029,6.704","-1.847,-0.115,0.519","-14.250,12.300,-0.300",15980,7,1.42,37.496630,126.957870,2184,8,191,1,-80,-79.5,30650,57,15181
17:29:22,10.763,1636795,1636795,0,1,37.496632,126.957870,0.010,188.0,0.005,1,187.0,"3.917,-6.067,6.761","-0.962,-1.893,0.580","-10.950,14.400,0.450",15985,7,1.42,37.496632,126.957870,2186,8,191,1,-80,-79.6,30658,32,15184
17:29:22,10.789,1636874,1636874,0,1,37.496632,126.957870,0.010,188.0,0.005,1,187.0,"4.008,-5.842,6.867","-1.969,-2.786,1.656","-12.750,12.600,0.000",15986,7,1.42,37.496632,126.957870,2186,8,191,1,-82,-80.3,30660,8,15185
17:29:22,10.943,1636953,1636953,0,1,37.496632,126.957870,0.010,188.0,0.005,1,187.0,"4.027,-6.048,6.685","0.702,-0.481,1.366","-13.950,12.750,-0.900",15987,7,1.42,37.496632,126.957870,2186,8,191,1,-81,-80.5,30661,2,15185
17:29:22,11.040,1637204,1637204,0,1,37.496632,126.957870,0.010,188.0,0.005,1,187.0,"3.989,-5.942,6.718","-2.145,-1.931,-0.489","-12.750,14.850,-0.300",15989,7,1.42,37.496632,126.957870,2186,8,191,1,-80,-80.3,30666,24,15188
17:29:23,11.260,1637281,1637281,0,1,37.496632,126.957870,0.010,188.0,0.005,1,187.0,"4.094,-6.033,6.795","-2.397,0.397,-1.832","-12.300,13.050,0.300",15990,7,1.42,37.496632,126.957870,2186,8,191,1,-81,-80.5,30667,30,15188
17:29:23,11.374,1637488,1637488,0,1,37.496632,126.957870,0.010,188.0,0.005,1,187.0,"4.032,-6.014,6.732","-2.634,0.000,1.298","-13.200,12.750,0.450",15992,7,1.42,37.496632,126.957870,2186,8,191,1,-79,-80.0,30671,33,15190
17:29:23,11.543,1637597,1637597,0,1,37.496632,126.957870,0.012,188.0,0.015,1,187.0,"3.994,-6.062,6.675","1.649,-1.328,-0.718","-14.250,13.350,0.600",15993,7,1.42,37.496635,126.957869,2187,8,191,1,-81,-80.2,30673,35,15191
17:29:23,11.641,1637797,1637797,0,1,37.496635,126.957870,0.013,188.0,0.015,1,187.0,"4.152,-6.096,6.718","-2.481,-1.458,-0.931","-10.950,13.200,0.450",15995,7,1.42,37.496635,126.957869,2188,8,191,1,-79,-80.1,30675,29,15191
17:29:23,11.978,1637841,1637841,0,1,37.496635,126.957870,0.013,188.0,0.015,1,187.0,"3.998,-6.072,6.737","-0.229,-1.725,1.298","-13.950,12.450,0.150",15995,7,1.42,37.496635,126.957869,2188,8,191,1,-80,-80.1,30676,26,15192
17:29:23,12.124,1638204,1638204,0,1,37.496635,126.957870,0.013,188.0,0.015,1,187.0,"4.142,-6.062,6.809","-0.405,-2.878,-0.366","-14.250,13.350,0.300",15999,7,1.42,37.496635,126.957869,2188,8,191,1,-79,-79.4,30683,31,15195
17:29:24,12.263,1638347,1638347,0,1,37.496635,126.957870,0.013,188.0,0.015,1,187.0,"3.931,-5.918,6.622","-0.008,-2.336,-0.397","-13.950,12.750,-0.150",16000,7,1.42,37.496635,126.957869,2188,8,191,1,-78,-79.1,30685,2,15197
17:29:24,12.392,1638534,1638534,0,1,37.496635,126.957870,0.016,188.0,0.021,1,187.0,"4.128,-6.110,6.723","-1.779,2.084,0.206","-14.400,13.200,0.900",16002,7,1.42,37.496637,126.957869,2189,8,191,1,-79,-78.9,30688,56,15198
17:29:24,12.474,1638657,1638657,0,1,37.496635,126.957870,0.017,188.0,0.021,1,187.0,"4.008,-6.062,6.742","-0.069,-2.389,-0.542","-14.400,12.750,1.200",16003,6,1.42,37.496637,126.957869,2190,8,191,1,-81,-79.2,30691,7,15200
17:29:24,12.592,1638736,1638736,0,1,37.496635,126.957870,0.017,188.0,0.021,1,187.0,"3.950,-5.933,6.804","-2.099,-0.397,-1.237","-15.150,13.500,-0.150",16004,6,1.42,37.496637,126.957869,2190,8,191,1,-79,-79.2,30692,60,15200
17:29:24,12.674,1638837,1638837,0,1,37.496635,126.957870,0.017,188.0,0.021,1,187.0,"4.070,-6.019,6.656","0.206,-2.702,-1.046","-12.450,13.500,0.150",16005,6,1.42,37.496637,126.957869,2190,8,191,1,-79,-79.3,30694,49,15201
17:29:24,12.792,1638938,1638938,0,1,37.496635,126.957870,0.017,188.0,0.021,1,187.0,"4.099,-6.187,6.766","-2.328,-0.405,-0.061","-13.500,14.100,-2.100",16006,6,1.42,37.496637,126.957869,2190,8,191,1,-79,-79.3,30696,58,15202
17:29:24,12.924,1639017,1639017,0,1,37.496635,126.957870,0.017,188.0,0.021,1,187.0,"4.070,-6.038,6.685","1.809,-2.115,2.366","-12.900,14.400,0.450",16007,6,1.42,37.496637,126.957869,2190,8,191,1,-79,-79.1,30698,36,15203
17:29:24,13.007,1639194,1639182,0,1,37.496635,126.957870,0.017,188.0,0.021,1,187.0,"4.156,-6.187,6.665","-1.382,2.061,-0.244","-13.500,13.350,1.050",16009,6,1.42,37.496637,126.957869,2190,8,191,1,-78,-79.1,30702,3,15205
17:29:24,13.016,1639246,1639246,0,1,37.496635,126.957870,0.017,188.0,0.021,1,187.0,"4.094,-6.134,6.594","0.679,-1.962,0.382","-12.750,13.350,0.000",16009,6,1.42,37.496637,126.957869,2190,8,191,1,-78,-79.1,30702,55,15205
17:29:25,13.434,1639323,1639323,0,1,37.496635,126.957870,0.017,188.0,0.021,1,187.0,"4.065,-5.909,6.699","-3.137,0.069,1.779","-13.650,13.200,-1.200",16010,6,1.42,37.496637,126.957869,2190,8,191,1,-78,-79.0,30704,33,15206
17:29:25,13.624,1639711,1639711,0,1,37.496639,126.957870,0.010,188.0,0.005,1,187.0,"3.946,-6.019,6.637","-0.573,-1.046,0.145","-13.050,14.550,0.000",16014,6,1.42,37.496640,126.957868,2192,8,191,1,-78,-79.0,30711,14,15209
17:29:25,13.707,1639854,1639854,0,1,37.496639,126.957870,0.010,188.0,0.005,1,187.0,"4.017,-6.067,6.646","-0.985,-0.183,0.397","-13.500,13.050,0.000",16015,6,1.42,37.496640,126.957868,2192,8,191,1,-78,-78.8,30712,51,15209
17:29:25,13.774,1639955,1639955,0,1,37.496639,126.957870,0.010,188.0,0.005,1,187.0,"4.108,-6.048,6.709","-2.023,-1.450,0.588","-13.650,15.150,0.150",16016,6,1.42,37.496640,126.957868,2192,8,191,1,-79,-78.9,30714,44,15210
17:29:25,13.782,1640110,1640110,0,1,37.496639,126.957870,0.010,188.0,0.005,1,187.0,"4.046,-6.014,6.747","0.176,-1.023,-0.198","-14.550,12.300,0.300",16018,6,1.42,37.496640,126.957868,2192,8,191,1,-79,-79.2,30717,8,15211
17:29:25,13.912,1640132,1640132,0,1,37.496639,126.957870,0.010,188.0,0.005,1,187.0,"3.974,-6.076,6.656","-2.298,-1.481,0.275","-14.250,12.600,0.300",16018,6,1.42,37.496640,126.957868,2192,8,191,1,-81,-79.6,30718,15,15212
17:29:25,13.935,1640218,1640218,0,1,37.496639,126.957870,0.010,188.0,0.005,1,187.0,"4.022,-6.076,6.694","-1.496,-2.779,2.618","-12.150,14.700,0.150",16019,6,1.42,37.496640,126.957868,2192,8,191,1,-79,-79.5,30719,11,15212
17:29:25,13.988,1640240,1640240,0,1,37.496639,126.957870,0.010,188.0,0.005,1,187.0,"4.008,-5.952,6.689","-0.336,-1.214,-0.290","-13.200,13.500,1.500",16019,6,1.42,37.496640,126.957868,2192,8,191,1,-78,-79.2,30720,21,15213
17:29:26,14.307,1640339,1640339,0,1,37.496639,126.957870,0.010,188.0,0.005,1,187.0,"3.955,-6.211,6.670","-0.412,-2.611,1.802","-13.950,13.500,1.500",16020,6,1.42,37.496640,126.957868,2192,8,191,1,-78,-78.9,30722,21,15214
17:29:26,14.422,1640592,1640592,0,1,37.496639,126.957870,0.009,188.0,0.005,1,187.0,"3.826,-6.139,6.618","-1.237,1.305,2.565","-12.750,11.400,0.600",16022,6,1.42,37.496642,126.957869,2193,8,191,1,-80,-79.0,30726,68,15216
17:29:26,14.686,1640794,1640794,0,1,37.496643,126.957870,0.007,188.0,0.005,1,187.0,"4.199,-6.091,6.723","-1.519,-0.389,0.382","-15.000,13.350,0.300",16024,6,1.42,37.496642,126.957869,2194,8,191,1,-78,-78.6,30730,59,15218
17:29:26,14.806,1641030,1641030,0,1,37.496643,126.957870,0.007,188.0,0.005,1,187.0,"4.123,-6.019,6.780","-1.122,-0.427,1.084","-13.050,13.800,-0.300",16027,6,1.42,37.496642,126.957869,2194,8,191,1,-79,-78.7,30735,7,15220
17:29:26,15.019,1641096,1641096,0,1,37.496643,126.957870,0.007,188.0,0.005,1,187.0,"4.104,-6.057,6.713","-0.443,-1.221,-0.046","-15.300,13.350,1.350",16027,6,1.42,37.496642,126.957869,2194,8,191,1,-79,-78.7,30735,73,15220
17:29:27,15.380,1641303,1641303,0,1,37.496643,126.957870,0.007,188.0,0.005,1,187.0,"4.166,-6.029,6.814","-2.290,0.115,0.420","-14.400,14.400,-0.150",16029,6,1.42,37.496642,126.957869,2194,8,191,1,-78,-78.3,30739,35,15222
17:29:27,15.460,1641646,1641646,0,1,37.496643,126.957870,0.009,188.0,0.010,1,187.0,"4.013,-6.153,6.670","-3.496,1.466,-0.595","-16.050,14.550,0.300",16033,6,1.42,37.496644,126.957869,2196,8,191,1,-79,-78.7,30744,62,15225
17:29:27,15.523,1641747,1641747,0,1,37.496643,126.957870,0.009,188.0,0.010,1,187.0,"4.022,-6.067,6.728","-0.916,0.145,-0.595","-13.650,13.500,-0.900",16034,6,1.42,37.496644,126.957869,2196,8,191,1,-79,-78.7,30746,59,15226
17:29:27,15.531,1641868,1641868,0,1,37.496643,126.957870,0.009,188.0,0.010,1,187.0,"3.984,-6.014,6.737","-1.863,-0.626,-0.870","-13.050,13.050,0.600",16035,6,1.42,37.496644,126.957869,2196,8,191,1,-79,-78.8,30749,26,15227
17:29:27,15.591,1641890,1641890,0,1,37.496643,126.957870,0.009,188.0,0.010,1,187.0,"3.979,-6.124,6.675","-0.985,-1.496,0.740","-14.250,12.600,0.600",16035,6,1.42,37.496644,126.957869,2196,8,191,1,-79,-78.8,30749,48,15227
