시각,경과초,시각ms,IMU시각ms,위험,원시위험,GPS유효,위도,경도,속도,방향,이동방향유효,GPS이동방향,차체방향유효,차체방향,후진판정,IMU요회전속도,방향가속도크기,방향자이로크기,방향자세cos,자기모델잔차,자기모델반경,방향채택,방향거부,GPS원시속도,GPS원시방향유효,GPS원시방향,가속도,자이로,자력계,충격값,충격피크,마지막충격발생값,마지막충격발생ms,송신,지팡이수신,GPS위성,GPS_HDOP,원시위도,원시경도,GPS채택,GPS이상치거부,GPS품질거부,GPS재기준,계산거리,접근속도,TTC,방향오차,전방여부,위험음성횟수,충격음성횟수,마지막위험음성,RSSI원시,RSSI평활,RSSI샘플,RSSI경과ms,RSSI구간,RSSI거리,상대보정,상대보정중,보정동쪽,보정북쪽,위험송신
12:34:14,0.518,994480,994479,0,0,1,37.496765,126.957244,0.98,12.5,1,12.5,1,336.9,0,-21.35,10.30,42.76,0.9982,44.48,0.809,22,115319,1.029,1,14.0,"-0.18,1.06,10.24","0.4,35.1,24.5","3.600,-47.400,44.700",1.54,1.94,0.00,0,9598,8275,9,1.28,37.496766,126.957243,4356,64,228,3,0.98,-0.50,999.00,-122.1,0,39,0,1,-73,-70.8,8275,94,3,6.13,1,0,6.98,-1.35,0
12:34:15,1.130,995091,995090,0,0,1,37.496774,126.957244,1.05,10.7,1,10.7,1,349.2,0,11.03,8.95,30.29,0.9569,41.05,0.814,22,115390,1.080,1,9.1,"1.11,-1.70,8.72","-25.0,7.9,-15.1","0.750,-46.350,42.750",2.18,2.18,0.00,0,9604,8281,9,1.28,37.496774,126.957244,4359,64,228,3,1.50,0.00,999.00,-153.9,0,39,0,1,-69,-72.1,8281,88,3,6.94,1,0,6.98,-1.35,0
12:34:15,1.394,995695,995694,0,0,1,37.496783,126.957244,1.17,6.5,1,6.5,1,348.5,0,-53.20,10.36,59.91,0.9863,43.06,0.983,22,115462,1.219,1,4.0,"-1.53,-0.59,10.23","12.9,-14.0,56.8","7.350,-52.050,43.950",0.77,2.05,0.00,0,9610,8286,9,1.28,37.496783,126.957244,4362,64,228,3,2.23,0.00,999.00,-163.5,0,39,0,1,-74,-74.0,8286,65,3,8.35,1,0,6.98,-1.35,0
12:34:16,2.133,995896,995895,0,0,1,37.496786,126.957244,1.23,5.4,1,5.4,1,349.8,0,17.06,10.06,25.98,0.9899,42.32,0.898,22,115486,1.286,1,3.5,"-0.30,-0.92,10.01","-11.2,10.0,-21.2","7.800,-50.850,42.900",0.76,1.90,0.00,0,9612,8287,9,1.28,37.496787,126.957244,4363,64,228,3,3.03,0.00,999.00,-168.8,0,39,0,1,-70,-73.2,8287,159,3,7.74,1,0,6.98,-1.35,0
12:34:16,2.544,996612,996611,0,0,1,37.496797,126.957247,1.34,5.0,1,5.0,1,349.4,0,-43.21,9.14,68.14,0.9650,38.52,1.070,22,115570,1.358,1,5.3,"-0.28,-0.04,9.14","44.8,-1.8,51.3","8.100,-53.700,40.950",1.08,2.86,0.00,0,9619,8293,9,1.28,37.496796,126.957247,4366,64,228,3,4.16,0.00,999.00,178.4,0,39,0,1,-80,-77.7,8293,32,3,11.83,1,0,6.98,-1.35,0
12:34:16,2.709,997132,997119,0,0,1,37.496805,126.957249,1.40,6.0,1,6.0,1,356.3,0,18.58,9.52,25.15,0.9842,42.16,1.381,22,115629,1.415,1,6.3,"-1.75,-0.58,9.34","4.6,-10.0,-22.6","13.050,-65.550,44.400",1.01,1.93,0.00,0,9624,8298,9,1.28,37.496804,126.957250,4369,64,228,3,4.67,0.00,999.00,-174.6,0,39,0,1,-82,-79.1,8298,19,3,12.00,1,0,6.98,-1.35,0
12:34:18,4.830,997223,997222,0,0,1,37.496806,126.957250,1.40,6.0,1,6.0,1,357.4,0,-12.87,10.76,19.03,0.9918,44.26,1.368,22,115640,1.415,1,6.3,"-1.65,-0.21,10.63","9.6,1.1,16.4","10.200,-65.250,46.500",1.36,1.81,0.00,0,9625,8298,9,1.28,37.496804,126.957250,4369,64,228,3,4.67,0.00,999.00,-174.6,0,39,0,1,-82,-79.1,8298,110,3,12.00,1,0,6.98,-1.35,0
12:34:19,5.343,999359,999358,0,0,1,37.496834,126.957252,1.31,2.2,1,2.2,1,6.5,0,-18.38,8.09,35.34,0.9826,74.59,0.745,22,115886,1.271,1,5.2,"0.24,-0.98,8.03","16.4,-21.7,22.5","7.350,-42.300,74.400",2.52,2.52,0.00,0,9646,8315,9,1.28,37.496832,126.957253,4380,64,228,3,-1.00,0.00,999.00,0.0,0,39,0,1,-87,-81.8,8315,35,1,12.00,1,0,6.98,-1.35,0
12:34:19,5.601,999460,999459,0,0,1,37.496835,126.957252,1.31,2.2,1,2.2,1,2.9,0,-39.00,9.22,61.44,0.9690,74.59,0.746,22,115898,1.271,1,5.2,"-1.03,-0.28,9.16","38.8,-7.6,47.0","6.300,-35.100,74.400",0.46,3.09,0.00,0,9647,8316,9,1.28,37.496832,126.957253,4380,64,228,3,-1.00,0.00,999.00,0.0,0,39,0,1,-81,-81.7,8316,30,1,12.00,1,0,6.98,-1.35,0
12:34:19,5.852,999669,999669,0,0,1,37.496839,126.957255,1.37,5.7,1,5.7,1,5.4,0,18.64,11.46,50.11,0.9922,72.88,0.430,22,115923,1.415,1,8.5,"-1.82,0.20,11.31","-40.8,11.3,-26.7","7.500,-32.550,71.550",1.88,1.88,0.00,0,9649,8318,9,1.28,37.496840,126.957255,4382,64,228,3,-1.00,0.00,999.00,0.0,0,39,0,1,-86,-82.6,8318,29,1,12.00,1,0,6.98,-1.35,0
12:34:23,9.813,999883,999882,0,0,1,37.496842,126.957255,1.41,6.7,1,6.7,1,9.4,0,0.00,8.71,42.92,0.9871,71.10,0.545,22,115949,1.451,1,8.6,"-1.23,-0.69,8.60","41.7,9.5,3.7","6.600,-36.300,70.200",1.01,2.54,0.00,0,9651,8319,9,1.28,37.496843,126.957256,4383,64,228,3,-1.00,0.00,999.00,0.0,0,39,0,1,-86,-83.3,8319,137,1,12.00,1,0,6.98,-1.35,0
12:34:24,10.092,1004169,1004168,0,0,1,37.496904,126.957266,1.45,9.0,1,9.0,1,14.6,0,-23.26,9.05,46.03,0.9769,55.96,0.319,22,116448,1.446,1,9.8,"-0.24,-1.58,8.91","34.6,-5.7,29.8","7.350,-30.450,52.650",1.27,2.37,0.00,0,9693,8347,9,1.28,37.496903,126.957266,4404,64,228,3,-1.00,0.00,999.00,0.0,0,39,0,1,-80,-79.9,8347,83,1,12.00,1,0,6.98,-1.35,0
12:34:24,10.580,1004369,1004368,0,0,1,37.496908,126.957266,1.48,9.2,1,9.2,1,16.2,0,17.07,9.55,35.45,0.9927,57.67,0.091,22,116472,1.518,1,9.6,"-1.12,-0.45,9.48","-4.5,30.5,-17.5","9.300,-23.700,55.200",0.75,0.79,0.00,0,9695,8348,9,1.28,37.496907,126.957266,4405,64,228,3,-1.00,0.00,999.00,0.0,0,39,0,1,-80,-79.9,8348,85,1,12.00,1,0,6.98,-1.35,0
12:34:25,11.344,1004470,1004469,0,0,1,37.496909,126.957267,1.51,9.3,1,9.3,1,17.5,0,15.14,9.74,83.18,0.9861,55.82,0.083,22,116484,1.538,1,9.4,"0.29,-1.68,9.59","-74.1,-23.8,-29.3","13.500,-27.750,55.650",1.48,2.46,0.00,0,9696,8349,9,1.28,37.496909,126.957266,4406,64,228,3,-1.00,0.00,999.00,0.0,0,39,0,1,-82,-80.3,8349,77,1,12.00,1,0,6.98,-1.35,0
12:34:25,11.663,1005831,1005830,0,0,1,37.496926,126.957264,1.32,5.1,1,5.1,1,43.2,0,92.81,11.40,104.02,0.9787,50.59,0.502,22,116646,1.255,1,3.9,"-1.72,-3.10,10.84","33.7,41.1,-89.5","34.950,8.400,39.150",2.24,3.14,0.00,0,9709,8351,9,1.28,37.496924,126.957264,4412,64,228,3,-1.00,0.00,999.00,0.0,0,39,0,1,-89,-83.1,8351,491,1,12.00,1,0,6.98,-1.35,0
12:34:25,11.849,1005938,1005937,0,0,1,37.496927,126.957264,1.21,4.7,1,4.7,1,47.6,0,83.13,10.09,89.31,0.9787,50.59,0.502,22,116659,1.101,1,4.0,"-2.83,0.01,9.69","19.5,30.8,-81.5","43.500,10.950,36.750",2.32,2.32,0.00,0,9710,8351,9,1.28,37.496926,126.957264,4413,64,228,3,-1.00,0.00,999.00,0.0,0,39,0,1,-89,-83.1,8351,598,1,12.00,1,0,6.98,-1.35,0
12:34:26,12.084,1006356,1006355,0,0,1,37.496930,126.957264,1.08,3.8,1,3.8,1,66.9,0,86.93,10.37,102.89,0.9787,50.59,0.502,22,116708,1.029,1,2.8,"-2.85,2.14,9.74","-23.4,21.2,-97.9","67.800,6.450,31.650",3.21,3.49,0.00,0,9714,8352,9,1.28,37.496929,126.957263,4415,64,228,3,-1.00,0.00,999.00,0.0,0,39,0,1,-93,-85.1,8352,93,1,12.00,1,0,6.98,-1.35,0
12:34:27,13.530,1006672,1006672,0,0,1,37.496934,126.957264,1.08,3.5,1,3.5,1,70.2,0,70.46,9.48,76.77,0.9787,50.59,0.502,22,116746,1.065,1,3.0,"-3.98,-0.06,8.61","6.3,17.8,-74.4","81.150,-4.500,30.150",1.45,1.71,0.00,0,9717,8354,9,1.28,37.496934,126.957264,4417,64,228,3,-1.00,0.00,999.00,0.0,0,39,0,1,-80,-84.4,8354,178,1,12.00,1,0,6.98,-1.35,0
12:34:27,13.913,1008052,1008039,0,0,1,37.496940,126.957258,0.70,359.8,1,359.8,1,37.4,0,-27.24,9.70,35.02,0.9346,50.59,0.502,22,116906,0.633,1,0.6,"-3.58,-0.91,8.97","-0.6,-12.4,32.8","88.800,-9.150,16.950",1.30,1.30,0.00,0,9730,8359,9,1.26,37.496938,126.957258,4423,64,228,3,-1.00,0.00,999.00,0.0,0,39,0,1,-89,-86.9,8359,17,1,12.00,1,0,6.98,-1.35,0
12:34:28,14.227,1008457,1008456,0,0,1,37.496941,126.957257,0.62,2.0,1,2.0,1,28.0,0,42.27,11.36,63.59,0.8496,50.59,0.502,22,116955,0.592,1,4.2,"-6.45,1.55,9.22","-11.9,-22.9,-58.1","89.250,-7.800,21.000",2.28,2.47,0.00,0,9734,8360,8,1.26,37.496940,126.957256,4425,64,228,3,-1.00,0.00,999.00,0.0,0,39,0,1,-96,-88.7,8360,147,1,12.00,1,0,6.98,-1.35,0
12:34:28,14.348,1008778,1008777,0,0,1,37.496943,126.957255,0.59,2.8,1,2.8,1,28.6,0,35.46,10.84,65.93,0.8763,50.59,0.502,22,116994,0.586,1,3.5,"-5.67,0.11,9.24","-26.6,6.7,-60.0","87.450,-14.100,22.500",1.10,1.57,0.00,0,9737,8360,8,1.12,37.496942,126.957254,4427,64,228,3,-1.00,0.00,999.00,0.0,0,39,0,1,-96,-88.7,8360,468,1,12.00,1,0,6.98,-1.35,0
12:34:28,14.446,1008884,1008883,0,0,1,37.496943,126.957253,0.58,2.2,1,2.2,1,25.8,0,-9.66,9.52,21.92,0.8944,50.59,0.502,22,117007,0.571,1,1.1,"-4.22,-1.44,8.42","2.3,-16.0,14.8","88.200,-19.950,22.800",1.60,1.85,0.00,0,9738,8360,8,1.26,37.496943,126.957252,4428,64,228,3,-1.00,0.00,999.00,0.0,0,39,0,1,-96,-88.7,8360,574,1,12.00,1,0,6.98,-1.35,0
12:34:28,14.529,1008991,1008990,0,0,1,37.496943,126.957253,0.58,2.2,1,2.2,1,25.7,0,0.00,9.29,26.69,0.9223,50.59,0.502,22,117020,0.571,1,1.1,"-3.97,0.30,8.39","20.2,-16.0,6.9","84.300,-16.050,24.000",0.72,1.33,0.00,0,9739,8360,8,1.26,37.496943,126.957252,4428,64,228,3,-1.00,0.00,999.00,0.0,0,39,0,1,-96,-88.7,8360,681,1,12.00,1,0,6.98,-1.35,0
12:34:28,14.663,1009094,1009093,0,0,1,37.496944,126.957252,0.58,2.0,1,2.0,1,23.0,0,0.40,9.57,9.57,0.9249,50.59,0.502,22,117031,0.586,1,1.6,"-3.87,-0.66,8.72","-3.3,6.3,-6.4","85.050,-15.300,24.750",0.84,0.89,0.00,0,9740,8360,8,1.26,37.496944,126.957252,4429,64,228,3,-1.00,0.00,999.00,0.0,0,39,0,1,-96,-88.7,8360,784,1,12.00,1,0,6.98,-1.35,0
12:34:29,15.686,1009201,1009200,0,0,1,37.496944,126.957252,0.58,2.0,1,2.0,1,23.1,0,-2.52,9.61,32.01,0.9109,50.59,0.502,22,117044,0.586,1,1.6,"-4.30,-0.28,8.59","10.1,28.3,11.0","86.850,-14.700,22.200",0.13,0.91,0.00,0,9741,8360,8,1.26,37.496944,126.957252,4429,64,228,3,-1.00,0.00,999.00,0.0,0,39,0,1,-96,-88.7,8360,891,1,12.00,1,0,6.98,-1.35,0
12:34:30,16.848,1010261,1010260,0,0,1,37.496948,126.957247,0.50,2.8,1,2.8,1,2.2,0,-9.08,10.21,17.34,0.9663,28.59,2.303,22,117171,0.489,1,2.0,"-3.02,-0.06,9.75","6.3,6.1,15.0","77.700,-6.000,23.400",0.94,1.11,0.00,0,9751,8362,7,1.26,37.496947,126.957246,4434,64,228,3,-1.00,0.00,999.00,0.0,0,39,0,1,-87,-88.8,8362,281,1,12.00,1,0,6.98,-1.35,0
12:34:31,17.212,1011416,1011415,0,0,1,37.496949,126.957241,0.41,354.8,1,354.8,1,351.4,0,0.00,9.64,26.84,0.9452,28.59,2.303,22,117310,0.406,1,353.3,"-3.53,0.06,8.97","14.6,21.3,7.3","76.200,-4.500,22.950",0.77,0.97,0.00,0,9762,8362,9,1.26,37.496949,126.957237,4440,64,228,3,-1.00,0.00,999.00,0.0,0,39,0,1,-87,-88.8,8362,1436,1,12.00,1,0,6.98,-1.35,0
12:34:32,18.748,1011631,1011630,0,0,1,37.496949,126.957241,0.42,354.3,1,354.3,1,353.3,0,11.06,9.40,25.62,0.9106,28.59,2.303,22,117336,0.427,1,353.3,"-4.26,0.08,8.38","16.3,-17.3,-9.5","75.150,-1.950,21.750",0.63,1.03,0.00,0,9764,8363,9,1.26,37.496950,126.957236,4441,64,228,3,-1.00,0.00,999.00,0.0,0,39,0,1,-89,-88.8,8363,176,1,12.00,1,0,6.98,-1.35,0
12:34:33,19.438,1013214,1013213,0,0,1,37.496958,126.957230,0.47,3.7,1,3.7,1,352.4,0,-12.49,9.42,16.94,0.9013,28.59,2.303,22,117525,0.478,1,10.5,"-4.39,1.18,8.25","0.7,-0.0,16.9","71.550,6.750,17.400",0.80,1.08,0.00,0,9779,8365,6,1.40,37.496958,126.957230,4449,64,228,3,-1.00,0.00,999.00,0.0,0,39,0,1,-93,-90.0,8365,600,1,12.00,1,0,6.98,-1.35,0
12:34:34,20.790,1013963,1013962,0,0,1,37.496961,126.957228,0.46,7.4,1,7.4,1,358.7,0,16.54,9.29,28.08,0.8524,28.59,2.303,22,117616,0.453,1,4.4,"-5.20,0.07,7.70","-4.7,-7.5,-26.6","70.950,4.200,21.750",0.87,1.73,0.00,0,9786,8366,8,1.40,37.496961,126.957226,4453,64,228,3,-1.00,0.00,999.00,0.0,0,39,0,1,-90,-90.0,8366,399,1,12.00,1,0,6.98,-1.35,0
12:34:36,22.141,1015337,1015336,0,0,1,37.496970,126.957222,0.56,359.4,1,359.4,1,350.2,0,0.17,9.06,32.79,0.8327,28.59,2.303,22,117780,0.566,1,358.8,"-5.35,0.09,7.32","27.0,-13.4,12.9","64.800,14.100,28.050",1.02,1.02,0.00,0,9799,8367,8,1.44,37.496970,126.957222,4460,64,228,3,-1.00,0.00,999.00,0.0,0,39,0,1,-92,-90.4,8367,1143,1,12.00,1,0,6.98,-1.35,0
12:34:37,23.768,1016613,1016612,0,0,1,37.496980,126.957222,0.63,6.6,1,6.6,1,3.4,0,68.99,9.33,72.98,0.8516,28.59,2.303,22,117934,0.638,1,7.4,"-5.93,1.97,6.93","38.8,-3.2,-61.7","80.700,22.950,24.900",1.59,1.68,0.00,0,9811,8367,8,1.44,37.496979,126.957221,4466,64,228,3,-1.00,0.00,999.00,0.0,0,39,0,1,-92,-90.4,8367,2419,1,12.00,1,0,6.98,-1.35,0
12:34:38,24.163,1018314,1018313,0,0,1,37.496989,126.957215,0.57,356.2,1,356.2,1,359.4,0,-5.11,10.17,36.34,0.8700,28.59,2.303,22,118135,0.556,1,351.1,"-5.38,1.00,8.57","-31.0,12.1,-14.6","89.250,14.100,20.250",0.69,1.65,0.00,0,9827,8369,8,1.44,37.496989,126.957215,4475,64,228,3,-1.00,0.00,999.00,0.0,0,39,0,1,-92,-91.3,8369,428,1,12.00,1,0,6.98,-1.35,0
12:34:39,25.083,1018742,1018741,0,0,1,37.496990,126.957213,0.51,353.3,1,353.3,1,359.1,0,10.12,9.63,29.95,0.8527,28.59,2.303,22,118187,0.484,1,351.1,"-5.38,0.81,7.95","29.4,5.4,1.5","85.350,17.100,21.900",0.39,0.64,0.00,0,9831,8369,8,1.33,37.496990,126.957213,4477,64,228,3,-1.00,0.00,999.00,0.0,0,39,0,1,-92,-91.3,8369,856,1,12.00,1,0,6.98,-1.35,0
12:34:39,25.548,1019587,1019586,0,0,1,37.496990,126.957213,0.24,352.5,0,352.5,1,5.9,0,-0.51,9.24,24.51,0.9251,28.59,2.303,22,118287,0.154,1,351.1,"-3.30,2.37,8.30","19.0,2.4,15.3","84.750,20.400,14.550",2.11,2.11,0.00,0,9839,8369,8,1.33,37.496989,126.957213,4481,64,228,3,-1.00,0.00,999.00,0.0,0,39,0,1,-92,-91.3,8369,1701,1,12.00,1,0,6.98,-1.35,0
12:34:40,26.137,1020118,1020117,0,0,1,37.496990,126.957213,0.10,352.5,0,352.5,1,5.0,0,-14.89,9.29,39.15,0.8487,28.59,2.303,22,118350,0.108,1,351.1,"-5.26,0.69,7.63","-36.6,-13.9,-0.2","87.150,17.400,15.900",1.17,1.17,0.00,0,9844,8369,6,1.54,37.496987,126.957213,4484,64,228,3,-1.00,0.00,999.00,0.0,0,39,0,1,-92,-91.3,8369,2232,1,12.00,1,0,6.98,-1.35,0
12:34:40,26.908,1020653,1020652,0,0,1,37.496986,126.957212,0.32,352.5,0,352.1,1,1.9,0,-1.05,9.41,58.49,0.9321,35.08,2.670,22,118415,0.453,1,351.1,"-4.49,3.39,7.54","49.7,16.4,26.1","83.550,17.700,21.750",2.51,2.51,0.00,0,9849,8369,7,1.54,37.496983,126.957211,4486,64,228,3,-1.00,0.00,999.00,0.0,0,39,0,1,-92,-91.3,8369,2767,1,12.00,1,0,6.98,-1.35,0
12:34:44,30.139,1021398,1021397,0,0,1,37.496970,126.957201,1.14,228.9,1,228.9,1,356.1,0,0.00,8.19,43.24,0.8339,35.08,2.670,22,118504,1.374,1,189.8,"-2.60,4.22,6.52","37.9,18.6,9.2","73.350,22.050,19.800",2.88,3.44,0.00,0,9856,8372,8,1.54,37.496969,126.957201,4490,64,228,3,-1.00,0.00,999.00,0.0,0,39,0,1,-90,-90.6,8372,21,1,12.00,1,0,6.98,-1.35,0
12:34:44,30.831,1024652,1024651,0,0,1,37.496903,126.957179,2.56,188.3,1,188.3,1,12.9,1,20.08,7.92,70.69,0.8892,48.71,2.296,22,118883,2.639,1,187.4,"-0.98,2.51,7.45","20.7,58.1,-34.6","67.500,20.400,39.000",2.68,4.53,0.00,0,9887,8381,8,1.44,37.496907,126.957180,4506,64,228,3,-1.00,0.00,999.00,0.0,0,39,0,1,-83,-86.3,8381,215,1,12.00,1,0,6.98,-1.35,0
12:34:45,31.694,1025387,1025386,0,0,1,37.496886,126.957178,2.71,186.1,1,186.1,1,6.1,1,-5.63,10.56,41.23,0.7930,48.71,2.296,22,118964,2.763,1,185.5,"-4.63,5.22,7.92","34.9,8.3,20.4","71.550,13.950,34.650",2.85,4.32,0.00,0,9894,8386,8,1.44,37.496888,126.957179,4510,64,228,3,-1.00,0.00,999.00,0.0,0,39,0,1,-81,-84.1,8386,105,1,12.00,1,0,6.98,-1.35,0
12:34:46,32.451,1025899,1025898,0,0,1,37.496873,126.957178,2.83,185.2,1,185.2,1,10.5,1,20.40,9.65,49.59,0.9450,48.71,2.296,22,119024,2.876,1,184.6,"-0.66,3.76,8.86","1.0,34.2,-35.9","77.850,20.850,34.500",3.91,4.90,0.00,0,9899,8389,8,1.44,37.496873,126.957178,4513,64,228,3,-1.00,0.00,999.00,0.0,0,39,0,1,-81,-82.7,8389,83,1,12.00,1,0,6.98,-1.35,0
12:34:46,32.943,1027028,1027027,0,0,1,37.496845,126.957175,2.85,185.6,1,185.6,1,359.7,1,40.92,10.13,68.95,0.7497,47.97,2.811,22,119157,2.824,1,186.1,"-6.58,-0.76,7.66","33.7,-56.2,-21.3","78.450,39.450,45.150",3.53,6.16,0.00,0,9910,8397,9,1.29,37.496849,126.957176,4518,64,228,3,-1.00,0.00,999.00,0.0,0,39,0,1,-74,-78.0,8397,64,1,12.00,1,0,6.98,-1.35,0
12:34:47,33.361,1027128,1027127,0,0,1,37.496843,126.957175,2.84,185.8,1,185.8,1,4.7,1,27.11,12.48,54.00,0.7497,47.97,2.811,22,119166,2.819,1,186.3,"-2.68,5.27,10.99","-22.0,-29.4,-39.6","74.400,41.250,48.300",4.49,4.57,0.00,0,9911,8398,9,1.29,37.496845,126.957176,4519,64,228,3,-1.00,0.00,999.00,0.0,0,39,0,1,-71,-76.6,8398,59,1,10.71,1,0,6.98,-1.35,0
12:34:47,33.437,1027730,1027729,0,0,1,37.496828,126.957175,2.86,185.2,1,185.2,1,3.9,1,57.04,15.03,77.23,0.7951,47.97,2.811,22,119238,2.922,1,184.4,"-8.49,3.62,11.86","30.0,-55.9,-44.1","64.650,40.650,52.200",5.89,6.84,0.00,0,9917,8404,8,1.29,37.496829,126.957175,4522,64,228,3,-1.00,0.00,999.00,0.0,0,39,0,1,-63,-69.4,8404,28,1,5.40,1,0,6.98,-1.35,0
12:34:47,33.545,1027830,1027829,0,0,1,37.496826,126.957174,2.86,185.2,1,185.2,1,5.9,1,0.00,9.29,39.19,0.9597,47.97,2.811,22,119250,2.922,1,184.4,"-1.32,2.88,8.73","-35.1,-5.7,-16.6","60.150,37.950,52.200",3.12,5.76,0.00,0,9918,8405,8,1.29,37.496829,126.957175,4522,64,228,3,-1.00,0.00,999.00,0.0,0,39,0,1,-70,-69.5,8405,21,1,5.46,1,0,6.98,-1.35,0
12:34:47,33.693,1028032,1028032,0,0,1,37.496820,126.957174,2.90,184.9,1,184.9,1,1.2,1,-62.33,15.73,79.44,0.8252,47.97,2.811,22,119274,2.937,1,184.5,"-8.32,6.01,11.91","-30.6,-24.2,69.2","43.650,34.350,46.650",6.45,7.27,0.00,0,9920,8407,9,1.29,37.496824,126.957174,4523,64,228,3,-1.00,0.00,999.00,0.0,0,39,0,1,-70,-69.7,8407,13,1,5.54,1,0,6.98,-1.35,0
12:34:47,33.733,1028137,1028137,0,0,1,37.496818,126.957173,2.90,184.9,1,184.9,1,355.9,1,-52.07,10.04,64.42,0.8252,47.97,2.811,22,119285,2.901,1,184.8,"-4.20,1.23,9.04","-51.3,24.1,30.6","37.950,24.900,43.950",2.01,4.87,0.00,0,9921,8408,9,1.29,37.496819,126.957173,4524,64,228,3,-1.00,0.00,999.00,0.0,0,39,0,1,-66,-69.0,8408,12,1,5.17,1,0,6.98,-1.35,0
12:34:47,33.785,1028245,1028245,0,0,1,37.496815,126.957173,2.90,184.9,1,184.9,1,353.4,1,3.85,5.74,70.56,0.8252,47.97,2.811,22,119298,2.901,1,184.8,"-2.99,-2.38,4.29","39.1,58.5,-4.7","43.350,19.350,41.400",5.80,8.10,0.00,0,9922,8409,9,1.29,37.496819,126.957173,4524,64,228,3,-1.00,0.00,999.00,0.0,0,39,0,1,-74,-70.0,8409,15,1,5.69,1,0,6.98,-1.35,0
12:34:48,34.129,1028346,1028345,0,0,1,37.496812,126.957172,2.94,184.9,1,184.9,1,359.6,1,63.49,12.14,97.50,0.8252,47.97,2.811,22,119310,2.989,1,184.9,"-7.12,1.37,9.73","43.4,-77.1,-41.0","49.650,20.850,35.550",3.43,5.50,0.00,0,9923,8410,9,1.29,37.496814,126.957172,4525,64,228,3,-1.00,0.00,999.00,0.0,0,39,0,1,-70,-70.0,8410,11,1,5.69,1,0,6.98,-1.35,0
12:34:48,34.395,1028668,1028655,0,0,1,37.496804,126.957171,2.98,185.2,1,185.2,1,3.3,1,-67.02,15.39,80.28,0.7712,44.79,1.879,22,119346,3.020,1,185.7,"-7.16,7.58,11.31","-26.1,-17.6,73.8","56.100,20.850,36.000",6.64,6.64,0.00,0,9926,8413,9,1.29,37.496808,126.957171,4526,64,228,3,-1.00,0.00,999.00,0.0,0,39,0,1,-68,-70.1,8413,16,1,5.78,1,0,6.98,-1.35,0
12:34:48,34.561,1028771,1028758,0,0,1,37.496801,126.957171,2.96,185.3,1,185.3,1,357.0,1,-47.93,12.56,57.75,0.7712,44.79,1.879,22,119357,2.937,1,185.5,"-4.83,2.28,11.37","-38.6,-6.5,42.5","48.600,16.650,39.900",2.53,7.48,0.00,0,9927,8414,9,1.29,37.496804,126.957172,4527,64,228,3,-1.00,0.00,999.00,0.0,0,39,0,1,-70,-70.1,8414,14,1,5.76,1,0,6.98,-1.35,0
12:34:48,34.828,1029069,1029068,0,0,1,37.496793,126.957170,3.00,185.0,1,185.0,1,3.7,1,37.59,12.89,66.56,0.9538,44.79,1.879,22,119393,3.035,1,184.6,"-2.55,5.09,11.56","-25.5,-33.8,-51.4","52.650,27.150,33.300",4.40,7.89,0.00,0,9930,8416,9,1.07,37.496798,126.957172,4528,64,228,3,-1.00,0.00,999.00,0.0,0,39,0,1,-68,-69.0,8416,94,1,5.20,1,0,6.98,-1.35,0
12:34:49,35.046,1029378,1029377,0,0,1,37.496785,126.957172,3.04,183.7,1,183.7,1,354.9,1,-81.70,13.40,84.12,0.9446,44.79,1.879,22,119427,3.040,1,182.3,"-4.86,6.57,10.62","-25.7,31.3,73.7","42.150,26.850,34.950",3.90,6.28,0.00,0,9933,8419,9,1.29,37.496788,126.957174,4530,64,228,3,15.36,0.41,0.70,-100.4,0,39,0,1,-78,-71.1,8419,94,2,6.35,1,0,6.98,-1.35,0
12:34:49,35.395,1029580,1029579,0,0,1,37.496780,126.957173,3.04,182.9,1,182.9,1,352.8,1,21.91,9.30,39.23,0.7335,44.79,1.879,22,119451,3.035,1,181.4,"-6.57,-0.46,6.56","34.1,-17.5,-8.2","52.500,24.600,33.150",3.97,5.87,0.00,0,9935,8421,8,1.29,37.496783,126.957174,4531,64,228,3,14.81,0.29,0.46,-103.1,0,39,0,1,-75,-71.9,8421,84,2,6.83,1,0,6.98,-1.35,0
12:34:49,35.586,1029882,1029881,0,0,1,37.496772,126.957174,3.05,181.5,1,181.5,1,0.5,1,-11.01,6.07,50.83,0.7335,44.79,1.879,22,119487,3.035,1,180.2,"-0.96,2.43,5.48","33.5,-19.1,33.1","50.700,24.000,31.800",3.67,4.54,0.00,0,9938,8424,8,1.29,37.496772,126.957175,4533,64,228,3,14.44,0.06,999.00,-107.8,0,39,0,1,-67,-69.5,8424,64,2,5.44,1,0,6.98,-1.35,0
12:34:49,35.662,1029982,1029981,0,0,1,37.496769,126.957174,3.05,181.5,1,181.5,1,354.3,1,-112.89,16.90,127.93,0.7335,44.79,1.879,22,119499,3.035,1,180.2,"-7.12,9.62,11.92","-14.9,-1.4,127.1","44.100,28.500,29.400",8.05,8.31,0.00,0,9939,8425,8,1.29,37.496772,126.957175,4533,64,228,3,14.56,0.03,999.00,-108.8,0,39,0,1,-67,-69.0,8425,61,2,5.19,1,0,6.98,-1.35,0
12:34:50,36.012,1030190,1030189,0,0,1,37.496763,126.957174,3.04,181.1,1,181.1,1,345.2,1,-35.17,7.00,72.67,0.7335,44.79,1.879,22,119521,3.030,1,180.4,"-3.60,-4.14,4.36","38.6,40.3,46.5","36.750,18.300,30.900",7.92,8.83,0.00,0,9941,8427,8,1.29,37.496767,126.957174,4534,64,228,3,14.69,-0.03,999.00,-110.0,0,39,0,1,-64,-67.7,8427,59,2,4.57,1,0,6.98,-1.35,0
12:34:50,36.247,1030492,1030491,0,0,1,37.496756,126.957175,3.01,180.3,1,180.3,1,353.8,1,17.84,8.83,63.54,0.7926,44.79,1.879,22,119557,2.958,1,179.7,"-2.93,4.02,7.29","-26.5,29.4,-49.7","39.600,21.150,23.550",1.20,5.07,0.00,0,9944,8430,9,1.29,37.496757,126.957176,4536,64,228,3,14.37,-0.21,999.00,-113.6,0,39,0,1,-66,-66.6,8430,45,2,4.12,1,0,6.98,-1.35,0
12:34:50,36.288,1030592,1030591,0,0,1,37.496753,126.957175,3.01,180.3,1,180.3,1,350.8,1,-60.44,10.59,94.79,0.8679,44.79,1.879,22,119569,2.958,1,179.7,"-5.10,5.12,7.74","-3.1,-34.2,88.3","37.950,19.050,24.900",2.28,2.28,0.00,0,9945,8431,9,1.29,37.496757,126.957176,4536,64,228,3,14.72,-0.32,999.00,-116.3,0,39,0,1,-65,-66.3,8431,40,2,4.00,1,0,6.98,-1.35,0
12:34:50,36.378,1030694,1030693,0,0,1,37.496751,126.957175,2.93,180.6,1,180.6,1,345.5,1,-53.35,13.11,72.17,0.8679,44.79,1.879,22,119581,2.855,1,181.0,"-3.90,5.38,11.31","-39.5,-17.5,57.8","25.200,14.550,26.550",3.20,7.40,0.00,0,9946,8432,9,1.29,37.496752,126.957174,4537,64,228,3,14.91,-0.39,999.00,-117.8,0,39,0,1,-66,-66.2,8432,37,2,3.98,1,0,6.98,-1.35,0
12:34:50,36.677,1030897,1030896,0,0,1,37.496746,126.957174,2.97,181.0,1,181.0,1,343.1,1,30.10,8.03,37.73,0.6862,44.79,1.879,22,119604,3.015,1,181.7,"-5.43,-2.41,5.39","26.9,-15.9,-21.1","32.850,10.500,26.550",5.84,7.21,0.00,0,9948,8434,9,1.29,37.496746,126.957173,4538,64,228,3,15.11,-0.48,999.00,-119.8,0,39,0,1,-59,-64.1,8434,26,3,3.25,1,0,6.98,-1.35,0
12:34:50,36.896,1031217,1031216,0,0,1,37.496737,126.957173,3.01,181.4,1,181.4,1,351.7,1,-48.26,8.94,81.83,0.8813,44.79,1.879,22,119639,3.040,1,182.1,"-2.90,5.20,6.67","19.6,-24.4,75.6","38.700,12.750,21.150",2.84,3.57,0.00,0,9951,8437,9,1.29,37.496741,126.957173,4539,64,228,3,15.20,-0.81,999.00,-125.7,0,39,0,1,-60,-61.8,8437,31,3,2.62,1,0,6.98,-1.35,0
12:34:50,36.946,1031317,1031316,0,0,1,37.496735,126.957174,2.93,181.6,1,181.6,1,345.0,1,-95.43,15.12,131.90,0.8813,44.79,1.879,22,119651,2.845,1,182.1,"-7.45,5.44,11.99","-7.4,-35.6,126.8","28.650,10.950,21.750",5.20,5.38,0.00,0,9952,8438,9,1.29,37.496737,126.957174,4540,64,228,3,15.44,-0.82,999.00,-127.2,0,39,0,1,-60,-61.4,8438,27,3,2.53,1,0,6.98,-1.35,0
12:34:51,37.043,1031417,1031416,0,0,1,37.496733,126.957174,2.93,181.6,1,181.6,1,340.3,1,-22.38,10.20,80.46,0.8813,44.79,1.879,22,119663,2.845,1,182.1,"-4.83,0.37,8.98","-40.8,67.1,-17.4","25.650,8.400,24.150",3.42,3.84,0.00,0,9953,8439,9,1.29,37.496737,126.957174,4540,64,228,3,15.44,-0.82,999.00,-127.2,0,39,0,1,-63,-61.8,8439,21,3,2.60,1,0,6.98,-1.35,0
12:34:51,37.184,1031518,1031518,0,0,1,37.496731,126.957176,2.90,181.3,1,181.3,1,342.5,1,0.00,6.19,64.87,0.8813,44.79,1.879,22,119675,2.865,1,180.6,"-2.33,-3.67,4.41","48.4,42.6,7.5","30.150,7.350,24.000",7.14,8.74,0.00,0,9954,8440,9,1.29,37.496732,126.957178,4541,64,228,3,15.69,-0.85,999.00,-128.1,0,39,0,1,-61,-61.6,8440,17,3,2.57,1,0,6.98,-1.35,0
12:34:51,37.379,1031731,1031718,0,0,1,37.496726,126.957178,2.90,180.3,1,180.3,1,353.0,1,27.57,13.08,76.27,0.7662,44.79,1.879,22,119699,2.907,1,178.6,"-3.85,5.57,11.19","-36.8,24.0,-62.3","32.400,9.750,20.250",4.10,7.14,0.00,0,9956,8442,9,1.29,37.496727,126.957181,4542,64,228,3,15.42,-0.93,999.00,-129.9,0,39,0,1,-60,-61.0,8442,19,3,2.43,1,0,6.98,-1.35,0
12:34:51,37.432,1031835,1031822,0,0,1,37.496723,126.957179,2.90,180.3,1,180.3,1,353.1,1,-4.29,8.76,13.02,0.8348,44.79,1.879,22,119710,2.907,1,178.6,"-2.69,4.56,6.98","-9.5,-7.1,5.5","35.700,9.900,22.650",2.53,2.69,0.00,0,9957,8443,9,1.29,37.496727,126.957181,4542,64,228,3,15.70,-0.99,999.00,-131.1,0,39,0,1,-61,-61.0,8443,17,3,2.43,1,0,6.98,-1.35,0
12:34:51,37.613,1031938,1031925,0,0,1,37.496721,126.957182,2.83,178.9,1,178.9,1,350.1,1,-84.79,9.94,106.73,0.8348,44.79,1.879,22,119721,2.763,1,176.3,"-3.39,4.06,8.41","-20.1,-24.1,102.0","31.050,8.850,21.150",0.91,3.29,0.00,0,9958,8444,9,1.29,37.496724,126.957184,4543,64,228,3,15.19,-0.95,999.00,-131.4,0,39,0,1,-61,-61.0,8444,14,3,2.43,1,0,6.98,-1.35,0
12:34:51,37.749,1032135,1032134,0,0,1,37.496717,126.957185,2.78,177.1,1,177.1,1,341.5,1,-2.49,7.09,40.02,0.8107,44.79,1.879,22,119743,2.737,1,173.8,"-2.64,-3.12,5.80","8.0,39.0,-4.0","25.200,0.300,24.300",6.92,6.92,0.00,0,9960,8445,9,1.29,37.496719,126.957187,4544,64,228,3,15.48,-1.00,999.00,-132.5,0,39,0,1,-67,-62.2,8445,105,3,2.72,1,0,6.98,-1.35,0
12:34:51,37.909,1032235,1032234,0,0,1,37.496715,126.957186,2.78,177.1,1,177.1,1,342.1,1,38.45,9.57,58.24,0.8107,44.79,1.879,22,119755,2.737,1,173.8,"-6.87,-0.82,6.61","53.4,-16.1,-16.7","28.200,2.700,24.300",4.01,7.03,0.00,0,9961,8446,9,1.29,37.496719,126.957187,4544,64,228,3,16.08,-1.05,999.00,-132.9,0,39,0,1,-68,-63.4,8446,99,3,3.04,1,0,6.98,-1.35,0
12:34:52,37.965,1032336,1032335,0,0,1,37.496712,126.957190,2.83,174.8,1,174.8,1,349.3,1,49.81,13.17,60.58,0.8107,44.79,1.879,22,119767,2.881,1,170.4,"-4.13,4.80,11.55","1.8,-21.1,-56.7","27.000,5.850,20.550",4.11,5.40,0.00,0,9962,8447,9,1.29,37.496714,126.957193,4545,64,228,3,15.62,-1.14,999.00,-134.7,0,39,0,1,-66,-63.9,8447,95,3,3.19,1,0,6.98,-1.35,0
12:34:52,38.059,1032436,1032435,0,0,1,37.496710,126.957190,2.83,174.8,1,174.8,1,351.5,1,16.55,8.50,52.66,0.8107,44.79,1.879,22,119779,2.881,1,170.4,"-1.83,3.44,7.56","15.5,42.2,-27.4","30.750,6.750,19.950",2.89,3.60,0.00,0,9963,8448,9,1.29,37.496714,126.957193,4545,64,228,3,15.50,-1.25,999.00,-135.3,0,39,0,1,-60,-63.1,8448,90,3,2.96,1,0,6.98,-1.35,0
12:34:52,38.178,1032537,1032536,0,0,1,37.496708,126.957195,2.81,172.0,1,172.0,1,350.6,1,-38.17,8.85,62.81,0.7058,44.79,1.879,22,119791,2.793,1,166.7,"-2.27,6.34,5.75","5.0,-23.6,58.0","32.550,7.950,20.400",4.28,5.21,0.00,0,9964,8449,9,1.29,37.496711,126.957199,4546,64,228,3,15.83,-1.29,999.00,-136.2,0,39,0,1,-59,-62.3,8449,85,3,2.74,1,0,6.98,-1.35,0
12:34:52,38.300,1032637,1032636,0,0,1,37.496706,126.957196,2.81,172.0,1,172.0,1,345.3,1,-68.77,13.17,97.56,0.7058,44.79,1.879,22,119803,2.793,1,166.7,"-6.66,4.73,10.33","-42.8,-34.8,80.5","24.000,4.650,20.550",3.31,6.39,0.00,0,9965,8450,9,1.29,37.496711,126.957199,4546,64,228,3,15.41,-1.29,999.00,-135.4,0,39,0,1,-59,-61.6,8450,81,3,2.57,1,0,6.98,-1.35,0
12:34:52,38.413,1032738,1032737,0,0,1,37.496705,126.957200,2.76,169.1,1,169.1,1,337.8,1,-66.46,8.58,87.51,0.7058,44.79,1.879,22,119815,2.716,1,163.9,"-3.20,0.45,7.95","-56.8,60.6,27.7","18.900,-0.150,22.200",3.56,3.56,0.00,0,9966,8451,9,1.29,37.496707,126.957203,4547,64,228,3,15.76,-1.35,999.00,-136.3,0,39,0,1,-58,-60.9,8451,75,3,2.40,1,0,6.98,-1.35,0
12:34:52,38.495,1032939,1032938,0,0,1,37.496701,126.957206,2.78,166.0,1,166.0,1,341.4,1,90.40,13.84,121.35,0.7058,44.79,1.879,22,119839,2.804,1,160.3,"-9.36,1.67,10.06","76.7,-79.1,-50.8","26.700,-1.950,21.750",5.05,5.78,0.00,0,9968,8453,9,1.29,37.496703,126.957208,4548,64,228,3,15.73,-1.27,999.00,-133.3,0,39,0,1,-80,-64.9,8453,66,3,3.51,1,0,6.98,-1.35,0
12:34:52,38.627,1033040,1033039,0,0,1,37.496698,126.957207,2.78,166.0,1,166.0,1,348.9,1,16.45,11.38,33.98,0.8916,44.79,1.879,22,119851,2.804,1,160.3,"-2.67,5.15,9.79","0.4,18.6,-28.4","25.200,6.600,19.800",3.79,6.12,0.00,0,9969,8454,9,1.29,37.496703,126.957208,4548,64,228,3,15.37,-1.37,999.00,-135.4,0,39,0,1,-60,-63.9,8454,59,3,3.20,1,0,6.98,-1.35,0
12:34:52,38.719,1033145,1033144,0,0,1,37.496697,126.957212,2.77,162.9,1,162.9,1,349.8,1,4.88,7.73,26.91,0.7724,44.79,1.879,22,119862,2.752,1,156.9,"-1.47,5.05,5.66","23.5,-11.8,5.7","28.650,7.350,20.550",4.62,4.62,0.00,0,9970,8455,9,1.29,37.496699,126.957214,4549,64,228,3,15.42,-1.48,999.00,-135.2,0,39,0,1,-55,-62.1,8455,62,3,2.70,1,0,6.98,-1.35,0
12:34:52,38.876,1033246,1033245,0,0,1,37.496694,126.957213,2.77,162.9,1,162.9,1,346.8,1,-77.66,10.32,105.77,0.7550,44.79,1.879,22,119874,2.752,1,156.9,"-4.39,6.20,6.99","5.2,-14.3,104.7","23.250,5.850,17.250",3.02,4.48,0.00,0,9971,8456,9,1.29,37.496699,126.957214,4549,64,228,3,15.42,-1.49,999.00,-135.2,0,39,0,1,-58,-61.3,8456,44,3,2.50,1,0,6.98,-1.35,0
12:34:52,38.924,1033347,1033346,0,0,1,37.496694,126.957217,2.68,159.6,1,159.6,1,339.1,1,-52.44,13.40,73.19,0.7550,44.79,1.879,22,119886,2.583,1,153.5,"-5.32,6.21,10.62","-55.9,-14.9,44.9","16.950,0.900,18.450",3.20,6.22,0.00,0,9972,8457,9,1.29,37.496696,126.957218,4550,64,228,3,15.79,-1.35,999.00,-132.6,0,39,0,1,-62,-61.4,8457,49,3,2.53,1,0,6.98,-1.35,0
12:34:53,39.030,1033448,1033447,0,0,1,37.496691,126.957219,2.68,159.6,1,159.6,1,335.7,1,-26.58,7.61,84.72,0.7550,44.79,1.879,22,119898,2.583,1,153.5,"-3.55,-2.57,6.22","11.1,83.7,6.5","17.550,-3.900,21.300",6.25,6.25,0.00,0,9973,8458,9,1.29,37.496696,126.957218,4550,64,228,3,15.50,-1.46,999.00,-134.8,0,39,0,1,-69,-63.0,8458,40,3,2.92,1,0,6.98,-1.35,0
12:34:53,39.296,1033549,1033548,0,0,1,37.496690,126.957223,2.67,156.4,1,156.4,1,334.6,1,25.97,8.78,57.56,0.7353,44.79,1.879,22,119910,2.660,1,150.6,"-5.69,-1.15,6.59","46.7,-33.7,0.6","21.000,-3.450,22.500",3.77,5.98,0.00,0,9974,8459,9,1.29,37.496693,126.957223,4551,64,228,3,15.50,-1.36,999.00,-131.7,0,39,0,1,-57,-61.8,8459,46,3,2.61,1,0,6.98,-1.35,0
12:34:53,39.478,1033750,1033749,0,0,1,37.496687,126.957229,2.67,153.1,1,153.1,1,339.5,1,-18.16,8.29,31.25,0.9334,44.79,1.879,22,119934,2.670,1,146.9,"-3.24,1.09,7.56","-27.9,13.3,4.8","19.650,-0.900,19.650",2.38,7.34,0.00,0,9976,8461,9,1.29,37.496689,126.957230,4552,64,228,3,15.38,-1.62,999.00,-133.6,0,39,0,1,-56,-60.3,8461,34,3,2.27,1,0,6.98,-1.35,0
12:34:53,39.519,1033852,1033851,0,0,1,37.496685,126.957231,2.67,153.1,1,153.1,1,339.5,1,0.00,8.26,36.03,0.7789,44.79,1.879,22,119946,2.670,1,146.9,"-2.08,5.17,6.10","23.0,-18.5,20.7","21.000,0.300,19.050",3.42,3.45,0.00,0,9977,8462,9,1.29,37.496689,126.957230,4552,64,228,3,15.78,-1.64,999.00,-134.1,0,39,0,1,-58,-59.9,8462,30,3,2.17,1,0,6.98,-1.35,0
12:34:53,39.838,1033952,1033951,0,0,1,37.496684,126.957234,2.66,150.1,1,150.1,1,334.6,1,-78.02,15.00,107.03,0.7537,44.79,1.879,22,119958,2.644,1,144.5,"-5.21,8.36,11.32","-21.3,-29.9,100.5","15.600,-3.150,16.800",5.67,5.70,0.00,0,9978,8463,9,1.29,37.496686,126.957235,4553,64,228,3,15.58,-1.65,999.00,-133.4,0,39,0,1,-57,-59.3,8463,26,3,2.06,1,0,6.98,-1.35,0
12:34:54,40.866,1034359,1034358,0,0,1,37.496677,126.957244,2.63,145.7,1,145.7,1,301.5,1,-36.15,10.65,71.01,0.7537,44.79,1.879,22,120005,2.629,1,141.9,"-3.54,0.57,10.03","4.5,64.9,28.6","14.100,-26.700,24.300",3.11,3.80,0.00,0,9982,8467,9,1.29,37.496679,126.957244,4555,64,228,3,16.07,-1.92,999.00,-134.5,0,39,0,1,-45,-54.9,8467,10,3,1.36,1,0,6.98,-1.35,0
12:34:55,41.377,1035383,1035382,0,0,1,37.496676,126.957263,1.50,127.2,1,127.2,1,9.4,1,158.67,9.70,173.17,0.8596,44.79,1.879,22,120119,1.240,1,121.4,"-4.54,2.78,8.11","41.7,-41.5,-162.9","23.400,14.700,4.950",1.11,1.55,0.00,0,9992,8476,9,1.29,37.496678,126.957260,4560,64,228,3,15.45,-0.76,999.00,-120.6,0,39,0,1,-56,-50.7,8476,85,4,0.91,1,0,6.98,-1.35,0
12:34:55,41.712,1035785,1035784,0,0,1,37.496675,126.957266,1.22,123.2,1,123.2,1,65.4,1,140.67,9.44,146.35,0.8596,44.79,1.879,22,120167,1.091,1,119.8,"-4.40,3.24,7.70","70.6,-67.2,-109.2","71.700,9.000,-6.000",0.80,2.16,0.00,0,9996,8480,8,1.29,37.496677,126.957264,4562,64,228,3,15.38,-0.59,999.00,-119.0,0,39,0,1,-61,-53.4,8480,63,4,1.18,1,0,6.98,-1.35,0
12:34:55,41.911,1036191,1036190,0,0,1,37.496675,126.957268,1.00,121.7,1,121.7,1,117.1,0,79.94,10.52,84.80,0.8596,44.79,1.879,22,120214,0.875,1,120.4,"-5.23,3.75,8.32","36.8,-25.7,-71.9","84.900,-18.600,-4.200",0.71,2.23,0.00,0,10000,8484,8,1.54,37.496676,126.957266,4564,64,228,3,15.77,-0.50,999.00,-120.1,0,39,0,1,-52,-53.5,8484,46,4,1.19,1,0,6.98,-1.35,0
12:34:56,42.011,1036393,1036392,0,0,1,37.496674,126.957268,0.82,122.3,1,122.3,1,126.1,0,41.40,9.05,50.89,0.8447,44.79,1.879,22,120238,0.653,1,123.4,"-4.01,2.87,7.59","30.9,5.5,-40.1","86.250,-25.200,-4.050",1.50,1.50,0.00,0,10002,8486,7,1.54,37.496675,126.957265,4565,64,228,3,15.77,-0.42,999.00,-120.7,0,39,0,1,-54,-53.5,8486,19,4,1.19,1,0,6.98,-1.35,0
12:34:56,42.162,1036594,1036593,0,0,1,37.496674,126.957268,0.61,122.3,1,122.3,1,134.3,0,37.06,8.38,50.13,0.8447,44.79,1.879,22,120262,0.386,1,147.4,"-4.65,2.22,6.61","40.3,-26.0,-14.7","85.650,-33.150,-7.650",1.20,2.37,0.00,0,10004,8488,7,1.54,37.496674,126.957259,4566,64,228,3,15.77,-0.31,999.00,-120.7,0,39,0,1,-54,-53.4,8488,29,4,1.17,1,0,6.98,-1.35,0
12:34:56,42.312,1036695,1036694,0,0,1,37.496675,126.957262,0.53,148.3,1,148.3,1,139.4,0,31.01,10.90,42.73,0.7952,44.79,1.879,22,120274,0.458,1,196.7,"-4.93,5.21,8.20","28.6,-29.0,-12.8","84.900,-31.950,-3.150",2.02,2.21,0.00,0,10005,8489,7,1.54,37.496675,126.957256,4567,64,228,3,15.81,-0.43,999.00,-144.3,0,39,0,1,-63,-55.3,8489,24,4,1.41,1,0,6.98,-1.35,0
12:34:56,42.415,1036796,1036795,0,0,1,37.496674,126.957261,0.53,148.3,1,148.3,1,139.2,0,-31.36,10.58,45.41,0.8537,44.79,1.879,22,120286,0.458,1,196.7,"-4.99,3.57,8.61","4.8,1.4,45.1","85.950,-29.850,-3.000",0.85,1.88,0.00,0,10006,8490,7,1.54,37.496675,126.957256,4567,64,228,3,15.81,-0.43,999.00,-144.3,0,39,0,1,-62,-56.6,8490,21,4,1.60,1,0,6.98,-1.35,0
12:34:56,42.612,1036907,1036894,0,0,1,37.496675,126.957256,0.62,180.2,1,180.2,1,141.9,0,-17.38,10.34,43.91,0.8327,44.79,1.879,22,120298,0.705,1,239.4,"-5.20,3.51,8.22","-28.7,32.1,-8.5","85.050,-29.850,-2.250",0.27,3.42,0.00,0,10007,8491,7,1.54,37.496676,126.957252,4568,64,228,3,15.87,-0.61,999.00,-173.8,0,39,0,1,-66,-58.5,8491,19,4,1.91,1,0,6.98,-1.35,0
12:34:56,42.775,1037113,1037100,0,0,1,37.496676,126.957251,0.79,208.6,1,208.6,1,141.5,0,-26.71,8.95,73.06,0.8327,44.79,1.879,22,120320,0.967,1,261.2,"-5.29,1.40,7.08","3.6,-46.2,56.5","86.850,-24.600,-4.950",1.59,2.97,0.00,0,10009,8493,7,1.54,37.496678,126.957248,4569,64,228,3,15.38,-0.72,999.00,155.6,0,39,0,1,-59,-58.0,8493,20,4,1.83,1,0,6.98,-1.35,0
12:34:56,42.814,1037210,1037209,0,0,1,37.496676,126.957250,0.79,208.6,1,208.6,1,141.6,0,6.99,10.12,42.88,0.7983,44.79,1.879,22,120330,0.967,1,261.2,"-6.00,2.70,7.69","33.3,27.0,-1.2","86.400,-22.200,-4.200",0.84,0.92,0.00,0,10010,8494,7,1.54,37.496678,126.957248,4569,64,228,3,15.38,-0.72,999.00,155.6,0,39,0,1,-61,-58.6,8494,13,4,1.94,1,0,6.98,-1.35,0
12:34:56,42.913,1037321,1037308,0,0,1,37.496678,126.957247,0.94,231.1,1,231.1,1,153.3,0,17.86,10.82,33.27,0.8043,44.79,1.879,22,120342,1.096,1,272.9,"-5.94,3.66,8.27","32.9,-4.1,-3.1","87.450,-20.850,-5.550",1.14,1.68,0.00,0,10011,8495,7,1.54,37.496680,126.957246,4570,64,228,3,15.45,-0.67,999.00,135.5,0,39,0,1,-63,-59.5,8495,18,4,2.10,1,0,6.98,-1.35,0
12:34:57,43.045,1037424,1037411,0,0,1,37.496678,126.957246,0.94,231.1,1,231.1,1,154.1,0,-16.09,9.35,71.96,0.8445,44.79,1.879,22,120353,1.096,1,272.9,"-4.36,2.55,7.86","-56.3,34.5,-28.6","86.100,-23.700,-4.200",1.08,2.56,0.00,0,10012,8496,7,1.54,37.496680,126.957246,4570,64,228,3,15.45,-0.67,999.00,135.5,0,39,0,1,-57,-59.0,8496,16,4,2.00,1,0,6.98,-1.35,0
12:34:57,43.235,1037528,1037515,0,0,1,37.496679,126.957243,1.07,246.9,1,246.9,1,153.8,0,15.93,8.46,25.66,0.8333,44.79,1.879,22,120364,1.199,1,276.2,"-4.77,1.75,6.76","5.0,-20.8,-14.2","88.800,-26.100,-6.900",1.39,2.16,0.00,0,10013,8497,7,1.54,37.496680,126.957243,4571,64,228,3,15.45,-0.53,999.00,119.7,0,39,0,1,-56,-58.4,8497,14,4,1.89,1,0,6.98,-1.35,0
12:34:57,43.478,1037721,1037720,0,0,1,37.496680,126.957240,1.16,257.5,1,257.5,1,154.8,0,-29.41,11.53,42.67,0.8202,44.79,1.879,22,120387,1.250,1,277.3,"-5.84,4.22,9.01","-5.3,-11.2,40.8","87.750,-26.250,-3.000",1.85,2.01,0.00,0,10015,8498,7,1.54,37.496680,126.957240,4572,64,228,3,15.03,-0.53,999.00,119.9,0,39,0,1,-54,-57.5,8498,101,4,1.74,1,0,6.98,-1.35,0
12:34:57,43.645,1037822,1037821,0,0,1,37.496680,126.957238,1.16,257.5,1,257.5,1,151.5,0,-25.91,12.03,30.93,0.8069,44.79,1.879,22,120399,1.250,1,277.3,"-5.49,5.45,9.21","-4.7,5.6,30.1","86.700,-20.850,0.000",2.33,2.97,0.00,0,10016,8499,7,1.54,37.496680,126.957240,4572,64,228,3,15.03,-0.38,999.00,109.3,0,39,0,1,-57,-57.4,8499,96,4,1.72,1,0,6.98,-1.35,0
12:34:57,43.685,1038025,1038024,0,0,1,37.496681,126.957235,1.22,264.1,1,264.1,1,138.6,1,-19.94,8.27,43.92,0.8595,44.79,1.879,22,120423,1.271,1,276.3,"-4.46,1.18,6.87","-13.6,-28.4,30.6","87.750,-21.150,-1.500",2.20,2.20,0.00,0,10018,8501,7,1.54,37.496681,126.957238,4573,64,228,3,15.03,-0.27,999.00,102.7,0,39,0,1,-60,-58.5,8501,89,4,1.91,1,0,6.98,-1.35,0
12:34:58,44.146,1038150,1038126,0,0,1,37.496682,126.957234,1.25,268.8,1,268.8,1,131.9,1,0.95,9.88,32.76,0.8389,44.79,1.879,22,120435,1.286,1,277.5,"-4.91,3.28,7.92","25.1,-14.6,15.2","86.700,-18.000,-1.050",0.44,2.21,0.00,0,10019,8503,7,1.54,37.496683,126.957235,4574,64,228,3,15.03,-0.36,999.00,102.7,0,39,0,1,-63,-60.1,8503,1,4,2.08,1,0,6.98,-1.35,0
12:34:58,44.512,1038644,1038643,0,0,1,37.496685,126.957227,1.32,273.8,1,273.8,1,131.5,1,42.17,9.58,52.37,0.8631,44.79,1.879,22,120494,1.338,1,277.1,"-2.25,3.32,8.70","13.9,-37.6,-33.7","85.650,-28.500,4.650",1.91,1.91,0.00,0,10024,8507,7,1.54,37.496685,126.957230,4576,64,228,3,15.03,-0.19,999.00,93.0,0,39,0,1,-56,-59.6,8507,75,4,2.12,1,0,6.98,-1.35,0
12:34:58,44.679,1038947,1038946,0,0,1,37.496686,126.957224,1.35,276.5,1,276.5,1,123.5,1,0.00,8.94,18.48,0.8631,44.79,1.879,22,120530,1.389,1,278.8,"-4.71,1.53,7.45","16.1,7.9,4.6","86.850,-28.050,-1.200",1.94,1.95,0.00,0,10027,8510,7,1.54,37.496687,126.957225,4578,64,228,3,15.12,-0.17,999.00,92.8,0,39,0,1,-55,-57.5,8510,61,4,1.73,1,0,6.98,-1.35,0
12:34:58,44.718,1039048,1039047,0,0,1,37.496686,126.957222,1.35,276.5,1,276.5,1,123.8,1,19.11,9.25,63.21,0.8778,44.79,1.879,22,120542,1.389,1,278.8,"-4.09,2.49,7.92","29.1,-55.7,6.8","87.750,-25.500,1.500",0.51,1.90,0.00,0,10028,8511,7,1.54,37.496687,126.957225,4578,64,228,3,15.12,-0.17,999.00,92.8,0,39,0,1,-56,-57.2,8511,57,4,1.69,1,0,6.98,-1.35,0
12:34:58,44.719,1039154,1039153,0,0,1,37.496688,126.957221,1.40,278.7,1,278.7,1,126.4,1,78.31,10.10,82.80,0.8778,44.79,1.879,22,120553,1.446,1,282.9,"-5.22,2.23,8.36","27.8,-19.7,-75.5","86.100,-28.050,6.450",1.16,1.16,0.00,0,10029,8512,7,1.54,37.496689,126.957223,4579,64,228,3,14.60,-0.11,999.00,88.3,0,39,0,1,-58,-57.4,8512,55,4,1.71,1,0,6.98,-1.35,0
12:34:58,44.811,1039254,1039253,0,0,1,37.496688,126.957220,1.40,278.7,1,278.7,1,133.6,1,57.75,10.01,65.34,0.8778,44.79,1.879,22,120565,1.446,1,282.9,"-3.98,2.62,8.80","46.7,-11.1,-44.3","85.050,-32.550,7.650",0.59,1.42,0.00,0,10030,8513,7,1.54,37.496689,126.957223,4579,64,228,3,14.60,-0.15,999.00,88.3,0,39,0,1,-59,-57.7,8513,52,4,1.77,1,0,6.98,-1.35,0
12:34:58,44.943,1039355,1039354,0,0,1,37.496690,126.957219,1.44,280.9,1,280.9,1,134.5,1,25.31,9.38,73.77,0.8778,44.79,1.879,22,120577,1.487,1,285.0,"-4.24,2.77,7.89","-32.3,27.5,-60.3","85.500,-34.200,9.000",0.51,2.26,0.00,0,10031,8514,7,1.54,37.496690,126.957220,4580,64,228,3,14.60,-0.10,999.00,86.1,0,39,0,1,-66,-59.3,8514,48,4,2.07,1,0,6.98,-1.35,0
12:34:59,45.065,1039456,1039455,0,0,1,37.496690,126.957217,1.44,280.9,1,280.9,1,138.8,1,56.42,7.36,69.60,0.8778,44.79,1.879,22,120589,1.487,1,285.0,"-3.42,1.06,6.43","5.9,-43.7,-53.8","84.750,-40.950,6.750",2.40,2.59,0.00,0,10032,8515,7,1.54,37.496690,126.957220,4580,64,228,3,14.70,-0.12,999.00,88.7,0,39,0,1,-68,-61.1,8515,41,4,2.44,1,0,6.98,-1.35,0
12:34:59,45.195,1039557,1039556,0,0,1,37.496691,126.957216,1.45,282.6,1,282.6,1,141.5,1,83.86,9.37,93.65,0.8778,44.79,1.879,22,120601,1.461,1,285.8,"-4.18,3.62,7.56","15.0,-45.6,-80.4","79.650,-47.700,10.950",1.05,2.23,0.00,0,10033,8516,9,1.54,37.496691,126.957218,4581,64,228,3,14.60,-0.06,999.00,84.3,0,39,0,1,-62,-61.3,8516,38,4,2.48,1,0,6.98,-1.35,0
12:34:59,45.329,1039657,1039656,0,0,1,37.496691,126.957215,1.45,282.6,1,282.6,1,147.2,1,31.95,11.16,37.32,0.8664,44.79,1.879,22,120613,1.461,1,285.8,"-5.02,3.62,9.28","8.2,-6.1,-35.9","76.650,-49.200,14.250",1.74,1.74,0.00,0,10034,8517,9,1.54,37.496691,126.957218,4581,64,228,3,14.18,-0.06,999.00,84.6,0,39,0,1,-59,-60.8,8517,33,4,2.38,1,0,6.98,-1.35,0
12:34:59,45.462,1039758,1039757,0,0,1,37.496692,126.957214,1.45,284.0,1,284.0,1,142.7,1,26.08,12.96,33.94,0.8800,44.79,1.879,22,120625,1.446,1,286.7,"-6.23,2.83,11.00","5.2,2.5,-33.4","74.850,-49.950,14.550",3.00,4.23,0.00,0,10035,8517,9,1.54,37.496692,126.957215,4582,64,228,3,14.18,-0.06,999.00,84.6,0,39,0,1,-59,-60.8,8517,134,4,2.38,1,0,6.98,-1.35,0
12:34:59,45.679,1039978,1039966,0,0,1,37.496693,126.957211,1.44,285.2,1,285.2,1,141.0,1,0.00,8.30,60.58,0.9260,44.79,1.879,22,120650,1.430,1,287.4,"-3.48,0.89,7.48","35.5,-38.1,30.9","75.600,-51.450,14.250",2.01,2.38,0.00,0,10037,8519,9,1.54,37.496693,126.957213,4583,64,228,3,14.18,0.01,999.00,82.0,0,39,0,1,-62,-60.9,8519,19,4,2.40,1,0,6.98,-1.35,0
12:34:59,45.845,1040176,1040175,0,0,1,37.496694,126.957208,1.47,286.2,1,286.2,1,141.8,1,19.41,9.54,24.12,0.9170,44.79,1.879,22,120672,1.502,1,288.1,"-3.91,1.88,8.49","14.2,0.4,-19.5","73.050,-49.350,20.400",0.43,1.46,0.00,0,10039,8521,9,1.54,37.496694,126.957210,4584,64,228,3,14.28,0.01,999.00,83.7,0,39,0,1,-65,-61.6,8521,15,4,2.56,1,0,6.98,-1.35,0
12:35:00,46.001,1040276,1040275,0,0,1,37.496695,126.957207,1.48,287.0,1,287.0,1,140.7,1,32.38,10.24,84.55,0.8492,44.79,1.879,22,120684,1.497,1,288.5,"-4.20,3.06,8.82","-52.5,-14.0,-64.8","72.300,-51.750,19.650",0.76,3.18,0.00,0,10040,8522,9,1.54,37.496695,126.957207,4585,64,228,3,13.76,-0.08,999.00,81.2,0,39,0,1,-64,-62.1,8522,19,4,2.68,1,0,6.98,-1.35,0
12:35:00,46.213,1040488,1040476,0,0,1,37.496696,126.957204,1.49,287.6,1,287.6,1,140.7,1,41.54,9.23,46.01,0.9116,44.79,1.879,22,120708,1.502,1,288.7,"-4.13,1.42,8.13","14.1,-13.8,-41.5","65.400,-60.300,22.200",0.39,2.25,0.00,0,10042,8524,9,1.54,37.496696,126.957204,4586,64,228,3,14.18,-0.07,999.00,79.6,0,39,0,1,-63,-61.8,8524,20,4,2.61,1,0,6.98,-1.35,0
12:35:00,46.274,1040592,1040579,0,0,1,37.496696,126.957202,1.49,287.6,1,287.6,1,144.5,1,17.42,10.59,29.32,0.8745,44.79,1.879,22,120719,1.502,1,288.7,"-4.98,2.79,8.92","8.8,15.9,-23.0","60.600,-60.600,21.000",1.60,1.60,0.00,0,10043,8525,9,1.54,37.496696,126.957204,4586,64,228,3,14.28,-0.10,999.00,82.3,0,39,0,1,-64,-62.2,8525,19,4,2.72,1,0,6.98,-1.35,0
12:35:00,46.379,1040696,1040683,0,0,1,37.496697,126.957201,1.47,288.1,1,288.1,1,140.1,1,0.00,13.55,9.93,0.8746,44.79,1.879,22,120730,1.451,1,289.0,"-7.20,2.16,11.28","-1.3,-9.8,-0.2","61.050,-60.150,23.250",3.91,3.91,0.00,0,10044,8526,9,1.54,37.496697,126.957202,4587,64,228,3,14.28,-0.09,999.00,81.8,0,39,0,1,-58,-61.4,8526,18,4,2.51,1,0,6.98,-1.35,0
12:35:00,46.419,1040799,1040786,0,0,1,37.496697,126.957200,1.47,288.1,1,288.1,1,143.0,1,12.55,10.91,48.55,0.8767,44.79,1.879,22,120741,1.451,1,289.0,"-4.83,0.94,9.74","-33.3,-12.4,-33.1","59.100,-61.800,22.800",1.16,3.38,0.00,0,10045,8527,9,1.54,37.496697,126.957202,4587,64,228,3,14.28,-0.09,999.00,81.8,0,39,0,1,-58,-60.7,8527,16,4,2.35,1,0,6.98,-1.35,0
12:35:00,46.510,1040902,1040889,0,0,1,37.496698,126.957198,1.46,288.3,1,288.3,1,138.7,1,-8.33,8.60,59.38,0.9387,44.79,1.879,22,120752,1.440,1,288.6,"-1.92,-1.01,8.33","11.9,-52.5,25.0","54.600,-66.150,23.550",3.36,3.36,0.00,0,10046,8528,9,1.54,37.496698,126.957199,4588,64,228,3,14.18,-0.05,999.00,78.9,0,39,0,1,-65,-61.6,8528,14,4,2.55,1,0,6.98,-1.35,0
12:35:00,46.632,1041006,1040993,0,0,1,37.496698,126.957197,1.46,288.3,1,288.3,1,138.5,1,2.77,8.85,48.35,0.9387,44.79,1.879,22,120763,1.440,1,288.6,"-2.60,0.47,8.44","40.9,-22.2,13.1","55.650,-60.600,27.300",1.39,3.43,0.00,0,10047,8529,9,1.54,37.496698,126.957199,4588,64,228,3,14.18,-0.05,999.00,78.9,0,39,0,1,-64,-62.0,8529,13,4,2.68,1,0,6.98,-1.35,0
12:35:00,46.744,1041097,1041096,0,0,1,37.496699,126.957196,1.48,288.6,1,288.6,1,136.4,1,24.87,9.38,50.88,0.9615,25.65,1.983,22,120774,1.502,1,289.1,"-2.62,-0.53,8.99","-21.6,19.6,-41.7","54.300,-60.750,27.900",1.65,3.12,0.00,0,10048,8529,9,1.54,37.496699,126.957196,4589,64,228,3,14.18,-0.05,999.00,78.9,0,39,0,1,-64,-62.0,8529,104,4,2.68,1,0,6.98,-1.35,0
12:35:00,46.771,1041202,1041201,0,0,1,37.496699,126.957194,1.48,288.6,1,288.6,1,137.8,1,14.86,10.52,35.99,0.9569,24.98,1.990,22,120785,1.502,1,289.1,"-3.30,1.59,9.86","-12.6,20.7,-26.6","54.600,-61.800,27.750",1.26,1.76,0.00,0,10049,8530,9,1.54,37.496699,126.957196,4589,64,228,3,13.76,-0.04,999.00,78.9,0,39,0,1,-61,-61.8,8530,103,4,2.62,1,0,6.98,-1.35,0
12:35:00,46.860,1041303,1041302,0,0,1,37.496700,126.957193,1.46,288.9,1,288.9,1,135.9,1,16.54,9.68,46.57,0.9485,24.98,1.990,22,120797,1.451,1,289.6,"-1.79,-1.49,9.40","-28.1,-21.3,-30.4","53.100,-67.200,26.250",2.56,2.58,0.00,0,10050,8531,9,1.54,37.496700,126.957194,4590,64,228,3,14.28,-0.06,999.00,81.3,0,39,0,1,-60,-61.5,8531,98,4,2.53,1,0,6.98,-1.35,0
12:35:01,46.996,1041404,1041403,0,0,1,37.496700,126.957191,1.46,288.9,1,288.9,1,136.5,1,0.00,7.79,35.28,0.9710,25.10,2.020,22,120809,1.451,1,289.6,"-2.06,-0.35,7.51","34.4,1.9,7.8","51.900,-67.200,27.150",1.73,3.17,0.00,0,10051,8532,9,1.54,37.496700,126.957194,4590,64,228,3,14.28,-0.05,999.00,81.0,0,39,0,1,-57,-60.6,8532,87,4,2.33,1,0,6.98,-1.35,0
12:35:01,47.132,1041505,1041504,0,0,1,37.496701,126.957190,1.46,289.4,1,289.4,1,134.7,1,28.44,8.94,34.67,0.9542,25.25,2.020,22,120821,1.456,1,290.3,"-2.96,1.11,8.36","21.1,5.4,-27.0","52.050,-64.650,30.150",0.91,2.55,0.00,0,10052,8533,9,1.54,37.496701,126.957191,4591,64,228,3,14.28,-0.13,999.00,81.0,0,39,0,1,-59,-60.3,8533,85,4,2.26,1,0,6.98,-1.35,0
12:35:01,47.262,1041606,1041605,0,0,1,37.496702,126.957189,1.46,289.4,1,289.4,1,134.9,1,-16.29,10.51,46.54,0.9392,25.25,2.020,22,120833,1.456,1,290.3,"-4.14,1.06,9.61","20.7,33.3,25.0","52.650,-62.550,30.750",1.28,2.00,0.00,0,10053,8534,9,1.54,37.496701,126.957191,4591,64,228,3,14.28,-0.12,999.00,80.5,0,39,0,1,-59,-60.0,8534,78,4,2.20,1,0,6.98,-1.35,0
12:35:01,47.297,1041707,1041706,0,0,1,37.496702,126.957188,1.42,289.8,1,289.8,1,132.0,1,17.82,10.59,44.12,0.9493,25.25,2.020,22,120845,1.384,1,290.7,"-3.67,-0.35,9.93","-28.0,2.0,-34.0","55.950,-63.450,31.200",1.14,4.30,0.00,0,10054,8535,9,1.29,37.496702,126.957189,4592,64,228,3,14.28,-0.12,999.00,80.5,0,39,0,1,-64,-60.8,8535,77,4,2.38,1,0,6.98,-1.35,0
12:35:01,47.383,1041808,1041807,0,0,1,37.496703,126.957187,1.42,289.8,1,289.8,1,130.9,1,-31.89,10.01,36.74,0.9603,25.25,2.020,22,120857,1.384,1,290.7,"-3.06,-0.46,9.51","-21.2,-8.0,28.9","56.850,-64.050,29.550",1.12,1.12,0.00,0,10055,8536,9,1.29,37.496702,126.957189,4592,64,228,3,13.87,-0.11,999.00,80.3,0,39,0,1,-63,-61.2,8536,72,4,2.48,1,0,6.98,-1.35,0
12:35:01,47.497,1041908,1041907,0,0,1,37.496704,126.957186,1.41,290.6,1,290.6,1,126.5,1,-7.81,8.51,68.67,0.9653,25.25,2.020,22,120869,1.399,1,291.9,"-2.73,-0.00,8.06","56.9,-21.0,32.2","57.000,-62.400,31.650",1.37,1.91,0.00,0,10056,8537,9,1.29,37.496704,126.957187,4593,64,228,3,13.87,-0.11,999.00,80.3,0,39,0,1,-60,-61.0,8537,69,4,2.42,1,0,6.98,-1.35,0
12:35:01,47.611,1042008,1042007,0,0,1,37.496704,126.957185,1.41,290.6,1,290.6,1,127.6,1,31.20,9.91,35.57,0.9434,25.25,2.020,22,120881,1.399,1,291.9,"-3.57,-0.47,9.23","15.8,-6.3,-31.2","58.800,-55.500,33.000",0.80,1.09,0.00,0,10057,8538,9,1.29,37.496704,126.957187,4593,64,228,3,13.87,-0.20,999.00,79.6,0,39,0,1,-62,-61.2,8538,63,4,2.47,1,0,6.98,-1.35,0
12:35:01,47.744,1042109,1042108,0,0,1,37.496705,126.957184,1.44,291.3,1,291.3,1,128.2,1,7.85,9.67,29.73,0.9636,32.26,1.951,22,120893,1.466,1,292.8,"-2.94,-0.11,9.21","13.8,25.2,-7.5","57.600,-55.800,33.000",0.41,1.80,0.00,0,10058,8539,9,1.29,37.496705,126.957184,4594,64,228,3,13.87,-0.20,999.00,79.6,0,39,0,1,-63,-61.6,8539,59,4,2.55,1,0,6.98,-1.35,0
12:35:02,48.045,1042214,1042213,0,0,1,37.496706,126.957182,1.44,291.3,1,291.3,1,128.1,1,-1.54,9.88,32.19,0.9660,34.18,2.063,22,120904,1.466,1,292.8,"-2.91,1.08,9.38","-31.3,0.2,-7.3","61.950,-54.900,34.800",0.88,2.64,0.00,0,10059,8540,9,1.29,37.496705,126.957184,4594,64,228,3,13.87,-0.17,999.00,78.8,0,39,0,1,-65,-62.2,8540,59,4,2.73,1,0,6.98,-1.35,0
12:35:02,48.279,1042518,1042517,0,0,1,37.496707,126.957178,1.45,292.1,1,292.1,1,124.7,1,0.22,10.07,32.43,0.9420,34.69,2.041,22,120940,1.456,1,292.5,"-3.46,1.95,9.26","7.7,31.3,-3.5","61.650,-52.050,34.200",1.63,1.63,0.00,0,10062,8543,9,1.29,37.496707,126.957179,4596,64,228,3,13.59,-0.19,999.00,81.2,0,39,0,1,-60,-62.6,8543,47,4,2.82,1,0,6.98,-1.35,0
12:35:02,48.321,1042619,1042618,0,0,1,37.496708,126.957177,1.45,292.1,1,292.1,1,123.1,1,-18.31,13.18,25.97,0.9020,34.69,2.041,22,120952,1.456,1,292.5,"-5.87,2.49,11.54","-7.4,17.4,17.8","68.100,-48.150,32.400",4.02,4.02,0.00,0,10063,8544,9,1.29,37.496707,126.957179,4596,64,228,3,13.59,-0.19,999.00,81.2,0,39,0,1,-62,-62.5,8544,37,4,2.79,1,0,6.98,-1.35,0
12:35:02,48.379,1042720,1042719,0,0,1,37.496709,126.957176,1.43,292.7,1,292.7,1,122.9,1,5.22,10.47,35.89,0.9387,34.69,2.041,22,120964,1.404,1,293.8,"-3.80,1.79,9.59","-26.0,-17.5,-17.5","68.250,-49.200,30.300",1.02,3.36,0.00,0,10064,8545,9,1.29,37.496710,126.957178,4597,64,228,3,13.45,-0.14,999.00,77.8,0,39,0,1,-63,-62.6,8545,38,4,2.82,1,0,6.98,-1.35,0
12:35:02,48.914,1042820,1042819,0,0,1,37.496710,126.957175,1.43,292.7,1,292.7,1,122.0,1,-10.12,9.30,31.05,0.9981,27.99,2.181,22,120976,1.404,1,293.8,"-0.69,-0.04,9.28","6.1,-25.2,17.1","67.800,-52.050,28.200",2.62,2.62,0.00,0,10065,8546,9,1.29,37.496710,126.957178,4597,64,228,3,13.45,-0.14,999.00,77.8,0,39,0,1,-65,-63.1,8546,32,4,2.95,1,0,6.98,-1.35,0
12:35:03,49.392,1043330,1043329,0,0,1,37.496713,126.957170,1.36,294.1,1,294.1,1,127.9,1,15.70,9.21,40.21,0.9822,23.58,2.228,22,121035,1.327,1,294.9,"-1.13,-1.13,9.07","32.7,-20.8,-10.7","67.200,-56.700,24.300",1.99,3.16,0.00,0,10070,8551,9,1.29,37.496713,126.957172,4600,64,228,3,13.59,-0.10,999.00,79.2,0,39,0,1,-68,-65.5,8551,12,4,3.72,1,0,6.98,-1.35,0
12:35:03,49.611,1043540,1043539,0,0,1,37.496715,126.957169,1.31,294.8,1,294.8,1,130.8,1,10.56,9.87,32.55,0.9591,25.75,2.154,22,121059,1.271,1,296.2,"-2.95,1.67,9.28","11.4,27.3,-13.5","65.100,-52.050,25.950",1.14,1.94,0.00,0,10072,8552,9,1.29,37.496715,126.957171,4601,64,228,3,13.18,0.25,1.75,79.6,0,39,0,1,-68,-66.0,8552,109,4,3.90,1,0,6.98,-1.35,0
12:35:03,49.651,1043943,1043942,0,0,1,37.496717,126.957166,1.25,296.5,1,296.5,1,136.0,1,23.12,8.55,29.37,0.9678,30.73,2.103,22,121107,1.214,1,297.9,"-2.51,0.13,8.17","16.5,-8.8,-22.7","61.050,-58.950,31.800",1.01,1.96,0.00,0,10076,8555,9,1.29,37.496717,126.957167,4603,64,228,3,12.62,0.32,2.47,75.4,0,39,0,1,-65,-65.2,8555,97,4,3.60,1,0,6.98,-1.35,0
12:35:03,49.743,1044044,1044043,0,0,1,37.496718,126.957164,1.25,296.5,1,296.5,1,140.1,1,50.14,9.69,57.04,0.9682,32.38,2.066,22,121119,1.214,1,297.9,"-2.83,-0.17,9.27","17.9,16.6,-51.6","59.100,-56.700,35.250",0.63,1.33,0.00,0,10077,8556,9,1.29,37.496717,126.957167,4603,64,228,3,12.20,0.32,2.51,75.1,0,39,0,1,-67,-65.5,8556,92,4,3.73,1,0,6.98,-1.35,0
12:35:03,49.774,1044145,1044144,0,0,1,37.496719,126.957164,1.21,297.3,1,297.3,1,142.4,1,60.52,11.84,69.19,0.9682,32.38,2.066,22,121131,1.168,1,298.7,"-4.87,1.92,10.62","11.3,21.8,-64.7","59.100,-57.450,37.050",2.99,2.99,0.00,0,10078,8557,8,1.29,37.496718,126.957166,4604,64,228,3,12.35,0.26,2.03,78.2,0,39,0,1,-62,-64.8,8557,88,4,3.49,1,0,6.98,-1.35,0
12:35:03,49.861,1044250,1044249,0,0,1,37.496719,126.957163,1.21,297.3,1,297.3,1,148.9,1,22.59,11.73,47.79,0.9682,32.38,2.066,22,121142,1.168,1,298.7,"-0.76,-2.40,11.46","-27.7,15.0,-35.9","58.050,-63.000,37.800",3.89,3.89,0.00,0,10079,8558,8,1.29,37.496718,126.957166,4604,64,228,3,11.94,0.25,2.08,77.9,0,39,0,1,-65,-64.9,8558,87,4,3.50,1,0,6.98,-1.35,0
12:35:04,49.995,1044351,1044350,0,0,1,37.496720,126.957162,1.19,298.1,1,298.1,1,148.8,1,42.65,8.88,53.74,0.9368,34.57,2.048,22,121154,1.168,1,299.5,"-2.54,0.56,8.49","38.2,-6.7,-37.2","56.700,-62.700,37.650",1.12,2.71,0.00,0,10080,8559,8,1.29,37.496720,126.957164,4605,64,228,3,11.94,0.26,2.24,77.1,0,39,0,1,-63,-64.5,8559,83,4,3.38,1,0,6.98,-1.35,0
12:35:04,50.129,1044452,1044451,0,0,1,37.496721,126.957161,1.19,298.1,1,298.1,1,152.7,1,36.63,8.15,43.89,0.9590,34.57,2.048,22,121166,1.168,1,299.5,"-2.42,1.40,7.65","10.1,-18.3,-38.6","53.550,-61.950,40.950",1.89,1.89,0.00,0,10081,8560,8,1.29,37.496720,126.957164,4605,64,228,3,11.94,0.26,2.24,77.1,0,39,0,1,-64,-64.4,8560,78,4,3.35,1,0,6.98,-1.35,0
12:35:04,50.262,1044553,1044552,0,0,1,37.496721,126.957162,1.14,299.1,1,299.1,1,151.1,1,20.33,9.31,34.33,0.9247,34.57,2.048,22,121178,1.101,1,301.0,"-3.65,1.80,8.37","30.4,1.0,-15.9","50.550,-60.000,44.700",1.65,1.79,0.00,0,10082,8561,8,1.29,37.496721,126.957163,4606,64,228,3,11.94,0.27,2.51,76.1,0,39,0,1,-67,-64.9,8561,73,4,3.52,1,0,6.98,-1.35,0
12:35:04,50.304,1044654,1044653,0,0,1,37.496722,126.957161,1.14,299.1,1,299.1,1,153.9,1,52.81,10.99,62.72,0.9546,34.57,2.048,22,121190,1.101,1,301.0,"-3.88,-0.54,10.27","-4.1,-17.5,-60.1","49.350,-58.050,45.450",1.80,3.91,0.00,0,10083,8562,8,1.29,37.496721,126.957163,4606,64,228,3,11.13,0.25,2.15,77.2,0,39,0,1,-68,-65.5,8562,69,4,3.73,1,0,6.98,-1.35,0
12:35:04,50.362,1044758,1044757,0,0,1,37.496723,126.957161,1.08,300.4,1,300.4,1,153.8,1,36.29,10.70,52.10,0.9413,34.57,2.048,22,121201,1.019,1,303.0,"-4.10,-0.44,9.87","4.4,30.3,-42.1","47.100,-58.800,48.450",1.36,1.73,0.00,0,10084,8563,8,1.29,37.496723,126.957163,4607,64,228,3,11.13,0.26,2.51,75.9,0,39,0,1,-63,-65.0,8563,68,3,3.55,1,0,6.98,-1.35,0
12:35:04,50.509,1044858,1044857,0,0,1,37.496724,126.957160,1.08,300.4,1,300.4,1,157.1,1,26.65,9.11,41.35,0.9351,34.57,2.048,22,121213,1.019,1,303.0,"-3.54,-0.25,8.39","11.3,27.4,-28.8","48.450,-57.000,49.800",0.94,1.31,0.00,0,10085,8564,8,1.29,37.496723,126.957163,4607,64,228,3,10.96,0.33,3.05,72.5,0,39,0,1,-65,-65.0,8564,61,3,3.55,1,0,6.98,-1.35,0
12:35:04,50.729,1044960,1044959,0,0,1,37.496725,126.957161,1.00,302.6,1,302.6,1,156.3,1,36.91,8.38,40.78,0.9181,34.57,2.048,22,121225,0.911,1,306.6,"-3.62,-0.19,7.56","13.8,2.5,-38.3","49.050,-56.850,51.450",1.41,1.50,0.00,0,10086,8565,8,1.29,37.496725,126.957164,4608,64,228,3,10.96,0.34,3.71,70.3,0,39,0,1,-65,-65.0,8565,59,3,3.55,1,0,6.98,-1.35,0
12:35:04,50.894,1045185,1045161,0,0,1,37.496727,126.957162,0.90,305.8,1,305.8,1,160.3,1,31.28,8.81,40.56,0.9412,34.57,2.048,22,121249,0.803,1,311.7,"-2.84,-1.25,8.25","22.9,-17.2,-28.7","39.600,-53.550,53.550",1.37,1.45,0.00,0,10088,8567,8,1.29,37.496727,126.957165,4609,64,228,3,10.13,0.33,4.19,68.2,0,39,0,1,-71,-67.5,8567,69,3,4.49,1,0,6.98,-1.35,0
12:35:04,50.941,1045277,1045276,0,0,1,37.496728,126.957164,0.82,309.1,1,309.1,1,158.3,1,16.28,9.63,22.38,0.9476,34.57,2.048,22,121260,0.746,1,315.3,"-3.33,-0.51,9.02","16.7,1.7,-14.8","37.950,-49.350,54.900",0.56,1.10,0.00,0,10089,8568,9,1.29,37.496728,126.957166,4610,64,228,3,10.13,0.33,4.19,68.2,0,39,0,1,-75,-69.0,8568,60,3,5.18,1,0,6.98,-1.35,0
12:35:05,51.229,1045378,1045377,0,0,1,37.496729,126.957163,0.82,309.1,1,309.1,1,158.3,1,-17.15,8.61,31.12,0.9460,34.57,2.048,22,121272,0.746,1,315.3,"-3.12,-0.07,8.02","9.3,16.4,24.8","39.150,-45.750,56.700",0.67,1.04,0.00,0,10090,8569,9,1.29,37.496728,126.957166,4610,64,228,3,10.13,0.35,999.00,64.9,0,39,0,1,-68,-68.8,8569,55,3,5.09,1,0,6.98,-1.35,0
12:35:05,51.393,1045679,1045678,0,0,1,37.496730,126.957165,0.68,315.4,1,315.4,1,151.7,1,12.47,10.21,42.96,0.9625,54.68,1.195,22,121308,0.592,1,320.4,"-3.20,0.20,9.70","-27.0,-18.5,-27.9","32.400,-51.150,54.000",0.89,0.97,0.00,0,10093,8572,9,1.29,37.496729,126.957167,4612,64,228,3,9.31,0.35,999.00,62.5,0,39,0,1,-66,-67.3,8572,40,3,4.41,1,0,6.98,-1.35,0
12:35:05,51.416,1045780,1045779,0,0,1,37.496730,126.957165,0.68,315.4,1,315.4,1,153.1,1,15.17,11.11,44.93,0.9600,54.68,1.195,22,121320,0.592,1,320.4,"-2.80,-1.55,10.64","-9.2,-37.1,-23.6","28.350,-56.100,51.450",2.23,2.24,0.00,0,10094,8573,9,1.29,37.496729,126.957167,4612,64,228,3,9.16,0.38,999.00,55.8,0,39,0,1,-66,-67.0,8573,32,3,4.30,1,0,6.98,-1.35,0
12:35:05,51.559,1045881,1045880,0,0,1,37.496730,126.957166,0.60,317.2,1,317.2,1,151.5,1,-5.15,11.24,41.67,0.9661,50.08,1.179,22,121332,0.514,1,320.4,"-2.35,-1.70,10.86","36.4,-2.1,20.1","24.450,-54.300,51.000",2.08,3.17,0.00,0,10095,8574,9,1.29,37.496729,126.957167,4613,64,228,3,9.16,0.38,999.00,55.8,0,39,0,1,-67,-67.0,8574,29,3,4.30,1,0,6.98,-1.35,0
12:35:05,51.613,1045981,1045980,0,0,1,37.496730,126.957166,0.60,317.2,1,317.2,1,151.4,1,-3.90,11.15,24.18,0.9603,53.67,1.086,22,121344,0.514,1,320.4,"-3.58,0.78,10.52","12.1,17.7,11.2","26.700,-50.700,53.550",1.50,1.81,0.00,0,10096,8575,9,1.29,37.496729,126.957167,4613,64,228,3,9.16,0.35,999.00,54.0,0,39,0,1,-71,-67.8,8575,24,3,4.64,1,0,6.98,-1.35,0
12:35:05,51.709,1046082,1046081,0,0,1,37.496731,126.957166,0.52,318.3,1,318.3,1,150.1,1,4.98,10.20,31.54,0.9583,53.67,1.086,22,121356,0.448,1,320.4,"-3.24,-0.33,9.67","13.0,28.5,-3.7","29.700,-49.950,55.050",0.12,1.34,0.00,0,10097,8576,9,1.29,37.496730,126.957168,4614,64,228,3,9.16,0.31,999.00,52.9,0,39,0,1,-66,-67.5,8576,21,3,4.48,1,0,6.98,-1.35,0
12:35:05,51.827,1046290,1046289,0,0,1,37.496731,126.957166,0.46,318.3,1,318.3,1,151.2,1,-5.00,9.90,18.68,0.9359,53.67,1.086,22,121378,0.391,1,320.4,"-3.87,-0.05,9.12","1.0,-17.1,7.5","35.700,-45.450,54.900",0.72,1.02,0.00,0,10099,8578,8,1.29,37.496731,126.957170,4615,64,228,3,8.74,0.27,999.00,53.4,0,39,0,1,-60,-64.9,8578,18,3,3.52,1,0,6.98,-1.35,0
12:35:05,51.943,1046390,1046389,0,0,1,37.496731,126.957166,0.46,318.3,1,318.3,1,151.0,1,7.40,10.00,31.80,0.9624,53.67,1.086,22,121390,0.391,1,320.4,"-3.06,-0.22,9.52","-14.6,-22.0,-17.8","32.250,-46.650,54.150",0.45,0.85,0.00,0,10100,8579,8,1.29,37.496731,126.957170,4615,64,228,3,8.74,0.27,999.00,53.4,0,39,0,1,-62,-64.3,8579,12,3,3.33,1,0,6.98,-1.35,0
12:35:06,52.215,1046492,1046492,0,0,1,37.496731,126.957166,0.41,318.3,1,318.3,1,152.2,1,15.42,9.64,20.92,0.9582,55.18,1.099,22,121402,0.370,1,320.4,"-3.05,-0.37,9.14","-1.5,0.8,-20.9","30.450,-47.550,54.750",0.56,0.71,0.00,0,10101,8580,8,1.29,37.496732,126.957170,4616,64,228,3,8.74,0.25,999.00,53.4,0,39,0,1,-62,-63.9,8580,10,3,3.19,1,0,6.98,-1.35,0
12:35:06,52.395,1046695,1046694,0,0,1,37.496731,126.957167,0.35,318.3,0,318.3,1,152.9,1,0.00,9.50,8.04,0.9557,55.18,1.099,22,121425,0.293,1,320.4,"-3.16,-0.06,8.96","0.8,-7.3,-3.2","28.800,-45.750,54.150",0.40,0.81,0.00,0,10103,8581,8,1.29,37.496732,126.957171,4617,64,228,3,8.74,0.25,999.00,53.4,0,39,0,1,-63,-63.7,8581,106,3,3.13,1,0,6.98,-1.35,0
12:35:06,52.595,1046796,1046795,0,0,1,37.496731,126.957167,0.35,318.3,0,318.3,1,152.9,1,0.00,9.86,9.21,0.9537,55.18,1.099,22,121437,0.293,1,320.4,"-3.32,-0.16,9.28","-6.9,3.5,-5.0","28.200,-46.050,55.500",0.04,0.58,0.00,0,10104,8582,8,1.29,37.496732,126.957171,4617,64,228,3,8.74,0.00,999.00,53.4,0,39,0,1,-66,-64.2,8582,98,3,3.27,1,0,6.98,-1.35,0
12:35:06,52.657,1046897,1046896,0,0,1,37.496731,126.957167,0.28,318.3,0,318.3,1,152.8,1,-0.19,9.98,10.98,0.9563,55.18,1.099,22,121449,0.211,1,320.4,"-3.14,-0.62,9.46","-8.7,6.7,-0.3","28.350,-47.700,55.950",0.49,0.50,0.00,0,10105,8583,8,1.29,37.496731,126.957172,4618,64,228,3,8.74,0.00,999.00,53.4,0,39,0,1,-65,-64.3,8583,95,3,3.33,1,0,6.98,-1.35,0
12:35:06,52.762,1046998,1046997,0,0,1,37.496731,126.957167,0.28,318.3,0,318.3,1,152.5,1,-1.29,9.79,3.86,0.9545,55.18,1.099,22,121461,0.211,1,320.4,"-3.20,-0.42,9.24","0.0,-0.9,3.7","30.750,-50.100,53.700",0.19,0.61,0.00,0,10106,8584,8,1.29,37.496731,126.957172,4618,64,228,3,8.74,0.00,999.00,53.4,0,39,0,1,-68,-65.1,8584,87,3,3.57,1,0,6.98,-1.35,0
12:35:06,52.803,1047203,1047202,0,0,1,37.496731,126.957168,0.25,318.3,0,318.3,1,152.4,1,0.00,9.85,3.58,0.9620,55.18,1.099,22,121484,0.216,1,320.4,"-3.00,-0.31,9.38","2.7,0.2,-2.4","29.700,-48.000,54.750",0.18,0.32,0.00,0,10108,8585,9,1.29,37.496732,126.957172,4619,64,228,3,8.74,0.00,999.00,53.4,0,39,0,1,-67,-65.5,8585,185,3,3.70,1,0,6.98,-1.35,0
12:35:06,52.896,1047304,1047303,0,0,1,37.496731,126.957168,0.26,318.3,0,318.3,1,152.4,1,0.00,9.59,3.88,0.9620,55.18,1.099,22,121496,0.268,1,320.4,"-2.85,-0.50,9.14","2.7,-1.6,-2.2","31.650,-48.300,54.750",0.39,0.39,0.00,0,10109,8586,9,1.29,37.496733,126.957172,4620,64,228,3,8.33,0.00,999.00,54.0,0,39,0,1,-69,-66.2,8586,79,3,3.96,1,0,6.98,-1.35,0
12:35:07,53.029,1047405,1047404,0,0,1,37.496731,126.957168,0.26,318.3,0,318.3,1,152.4,1,2.25,9.52,6.31,0.9582,55.18,1.099,22,121508,0.268,1,320.4,"-3.06,-0.16,9.01","3.6,-0.7,-5.1","27.750,-47.250,54.750",0.32,0.38,0.00,0,10110,8587,9,1.29,37.496733,126.957172,4620,64,228,3,8.33,0.00,999.00,54.0,0,39,0,1,-69,-66.7,8587,70,3,4.18,1,0,6.98,-1.35,0
12:35:07,53.065,1047506,1047505,0,0,1,37.496732,126.957168,0.27,318.3,0,318.3,1,152.6,1,0.00,9.82,6.22,0.9566,55.18,1.099,22,121520,0.283,1,320.4,"-3.24,-0.07,9.28","1.7,5.3,-2.7","28.200,-48.300,53.550",0.25,0.26,0.00,0,10111,8588,9,1.29,37.496734,126.957172,4621,64,228,3,8.33,0.00,999.00,54.0,0,39,0,1,-68,-67.0,8588,69,3,4.28,1,0,6.98,-1.35,0
12:35:07,53.168,1047606,1047605,0,0,1,37.496732,126.957168,0.27,318.3,0,318.3,1,152.6,1,0.00,9.82,6.22,0.9509,55.18,1.099,22,121532,0.283,1,320.4,"-3.39,-0.21,9.21","1.2,-6.1,-0.2","28.200,-46.350,54.750",0.24,0.42,0.00,0,10112,8589,9,1.29,37.496734,126.957172,4621,64,228,3,8.33,0.00,999.00,54.0,0,39,0,1,-67,-67.0,8589,66,3,4.28,1,0,6.98,-1.35,0
12:35:07,53.364,1047709,1047708,1,0,1,37.496732,126.957168,0.26,318.3,0,318.3,1,152.6,1,0.00,9.75,8.67,0.9597,55.18,1.099,22,121544,0.252,1,320.4,"-3.03,-0.38,9.26","2.5,-7.8,3.0","28.050,-47.400,54.900",0.15,0.26,0.00,0,10113,8590,9,1.29,37.496735,126.957172,4622,64,228,3,8.33,0.00,999.00,54.0,0,40,0,1,-68,-67.2,8590,64,3,4.37,1,0,6.98,-1.35,0
12:35:07,53.415,1047809,1047808,1,0,1,37.496732,126.957168,0.26,318.3,0,318.3,1,152.5,1,0.00,9.90,4.76,0.9640,53.28,1.088,22,121556,0.252,1,320.4,"-3.02,-0.02,9.43","4.5,1.6,0.2","27.450,-47.550,53.250",0.32,0.42,0.00,0,10114,8591,9,1.29,37.496735,126.957172,4622,64,228,3,8.33,0.00,999.00,54.0,0,40,0,1,-69,-67.6,8591,55,3,4.52,1,0,6.98,-1.35,0
12:35:07,53.511,1047910,1047909,1,0,1,37.496732,126.957169,0.25,318.3,0,318.3,1,152.6,1,0.00,9.85,3.86,0.9548,51.91,1.076,22,121568,0.242,1,320.4,"-3.29,-0.13,9.28","3.7,0.9,0.5","26.550,-48.150,55.650",0.14,1.62,0.00,0,10115,8592,9,1.29,37.496735,126.957172,4623,64,228,3,8.33,0.00,999.00,54.0,0,40,0,1,-68,-67.6,8592,55,3,4.56,1,0,6.98,-1.35,0
12:35:07,53.627,1048011,1048010,1,0,1,37.496732,126.957169,0.25,318.3,0,318.3,1,152.6,1,0.00,10.00,5.04,0.9700,54.00,1.080,22,121580,0.242,1,320.4,"-2.84,0.10,9.59","4.9,0.7,0.6","28.350,-47.700,54.150",0.59,0.75,0.00,0,10116,8593,9,1.29,37.496735,126.957172,4623,64,228,3,8.33,0.00,999.00,54.0,0,40,0,1,-68,-67.7,8593,49,3,4.59,1,0,6.98,-1.35,0
12:35:07,53.744,1048112,1048111,1,0,1,37.496732,126.957169,0.23,318.3,0,318.3,1,152.7,1,4.92,9.76,9.06,0.9575,53.51,1.078,22,121592,0.216,1,320.4,"-3.11,-0.38,9.24","1.9,-2.3,-8.5","27.450,-47.250,53.250",0.19,0.66,0.00,0,10117,8594,9,1.29,37.496735,126.957172,4624,64,228,3,8.33,0.00,999.00,54.0,0,40,0,1,-67,-67.6,8594,46,3,4.53,1,0,6.98,-1.35,0
12:35:07,53.866,1048317,1048316,1,0,1,37.496733,126.957169,0.20,318.3,0,318.3,1,152.9,1,0.00,9.53,8.33,0.9627,55.13,1.080,22,121615,0.175,1,320.4,"-2.96,0.05,9.05","4.0,-7.2,1.2","29.100,-46.200,54.150",0.35,0.51,0.00,0,10119,8596,9,1.29,37.496735,126.957172,4625,64,228,3,7.92,0.00,999.00,54.7,0,40,0,1,-68,-67.9,8596,40,3,4.66,1,0,6.98,-1.35,0
12:35:08,53.979,1048418,1048417,1,0,1,37.496733,126.957169,0.20,318.3,0,318.3,1,152.9,1,0.00,9.46,8.53,0.9644,54.61,0.966,22,121627,0.175,1,320.4,"-2.89,0.12,9.01","3.3,-7.9,-0.6","27.300,-44.550,54.900",0.38,0.48,0.00,0,10120,8597,9,1.29,37.496735,126.957172,4625,64,228,3,7.92,0.00,999.00,54.7,0,40,0,1,-68,-67.9,8597,36,3,4.67,1,0,6.98,-1.35,0
12:35:08,54.097,1048519,1048518,1,0,1,37.496733,126.957170,0.17,318.3,0,318.3,1,152.9,1,1.75,9.34,8.41,0.9681,52.59,0.987,22,121639,0.144,1,320.4,"-2.70,-0.05,8.94","-3.3,-3.6,-6.9","26.700,-45.600,52.500",0.41,0.45,0.00,0,10121,8598,9,1.29,37.496735,126.957173,4626,64,228,3,7.50,0.00,999.00,55.4,0,40,0,1,-68,-67.9,8598,31,3,4.68,1,0,6.98,-1.35,0
12:35:08,54.228,1048620,1048619,1,0,1,37.496733,126.957170,0.17,318.3,0,318.3,1,152.9,1,0.00,9.97,12.57,0.9556,53.93,0.993,22,121651,0.144,1,320.4,"-3.29,-0.17,9.40","-11.2,1.2,-5.6","24.750,-45.150,53.550",0.39,0.44,0.00,0,10122,8599,9,1.29,37.496735,126.957173,4626,64,228,3,7.50,0.00,999.00,55.4,0,40,0,1,-71,-68.5,8599,26,3,4.96,1,0,6.98,-1.35,0
12:35:08,54.329,1048721,1048720,1,0,1,37.496733,126.957170,0.14,318.3,0,318.3,1,152.9,1,0.00,9.68,2.79,0.9603,52.65,1.001,22,121663,0.098,1,320.4,"-3.01,-0.32,9.20","1.2,-1.7,1.9","25.200,-47.250,52.800",0.19,1.15,0.00,0,10123,8600,9,1.29,37.496735,126.957174,4627,64,228,3,7.50,0.00,999.00,55.4,0,40,0,1,-73,-69.4,8600,24,3,5.40,1,0,6.98,-1.35,0
12:35:08,54.478,1048821,1048820,1,0,1,37.496733,126.957170,0.14,318.3,0,318.3,1,152.9,1,0.00,10.55,8.65,0.9567,54.54,1.028,22,121675,0.098,1,320.4,"-3.42,-0.31,9.97","-6.4,4.6,-3.5","26.250,-49.200,53.550",0.82,0.88,0.00,0,10124,8601,9,1.29,37.496735,126.957174,4627,64,228,3,7.50,0.00,999.00,55.4,0,40,0,1,-70,-69.5,8601,18,3,5.46,1,0,6.98,-1.35,0
12:35:08,54.524,1048923,1048922,1,0,1,37.496733,126.957170,0.11,318.3,0,318.3,1,152.7,1,-7.05,8.79,18.08,0.9521,53.79,1.079,22,121687,0.082,1,320.4,"-2.75,-0.85,8.30","9.4,8.2,13.1","27.600,-48.900,54.450",1.17,1.17,0.00,0,10125,8602,9,1.29,37.496735,126.957174,4628,64,228,3,7.50,0.00,999.00,55.4,0,40,0,1,-73,-70.2,8602,14,3,5.83,1,0,6.98,-1.35,0
12:35:08,54.703,1049034,1049021,1,0,1,37.496733,126.957170,0.11,318.3,0,318.3,1,152.4,1,0.00,9.61,15.33,0.9680,54.99,1.032,22,121699,0.082,1,320.4,"-2.77,-0.08,9.20","3.2,-14.9,-1.7","27.000,-46.800,55.050",0.29,0.42,0.00,0,10126,8603,9,1.29,37.496735,126.957174,4628,64,228,3,7.50,0.00,999.00,55.4,0,40,0,1,-79,-72.0,8603,20,3,6.89,1,0,6.98,-1.35,0
12:35:08,54.878,1049244,1049231,1,0,1,37.496733,126.957171,0.09,318.3,0,318.3,1,152.4,1,0.00,10.59,3.53,0.9657,53.28,1.055,22,121720,0.072,1,320.4,"-3.12,-0.19,10.12","-3.1,1.7,0.4","26.250,-48.000,54.750",0.87,1.17,0.00,0,10128,8605,9,1.29,37.496735,126.957175,4629,64,228,3,7.50,0.00,999.00,55.4,0,40,0,1,-69,-71.2,8605,19,3,6.41,1,0,6.98,-1.35,0
12:35:08,54.919,1049347,1049334,1,0,1,37.496734,126.957171,0.08,318.3,0,318.3,1,152.4,1,1.18,10.35,6.92,0.9601,54.28,1.027,22,121731,0.077,1,320.4,"-3.30,-0.02,9.81","2.7,-4.6,-4.4","26.250,-48.000,54.000",0.67,0.67,0.00,0,10129,8606,9,1.29,37.496735,126.957174,4630,64,228,3,7.50,0.00,999.00,55.4,0,40,0,1,-69,-70.8,8606,14,3,6.15,1,0,6.98,-1.35,0
12:35:09,55.010,1049451,1049438,1,0,1,37.496734,126.957171,0.08,318.3,0,318.3,1,152.4,1,0.18,10.14,8.89,0.9677,53.98,1.021,22,121742,0.077,1,320.4,"-2.91,-0.18,9.71","8.2,-3.1,-1.6","25.350,-47.700,54.150",0.35,0.44,0.00,0,10130,8607,9,1.29,37.496735,126.957174,4630,64,228,3,7.50,0.00,999.00,55.4,0,40,0,1,-70,-70.6,8607,15,3,6.06,1,0,6.98,-1.35,0
12:35:09,55.214,1049544,1049543,1,0,1,37.496734,126.957171,0.09,318.3,0,318.3,1,152.4,1,0.00,9.33,11.53,0.9607,54.30,0.973,22,121753,0.103,1,320.4,"-2.86,-0.36,8.87","10.1,5.5,0.8","26.550,-45.000,54.150",0.50,0.59,0.00,0,10131,8607,9,1.29,37.496736,126.957174,4631,64,228,3,7.50,0.00,999.00,55.4,0,40,0,1,-70,-70.6,8607,108,3,6.06,1,0,6.98,-1.35,0
12:35:09,55.462,1049767,1049754,1,0,1,37.496734,126.957171,0.09,318.3,0,318.3,1,152.7,1,4.85,9.92,9.94,0.9768,55.21,0.991,22,121777,0.093,1,320.4,"-2.50,-0.04,9.60","4.3,-4.5,-7.7","27.450,-44.850,55.050",0.45,1.39,0.00,0,10133,8610,9,1.29,37.496736,126.957175,4632,64,228,3,7.09,0.00,999.00,56.2,0,40,0,1,-62,-67.8,8610,15,3,4.61,1,0,6.98,-1.35,0
12:35:09,55.626,1049959,1049958,1,0,1,37.496734,126.957172,0.10,318.3,0,318.3,1,153.8,1,0.96,9.58,4.93,0.9622,53.93,0.928,22,121800,0.108,1,320.4,"-2.98,-0.03,9.10","-0.2,0.1,-4.9","26.550,-44.250,54.900",0.27,0.27,0.00,0,10135,8611,9,1.29,37.496736,126.957175,4633,64,228,3,7.09,0.00,999.00,56.2,0,40,0,1,-59,-66.0,8611,98,3,3.90,1,0,6.98,-1.35,0
12:35:10,56.096,1050059,1050058,1,0,1,37.496734,126.957172,0.10,318.3,0,318.3,1,153.9,1,1.23,9.77,8.91,0.9697,53.23,0.899,22,121812,0.108,1,320.4,"-2.78,0.07,9.37","-0.2,-7.2,-5.3","24.600,-43.800,52.950",0.18,0.32,0.00,0,10136,8612,9,1.29,37.496736,126.957175,4633,64,228,3,7.09,0.00,999.00,56.2,0,40,0,1,-60,-64.8,8612,94,3,3.48,1,0,6.98,-1.35,0
12:35:10,56.411,1050668,1050667,1,0,1,37.496735,126.957173,0.15,318.3,0,318.3,1,153.9,1,0.00,9.60,4.27,0.9674,56.04,0.860,22,121883,0.149,1,320.4,"-2.81,0.01,9.18","0.6,-4.2,-0.2","23.850,-42.600,55.650",0.14,0.30,0.00,0,10142,8617,9,1.29,37.496738,126.957176,4637,64,228,3,7.30,0.00,999.00,45.1,0,40,0,1,-64,-62.1,8617,65,3,2.68,1,0,6.98,-1.35,0
12:35:11,57.570,1050768,1050767,1,0,1,37.496735,126.957173,0.15,318.3,0,318.3,1,153.9,1,0.00,9.40,3.37,0.9640,55.08,0.924,22,121895,0.149,1,320.4,"-2.83,-0.20,8.96","-1.6,-2.5,1.6","25.650,-43.800,54.150",0.35,0.62,0.00,0,10143,8618,9,1.29,37.496738,126.957176,4637,64,228,3,7.30,0.00,999.00,45.1,0,40,0,1,-69,-63.4,8618,66,3,3.06,1,0,6.98,-1.35,0
12:35:12,58.028,1052094,1052081,1,0,1,37.496737,126.957176,0.04,318.3,0,318.3,1,154.1,1,0.00,9.72,7.48,0.9669,54.45,0.942,22,122049,0.010,1,320.4,"-2.83,-0.13,9.29","0.5,-7.3,1.4","25.200,-44.850,54.300",0.09,0.34,0.00,0,10156,8631,9,0.89,37.496739,126.957182,4644,64,228,3,7.79,0.00,999.00,49.8,0,40,0,1,-51,-55.9,8631,20,3,1.49,1,0,6.98,-1.35,0
12:35:12,58.378,1052314,1052313,1,0,1,37.496737,126.957176,0.04,318.3,0,318.3,1,154.1,1,0.00,9.82,3.14,0.9712,55.50,0.955,22,122071,0.041,1,320.4,"-2.67,-0.22,9.45","1.0,0.7,-2.9","24.000,-46.050,55.500",0.10,0.31,0.00,0,10158,8633,9,0.89,37.496739,126.957183,4645,64,228,3,7.79,0.00,999.00,49.8,0,40,0,1,-55,-55.3,8633,30,3,1.40,1,0,6.98,-1.35,0
12:35:12,58.701,1052617,1052616,1,0,1,37.496738,126.957177,0.04,318.3,0,318.3,1,154.1,1,0.00,9.72,2.86,0.9735,53.70,0.925,22,122107,0.031,1,320.4,"-2.59,-0.06,9.37","2.3,1.1,1.4","24.450,-44.850,53.550",0.16,0.30,0.00,0,10161,8636,9,0.89,37.496739,126.957183,4646,64,228,3,7.79,0.00,999.00,49.8,0,40,0,1,-50,-54.2,8636,19,3,1.27,1,0,6.98,-1.35,0
12:35:13,58.996,1053243,1053243,1,0,1,37.496738,126.957179,0.02,318.3,0,318.3,1,154.1,1,0.00,9.62,3.37,0.9690,54.04,0.944,22,122176,0.021,1,320.4,"-2.66,-0.34,9.24","-1.2,-2.9,-1.3","22.200,-46.950,54.150",0.17,0.25,0.00,0,10167,8642,9,0.89,37.496741,126.957186,4649,64,228,3,7.73,0.00,999.00,44.9,0,40,0,1,-45,-49.7,8642,10,4,0.83,1,0,6.98,-1.35,0
12:35:13,59.062,1053356,1053343,1,0,1,37.496738,126.957179,0.03,318.3,0,318.3,1,154.1,1,0.00,9.86,5.50,0.9745,53.44,0.916,22,122188,0.041,1,320.4,"-2.48,-0.36,9.53","-1.1,-5.1,1.6","22.650,-45.750,53.400",0.23,0.23,0.00,0,10168,8643,9,0.89,37.496741,126.957186,4650,64,228,3,7.73,0.00,999.00,44.9,0,40,0,1,-51,-50.0,8643,17,4,0.85,1,0,6.98,-1.35,0
12:35:13,59.179,1053563,1053550,1,0,1,37.496739,126.957180,0.04,318.3,0,318.3,1,154.0,1,-1.13,9.79,7.52,0.9750,53.44,0.929,22,122210,0.041,1,320.4,"-2.44,-0.37,9.48","1.8,6.0,4.2","23.400,-45.750,53.400",0.14,0.46,0.00,0,10170,8645,9,0.89,37.496741,126.957188,4651,64,228,3,7.73,0.00,999.00,44.9,0,40,0,1,-54,-53.5,8645,15,4,1.19,1,0,6.98,-1.35,0
12:35:13,59.274,1053654,1053653,1,0,1,37.496739,126.957180,0.04,318.3,0,318.3,1,153.9,1,0.00,9.53,4.42,0.9753,54.27,0.946,22,122221,0.041,1,320.4,"-2.31,-0.47,9.23","3.6,1.6,2.1","23.250,-46.350,54.300",0.33,0.33,0.00,0,10171,8645,9,0.89,37.496741,126.957188,4651,64,228,3,7.73,0.00,999.00,44.9,0,40,0,1,-54,-53.5,8645,106,4,1.19,1,0,6.98,-1.35,0
12:35:13,59.428,1053755,1053754,1,0,1,37.496739,126.957181,0.05,318.3,0,318.3,1,153.8,1,0.00,9.61,2.53,0.9766,53.22,0.991,22,122233,0.062,1,320.4,"-2.34,-0.31,9.31","1.7,-1.6,1.0","23.850,-47.700,53.400",0.16,0.37,0.00,0,10172,8646,9,0.89,37.496741,126.957189,4652,64,228,3,7.73,0.00,999.00,44.9,0,40,0,1,-56,-54.0,8646,98,4,1.25,1,0,6.98,-1.35,0
12:35:13,59.579,1053855,1053854,1,0,1,37.496739,126.957181,0.05,318.3,0,318.3,1,153.8,1,0.00,9.74,3.03,0.9769,53.39,0.928,22,122245,0.062,1,320.4,"-2.35,-0.33,9.44","-1.9,-2.4,0.2","22.650,-46.200,53.400",0.10,0.23,0.00,0,10173,8646,9,0.89,37.496741,126.957189,4652,64,228,3,7.73,0.00,999.00,44.9,0,40,0,1,-56,-54.0,8646,198,4,1.25,1,0,6.98,-1.35,0
12:35:13,59.711,1054057,1054056,0,0,1,37.496739,126.957181,0.05,318.3,0,318.3,1,153.8,1,0.00,9.81,3.97,0.9736,53.38,0.908,22,122269,0.046,1,320.4,"-2.52,-0.34,9.47","-2.5,-1.7,-2.6","21.450,-46.200,53.400",0.10,0.19,0.00,0,10175,8648,9,0.89,37.496741,126.957190,4653,64,228,3,7.72,0.00,999.00,39.9,0,40,0,1,-51,-53.6,8648,77,4,1.19,1,0,6.98,-1.35,0
12:35:13,59.741,1054159,1054158,0,0,1,37.496739,126.957182,0.03,318.3,0,318.3,1,153.8,1,0.00,9.69,5.43,0.9763,52.37,1.001,22,122281,0.021,1,320.4,"-2.40,-0.23,9.39","3.1,3.8,-2.3","23.100,-48.600,52.650",0.12,0.20,0.00,0,10176,8649,9,1.13,37.496741,126.957190,4654,64,228,3,7.72,0.00,999.00,39.9,0,40,0,1,-50,-52.9,8649,77,4,1.12,1,0,6.98,-1.35,0
12:35:13,59.901,1054259,1054258,0,0,1,37.496739,126.957182,0.03,318.3,0,318.3,1,153.8,1,0.00,9.76,4.26,0.9760,52.74,0.990,22,122290,0.021,1,320.4,"-2.41,-0.29,9.45","2.4,3.5,-0.2","25.200,-46.800,52.800",0.06,0.31,0.00,0,10177,8650,9,1.13,37.496741,126.957190,4654,64,228,3,7.72,0.00,999.00,39.9,0,40,0,1,-51,-52.5,8650,72,4,1.08,1,0,6.98,-1.35,0
12:35:14,60.045,1054462,1054461,0,0,1,37.496739,126.957183,0.02,318.3,0,318.3,1,153.8,1,0.00,9.63,1.93,0.9714,52.68,0.993,22,122314,0.010,1,320.4,"-2.60,-0.25,9.27","-0.1,1.5,-1.2","24.750,-47.250,52.800",0.22,0.30,0.00,0,10179,8652,9,1.13,37.496741,126.957190,4655,64,228,3,7.72,0.00,999.00,39.9,0,40,0,1,-51,-51.9,8652,70,4,1.02,1,0,6.98,-1.35,0
12:35:14,60.132,1054563,1054562,0,0,1,37.496739,126.957183,0.03,318.3,0,318.3,1,153.8,1,1.02,9.74,6.71,0.9728,52.89,0.953,22,122326,0.041,1,320.4,"-2.53,-0.35,9.40","-2.4,3.2,-5.4","23.400,-46.650,52.950",0.03,0.31,0.00,0,10180,8653,9,1.13,37.496741,126.957190,4656,64,228,3,7.29,0.00,999.00,39.8,0,40,0,1,-51,-51.8,8653,66,4,1.01,1,0,6.98,-1.35,0
12:35:14,60.262,1054663,1054662,0,0,1,37.496739,126.957183,0.03,318.3,0,318.3,1,153.8,1,0.00,9.82,1.36,0.9697,53.25,0.970,22,122338,0.041,1,320.4,"-2.66,-0.42,9.45","-1.1,0.1,-0.8","23.100,-47.400,53.400",0.16,0.23,0.00,0,10181,8654,9,1.13,37.496741,126.957190,4656,64,228,3,7.29,0.00,999.00,39.8,0,40,0,1,-52,-51.8,8654,57,4,1.01,1,0,6.98,-1.35,0
12:35:14,60.420,1054765,1054764,0,0,1,37.496739,126.957184,0.04,318.3,0,318.3,1,153.8,1,0.00,9.80,3.00,0.9688,53.99,0.957,22,122350,0.057,1,320.4,"-2.71,-0.37,9.41","-1.2,-1.4,-2.4","22.200,-47.400,54.150",0.18,0.26,0.00,0,10182,8655,9,1.13,37.496741,126.957190,4657,64,228,3,7.29,0.00,999.00,39.8,0,40,0,1,-58,-53.0,8655,58,4,1.14,1,0,6.98,-1.35,0
12:35:14,60.545,1054967,1054966,0,0,1,37.496739,126.957184,0.05,318.3,0,318.3,1,153.8,1,0.00,9.77,3.11,0.9715,53.39,1.038,22,122374,0.051,1,320.4,"-2.56,-0.45,9.42","0.5,-2.8,-1.1","24.600,-48.900,53.700",0.04,0.25,0.00,0,10184,8657,9,1.13,37.496740,126.957191,4658,64,228,3,7.29,0.00,999.00,39.8,0,40,0,1,-64,-56.0,8657,50,4,1.51,1,0,6.98,-1.35,0
12:35:14,60.629,1055069,1055068,0,0,1,37.496740,126.957185,0.05,318.3,0,318.3,1,153.8,1,0.00,9.85,3.70,0.9715,53.99,1.013,22,122386,0.046,1,320.4,"-2.59,-0.43,9.49","2.9,0.5,-2.3","23.250,-48.750,54.300",0.09,0.17,0.00,0,10185,8658,9,1.13,37.496741,126.957192,4659,64,228,3,7.29,0.00,999.00,39.8,0,40,0,1,-68,-58.4,8658,47,4,1.90,1,0,6.98,-1.35,0
12:35:14,60.879,1055169,1055168,0,0,1,37.496740,126.957185,0.05,318.3,0,318.3,1,153.8,1,0.00,9.69,2.85,0.9735,52.65,0.988,22,122398,0.046,1,320.4,"-2.53,-0.22,9.35","2.4,-0.8,-1.2","24.000,-47.550,52.800",0.20,0.20,0.00,0,10186,8659,9,1.13,37.496741,126.957192,4659,64,228,3,7.29,0.00,999.00,39.8,0,40,0,1,-67,-60.1,8659,42,4,2.23,1,0,6.98,-1.35,0
12:35:15,61.151,1055375,1055374,0,0,1,37.496740,126.957186,0.05,318.3,0,318.3,1,153.8,1,0.00,9.82,2.59,0.9699,54.14,1.006,22,122421,0.057,1,320.4,"-2.68,-0.35,9.44","0.0,1.4,2.2","24.750,-47.550,54.300",0.16,0.23,0.00,0,10188,8661,9,0.89,37.496741,126.957193,4660,64,228,3,7.29,0.00,999.00,39.8,0,40,0,1,-70,-63.4,8661,38,4,3.04,1,0,6.98,-1.35,0
12:35:15,61.311,1055677,1055676,0,0,1,37.496740,126.957187,0.07,318.3,0,318.3,1,153.8,1,0.00,9.75,2.29,0.9738,54.05,0.973,22,122457,0.098,1,320.4,"-2.44,-0.47,9.43","1.8,-0.8,-1.2","23.850,-46.950,54.150",0.13,0.15,0.00,0,10191,8664,9,0.89,37.496741,126.957194,4662,64,228,3,7.29,0.00,999.00,39.8,0,40,0,1,-73,-68.2,8664,25,4,4.82,1,0,6.98,-1.35,0
12:35:15,61.347,1055777,1055776,0,0,1,37.496740,126.957187,0.07,318.3,0,318.3,1,153.8,1,0.00,9.73,2.91,0.9746,54.22,0.964,22,122469,0.098,1,320.4,"-2.45,-0.34,9.41","1.9,0.8,-2.0","23.550,-46.800,54.300",0.08,0.24,0.00,0,10192,8665,9,0.89,37.496741,126.957194,4662,64,228,3,7.29,0.00,999.00,39.8,0,40,0,1,-75,-69.6,8665,19,4,5.48,1,0,6.98,-1.35,0
12:35:15,61.664,1055879,1055878,0,0,1,37.496740,126.957187,0.10,318.3,0,318.3,1,153.8,1,0.00,9.68,5.56,0.9761,52.03,0.979,22,122481,0.118,1,320.4,"-2.39,-0.30,9.38","5.5,0.9,-0.5","23.400,-47.700,52.200",0.14,0.27,0.00,0,10193,8666,9,1.13,37.496742,126.957194,4663,64,228,3,7.29,0.00,999.00,39.8,0,40,0,1,-80,-71.7,8666,14,4,6.68,1,0,6.98,-1.35,0
12:35:15,61.926,1056199,1056186,0,0,1,37.496740,126.957188,0.12,318.3,0,318.3,1,153.8,1,0.00,9.77,2.43,0.9717,53.41,0.956,22,122518,0.144,1,320.4,"-2.60,-0.33,9.41","1.2,-2.0,0.7","22.500,-47.250,53.550",0.06,0.19,0.00,0,10196,8668,9,1.13,37.496742,126.957194,4664,64,228,3,6.93,0.00,999.00,34.1,0,40,0,1,-70,-72.0,8668,19,4,6.92,1,0,6.98,-1.35,0
12:35:16,61.980,1056306,1056293,0,0,1,37.496740,126.957188,0.13,318.3,0,318.3,1,153.8,1,0.00,9.69,2.41,0.9721,54.00,0.985,22,122528,0.134,1,320.4,"-2.59,-0.25,9.34","-2.4,0.1,0.3","23.850,-47.400,54.150",0.12,0.22,0.00,0,10197,8669,9,1.13,37.496742,126.957194,4665,64,228,3,6.51,0.00,999.00,33.6,0,40,0,1,-69,-71.4,8669,20,4,6.53,1,0,6.98,-1.35,0
12:35:16,62.032,1056410,1056397,0,0,1,37.496740,126.957188,0.13,318.3,0,318.3,1,153.8,1,0.00,9.79,2.29,0.9738,51.89,0.952,22,122539,0.134,1,320.4,"-2.52,-0.30,9.46","-0.9,-2.1,-0.3","22.050,-47.550,52.050",0.09,0.21,0.00,0,10198,8670,9,1.13,37.496742,126.957194,4665,64,228,3,6.51,0.00,999.00,33.6,0,40,0,1,-71,-71.3,8670,19,4,6.48,1,0,6.98,-1.35,0
12:35:16,62.051,1056513,1056500,0,0,1,37.496741,126.957189,0.13,318.3,0,318.3,1,153.8,1,0.00,9.66,3.75,0.9716,52.77,0.982,22,122550,0.134,1,320.4,"-2.51,-0.48,9.32","-0.9,2.9,-2.2","23.400,-47.700,52.950",0.13,0.20,0.00,0,10199,8671,9,1.13,37.496742,126.957194,4666,64,228,3,6.51,0.00,999.00,33.6,0,40,0,1,-72,-71.5,8671,16,4,6.56,1,0,6.98,-1.35,0
12:35:16,62.164,1056616,1056603,1,0,1,37.496741,126.957189,0.13,318.3,0,318.3,1,153.8,1,0.00,9.67,2.87,0.9700,54.62,0.999,22,122561,0.134,1,320.4,"-2.66,-0.25,9.29","2.4,0.5,-1.5","24.750,-47.250,54.750",0.21,0.23,0.00,0,10200,8672,9,1.13,37.496742,126.957194,4666,64,228,3,6.51,0.00,999.00,33.6,0,41,0,1,-70,-71.2,8672,14,4,6.38,1,0,6.98,-1.35,0
12:35:16,62.266,1056709,1056707,1,0,1,37.496741,126.957189,0.11,318.3,0,318.3,1,153.9,1,0.00,9.59,4.27,0.9747,51.85,1.006,22,122572,0.082,1,320.4,"-2.24,-0.68,9.30","-1.8,3.9,-0.0","24.450,-48.000,52.050",0.43,0.43,0.00,0,10201,8673,9,1.13,37.496742,126.957195,4667,64,228,3,6.51,0.00,999.00,33.6,0,41,0,1,-70,-70.9,8673,1,4,6.38,1,0,6.98,-1.35,0
12:35:16,62.346,1056809,1056808,1,0,1,37.496741,126.957189,0.11,318.3,0,318.3,1,153.9,1,-1.06,9.60,4.09,0.9895,53.71,1.066,22,122584,0.082,1,320.4,"-1.26,-0.64,9.50","-1.3,2.2,3.2","26.250,-48.750,54.000",1.40,1.93,0.00,0,10202,8673,9,1.13,37.496742,126.957195,4667,64,228,3,6.51,0.00,999.00,33.6,0,41,0,1,-70,-70.9,8673,101,4,6.24,1,0,6.98,-1.35,0
12:35:16,62.479,1056910,1056909,1,0,1,37.496741,126.957190,0.06,318.3,0,318.3,1,153.9,1,0.00,9.78,4.11,0.9752,53.92,1.006,22,122596,0.010,1,320.4,"-2.52,-0.11,9.45","-3.5,-2.0,-0.6","23.850,-48.150,54.150",0.31,0.48,0.00,0,10203,8674,9,1.13,37.496741,126.957197,4668,64,228,3,6.51,0.00,999.00,33.6,0,41,0,1,-74,-71.6,8674,96,4,6.61,1,0,6.98,-1.35,0
12:35:16,62.826,1057011,1057010,1,0,1,37.496741,126.957190,0.06,318.3,0,318.3,1,153.9,1,0.00,9.86,1.01,0.9681,52.57,1.030,22,122608,0.010,1,320.4,"-2.72,-0.45,9.46","0.9,0.1,0.4","25.200,-48.300,52.800",0.14,0.64,0.00,0,10204,8675,9,1.13,37.496741,126.957197,4668,64,228,3,6.51,0.00,999.00,33.6,0,41,0,1,-70,-71.2,8675,92,4,6.42,1,0,6.98,-1.35,0
12:35:16,62.939,1057236,1057212,1,0,1,37.496741,126.957191,0.07,318.3,0,318.3,1,153.9,1,0.00,9.72,3.87,0.9686,52.38,1.019,22,122632,0.072,1,320.4,"-2.67,-0.43,9.34","2.5,-2.5,1.6","24.150,-48.600,52.650",0.06,0.30,0.00,0,10206,8678,9,0.89,37.496740,126.957199,4669,64,228,3,6.51,0.00,999.00,33.6,0,41,0,1,-68,-69.6,8678,2,4,5.72,1,0,6.98,-1.35,0
12:35:17,63.061,1057330,1057329,1,0,1,37.496741,126.957191,0.08,318.3,0,318.3,1,153.9,1,0.00,9.76,2.45,0.9701,52.35,0.995,22,122643,0.087,1,320.4,"-2.60,-0.49,9.39","-0.1,1.9,-1.5","24.450,-47.550,52.500",0.05,0.23,0.00,0,10207,8678,9,0.89,37.496740,126.957200,4670,64,228,3,6.51,0.00,999.00,33.6,0,41,0,1,-68,-69.6,8678,96,4,5.51,1,0,6.98,-1.35,0
12:35:17,63.196,1057538,1057537,1,0,1,37.496741,126.957192,0.08,318.3,0,318.3,1,153.9,1,0.00,10.23,3.53,0.9578,52.78,0.990,22,122668,0.077,1,320.4,"-3.21,-0.50,9.70","0.5,-3.5,-0.4","24.450,-46.350,52.800",0.65,0.85,0.00,0,10209,8679,9,0.89,37.496740,126.957201,4671,64,228,3,6.51,0.00,999.00,33.6,0,41,0,1,-73,-70.3,8679,83,4,5.87,1,0,6.98,-1.35,0
12:35:17,63.394,1057639,1057638,1,0,1,37.496741,126.957192,0.08,318.3,0,318.3,1,153.9,1,0.00,9.16,1.61,0.9743,52.37,1.001,22,122680,0.077,1,320.4,"-2.04,-0.82,8.90","-0.5,-0.6,1.4","23.100,-48.600,52.650",0.81,1.20,0.00,0,10210,8680,9,0.89,37.496740,126.957201,4671,64,228,3,6.51,0.00,999.00,33.6,0,41,0,1,-70,-70.2,8680,82,4,5.84,1,0,6.98,-1.35,0
12:35:17,63.512,1057941,1057940,1,0,1,37.496741,126.957194,0.04,318.3,0,318.3,1,153.9,1,0.00,9.73,2.80,0.9807,54.61,1.013,22,122716,0.026,1,320.4,"-2.18,-0.28,9.48","-1.2,-1.5,-2.1","23.400,-48.600,54.900",0.47,0.82,0.00,0,10213,8682,9,0.89,37.496741,126.957202,4673,64,228,3,6.09,0.00,999.00,33.0,0,41,0,1,-62,-67.9,8682,68,4,4.68,1,0,6.98,-1.35,0
12:35:17,63.596,1058042,1058041,1,0,1,37.496741,126.957194,0.04,318.3,0,318.3,1,153.9,1,0.00,9.00,2.28,0.9685,53.47,1.004,22,122728,0.026,1,320.4,"-2.27,-0.79,8.68","1.5,-0.8,-1.5","23.850,-48.150,53.700",0.71,0.81,0.00,0,10214,8683,9,0.89,37.496741,126.957202,4673,64,228,3,6.09,0.00,999.00,33.0,0,41,0,1,-61,-66.5,8683,67,4,4.10,1,0,6.98,-1.35,0
12:35:17,63.812,1058143,1058142,1,0,1,37.496741,126.957194,0.05,318.3,0,318.3,1,153.9,1,0.00,9.74,6.20,0.9771,54.20,0.979,22,122740,0.051,1,320.4,"-2.30,-0.42,9.45","-0.9,-4.7,-4.0","22.200,-48.150,54.450",0.27,1.12,0.00,0,10215,8684,9,0.89,37.496741,126.957202,4674,64,228,3,6.09,0.00,999.00,33.0,0,41,0,1,-55,-64.2,8684,65,4,3.29,1,0,6.98,-1.35,0
12:35:17,63.884,1058248,1058247,1,0,1,37.496741,126.957194,0.05,318.3,0,318.3,1,153.9,1,0.00,9.61,2.96,0.9740,52.58,0.974,22,122751,0.051,1,320.4,"-2.29,-0.66,9.31","0.3,0.6,-2.9","22.500,-48.000,52.800",0.20,0.49,0.00,0,10216,8685,9,0.89,37.496741,126.957202,4674,64,228,3,6.09,0.00,999.00,33.0,0,41,0,1,-55,-62.4,8685,66,4,2.76,1,0,6.98,-1.35,0
12:35:18,63.995,1058350,1058348,1,0,1,37.496741,126.957195,0.06,318.3,0,318.3,1,153.9,1,0.00,9.62,3.69,0.9748,53.08,0.956,22,122763,0.077,1,320.4,"-2.38,-0.42,9.31","3.4,0.4,1.3","22.050,-47.550,53.250",0.12,0.38,0.00,0,10217,8686,8,1.13,37.496740,126.957203,4675,64,228,3,6.09,0.00,999.00,33.0,0,41,0,1,-51,-60.1,8686,62,4,2.22,1,0,6.98,-1.35,0
12:35:18,64.329,1058551,1058550,1,0,1,37.496741,126.957196,0.05,318.3,0,318.3,1,153.9,1,0.00,9.76,1.88,0.9737,53.87,0.970,22,122787,0.041,1,320.4,"-2.41,-0.55,9.45","-1.0,1.3,-0.9","23.250,-47.250,54.000",0.11,0.59,0.00,0,10219,8688,8,1.13,37.496740,126.957203,4676,64,228,3,6.22,0.00,999.00,26.9,0,41,0,1,-49,-56.4,8688,52,4,1.57,1,0,6.98,-1.35,0
12:35:18,64.578,1058855,1058854,1,0,1,37.496741,126.957196,0.04,318.3,0,318.3,1,154.0,1,0.00,9.92,1.94,0.9765,51.51,0.968,22,122823,0.036,1,320.4,"-2.32,-0.54,9.63","1.4,-0.6,-1.2","19.650,-49.350,51.900",0.26,0.28,0.00,0,10222,8691,8,1.13,37.496740,126.957204,4677,64,228,3,6.22,0.00,999.00,26.9,0,41,0,1,-56,-54.7,8691,36,4,1.33,1,0,6.98,-1.35,0
12:35:18,64.746,1059058,1059057,1,0,1,37.496741,126.957197,0.03,318.3,0,318.3,1,154.1,1,0.00,9.21,2.94,0.9653,52.13,0.972,22,122847,0.010,1,320.4,"-2.49,-0.76,8.83","1.5,2.1,1.5","20.100,-49.200,52.500",0.61,0.61,0.00,0,10224,8693,8,1.13,37.496741,126.957204,4678,64,228,3,6.22,0.00,999.00,26.9,0,41,0,1,-57,-55.4,8693,31,4,1.42,1,0,6.98,-1.35,0
12:35:18,64.878,1059266,1059265,1,0,1,37.496741,126.957198,0.04,318.3,0,318.3,1,154.1,1,0.00,9.56,4.45,0.9739,53.39,0.977,22,122870,0.062,1,320.4,"-2.18,-0.81,9.27","4.0,0.2,1.9","23.250,-47.550,53.550",0.35,0.73,0.00,0,10226,8695,8,1.13,37.496741,126.957204,4680,64,228,3,5.82,0.00,999.00,25.8,0,41,0,1,-63,-57.3,8695,28,4,1.71,1,0,6.98,-1.35,0
12:35:18,64.917,1059366,1059365,1,0,1,37.496741,126.957198,0.04,318.3,0,318.3,1,153.9,1,0.07,10.14,11.27,0.9728,52.62,0.979,22,122882,0.062,1,320.4,"-2.68,-0.23,9.77","-3.6,-9.3,-5.3","21.150,-48.900,52.950",0.53,0.71,0.00,0,10227,8696,8,1.13,37.496741,126.957204,4680,64,228,3,5.82,0.00,999.00,25.8,0,41,0,1,-67,-59.2,8696,23,4,2.05,1,0,6.98,-1.35,0
12:35:19,65.011,1059466,1059465,1,0,1,37.496741,126.957198,0.07,318.3,0,318.3,1,154.5,1,7.95,9.71,14.17,0.9787,51.72,0.917,22,122894,0.093,1,320.4,"-1.96,-0.81,9.48","1.9,-7.4,-11.9","19.800,-47.550,51.900",0.52,0.57,0.00,0,10228,8697,8,1.13,37.496741,126.957204,4681,64,228,3,5.82,0.00,999.00,25.8,0,41,0,1,-64,-60.2,8697,17,4,2.24,1,0,6.98,-1.35,0
12:35:19,65.133,1059567,1059566,1,0,1,37.496741,126.957198,0.07,318.3,0,318.3,1,154.6,1,0.00,9.65,6.69,0.9841,53.27,0.837,22,122906,0.093,1,320.4,"-1.78,-0.59,9.46","3.4,-5.7,0.5","17.850,-45.600,53.250",0.49,0.77,0.00,0,10229,8698,8,1.13,37.496741,126.957204,4681,64,228,3,5.41,0.00,999.00,24.6,0,41,0,1,-68,-61.8,8698,12,4,2.60,1,0,6.98,-1.35,0
12:35:19,65.347,1059678,1059666,1,0,1,37.496741,126.957199,0.07,318.3,0,318.3,1,154.6,1,0.76,9.18,11.93,0.9765,53.22,0.893,22,122918,0.072,1,320.4,"-2.11,-0.56,8.92","-6.2,-7.9,-6.5","18.000,-47.400,53.400",0.50,0.76,0.00,0,10230,8699,8,1.13,37.496741,126.957204,4682,64,228,3,5.41,0.00,999.00,24.6,0,41,0,1,-66,-62.6,8699,15,4,2.82,1,0,6.98,-1.35,0
12:35:19,65.576,1059885,1059872,1,0,1,37.496741,126.957199,0.08,318.3,0,318.3,1,155.1,1,0.23,9.78,6.00,0.9816,50.61,0.914,22,122940,0.098,1,320.4,"-1.65,-0.94,9.59","-3.5,-0.7,-4.8","15.600,-49.200,51.000",0.52,0.70,0.00,0,10232,8701,8,1.13,37.496741,126.957205,4683,64,228,3,5.41,0.00,999.00,24.6,0,41,0,1,-75,-65.8,8701,15,4,3.82,1,0,6.98,-1.35,0
12:35:19,65.729,1059989,1059976,1,0,1,37.496741,126.957199,0.08,318.3,0,318.3,1,155.1,1,0.00,9.58,5.62,0.9850,51.13,0.906,22,122951,0.098,1,320.4,"-1.33,-0.91,9.44","3.3,-4.5,0.5","16.500,-48.600,51.450",0.66,0.68,0.00,0,10233,8702,8,1.13,37.496741,126.957205,4683,64,228,3,5.41,0.00,999.00,24.6,0,41,0,1,-74,-67.4,8702,14,4,4.47,1,0,6.98,-1.35,0
12:35:19,65.935,1060286,1060285,1,0,1,37.496741,126.957200,0.10,318.3,0,318.3,1,155.4,1,0.00,9.78,6.40,0.9818,50.95,0.894,22,122985,0.108,1,320.4,"-1.71,-0.88,9.59","1.9,6.1,-0.1","14.850,-48.750,51.300",0.16,0.38,0.00,0,10236,8704,9,0.89,37.496741,126.957206,4685,64,228,3,5.01,0.00,999.00,23.2,0,41,0,1,-71,-68.7,8704,100,4,5.05,1,0,6.98,-1.35,0
12:35:20,66.068,1060487,1060486,1,0,1,37.496741,126.957201,0.13,318.3,0,318.3,1,155.4,1,0.00,9.61,3.82,0.9856,51.72,0.820,22,123009,0.154,1,320.4,"-1.54,-0.72,9.46","3.5,0.3,1.5","15.600,-46.050,51.750",0.17,0.44,0.00,0,10238,8706,9,0.89,37.496742,126.957206,4686,64,228,3,4.61,0.00,999.00,21.5,0,41,0,1,-78,-72.2,8706,87,4,7.04,1,0,6.98,-1.35,0
12:35:20,66.248,1060588,1060587,1,0,1,37.496741,126.957201,0.13,318.3,0,318.3,1,155.4,1,0.00,9.75,3.86,0.9868,50.83,0.850,22,123021,0.154,1,320.4,"-1.51,-0.68,9.61","1.4,2.8,-2.2","15.150,-47.250,51.000",0.14,0.28,0.00,0,10239,8706,9,0.89,37.496742,126.957206,4686,64,228,3,4.61,0.00,999.00,21.5,0,41,0,1,-78,-72.2,8706,188,4,7.04,1,0,6.98,-1.35,0
12:35:20,66.579,1060789,1060788,1,0,1,37.496741,126.957201,0.14,318.3,0,318.3,1,155.4,1,0.00,9.76,3.43,0.9861,51.84,0.860,22,123045,0.154,1,320.4,"-1.69,-0.56,9.60","1.4,-1.9,-2.5","14.850,-47.550,52.050",0.14,0.20,0.00,0,10241,8708,9,0.89,37.496742,126.957206,4687,64,228,3,4.21,0.00,999.00,19.5,0,41,0,1,-79,-73.7,8708,74,4,8.11,1,0,6.98,-1.35,0
12:35:20,66.667,1060890,1060889,1,0,1,37.496741,126.957202,0.14,318.3,0,318.3,1,155.4,1,0.00,9.68,2.17,0.9816,51.85,0.823,22,123057,0.139,1,320.4,"-1.53,-1.02,9.50","1.9,-1.1,-0.2","15.450,-46.200,51.900",0.35,0.35,0.00,0,10242,8709,9,0.89,37.496742,126.957207,4688,64,228,3,4.21,0.00,999.00,19.5,0,41,0,1,-73,-73.6,8709,72,4,8.00,1,0,6.98,-1.35,0
12:35:20,66.667,1060991,1060990,1,0,1,37.496741,126.957202,0.14,318.3,0,318.3,1,155.3,1,-0.09,9.40,5.83,0.9898,52.63,0.873,22,123069,0.139,1,320.4,"-1.55,-0.26,9.27","3.3,3.5,3.3","16.800,-47.250,52.800",0.52,0.52,0.00,0,10243,8710,9,0.89,37.496742,126.957207,4688,64,228,3,4.21,0.00,999.00,19.5,0,41,0,1,-77,-74.2,8710,68,4,8.55,1,0,6.98,-1.35,0
12:35:20,66.894,1061092,1061091,1,0,1,37.496741,126.957202,0.13,318.3,0,318.3,1,155.4,1,3.54,9.96,13.63,0.9826,51.36,0.847,22,123081,0.113,1,320.4,"-1.82,-0.75,9.76","-10.0,2.6,-8.9","16.500,-46.650,51.450",0.28,0.93,0.00,0,10244,8711,9,0.89,37.496743,126.957207,4689,64,228,3,3.82,0.00,999.00,17.1,0,41,0,1,-70,-73.4,8711,54,4,7.88,1,0,6.98,-1.35,0
12:35:21,66.998,1061192,1061191,1,0,1,37.496741,126.957202,0.13,318.3,0,318.3,1,155.7,1,0.00,9.84,8.01,0.9814,50.49,0.873,22,123093,0.113,1,320.4,"-1.62,-1.00,9.66","6.7,4.4,0.0","16.200,-47.700,50.700",0.30,0.61,0.00,0,10245,8712,9,0.89,37.496743,126.957207,4689,64,228,3,3.82,0.00,999.00,17.1,0,41,0,1,-77,-74.1,8712,39,4,8.44,1,0,6.98,-1.35,0
12:35:21,66.998,1061296,1061295,1,0,1,37.496741,126.957203,0.13,318.3,0,318.3,1,155.7,1,0.00,9.67,2.86,0.9851,52.52,0.865,22,123104,0.129,1,320.4,"-1.80,-0.48,9.49","2.1,-1.5,-1.2","16.950,-46.950,52.650",0.28,0.47,0.00,0,10246,8712,9,0.89,37.496743,126.957207,4690,64,228,3,3.82,0.00,999.00,17.1,0,41,0,1,-77,-74.1,8712,143,4,8.44,1,0,6.98,-1.35,0
12:35:21,67.111,1061397,1061396,1,0,1,37.496741,126.957203,0.13,318.3,0,318.3,1,155.9,1,2.52,9.70,6.43,0.9845,53.73,0.887,22,123116,0.129,1,320.4,"-1.71,-0.65,9.53","-0.6,1.4,-6.3","15.600,-48.000,54.000",0.08,0.34,0.00,0,10247,8713,9,0.89,37.496743,126.957207,4690,64,228,3,3.82,0.00,999.00,17.1,0,41,0,1,-77,-74.7,8713,42,4,8.92,1,0,6.98,-1.35,0
12:35:21,67.295,1061498,1061497,1,0,1,37.496742,126.957203,0.11,318.3,0,318.3,1,156.1,1,0.63,9.88,9.41,0.9814,51.88,0.865,22,123128,0.093,1,320.4,"-1.68,-0.95,9.69","-2.1,8.2,-4.1","16.350,-47.250,52.050",0.26,0.30,0.00,0,10248,8714,9,0.89,37.496743,126.957208,4691,64,228,3,3.44,0.00,999.00,14.1,0,41,0,1,-83,-76.4,8714,44,4,10.44,1,0,6.98,-1.35,0
12:35:21,67.478,1061799,1061798,1,0,1,37.496742,126.957204,0.09,318.3,0,318.3,1,156.3,1,0.00,9.85,9.03,0.9762,52.96,0.909,22,123164,0.072,1,320.4,"-2.04,-0.94,9.59","1.0,-8.8,-1.9","17.100,-48.300,53.250",0.18,0.41,0.00,0,10251,8715,9,0.89,37.496743,126.957209,4692,64,228,3,3.80,0.00,999.00,5.1,0,41,0,1,-83,-77.7,8715,242,4,11.85,1,0,6.98,-1.35,0
12:35:21,67.522,1061899,1061898,1,0,1,37.496742,126.957204,0.09,318.3,0,318.3,1,156.3,1,0.00,9.80,3.97,0.9821,51.55,0.878,22,123176,0.087,1,320.4,"-1.71,-0.86,9.61","3.3,2.1,0.9","16.800,-47.550,51.750",0.18,0.28,0.00,0,10252,8716,9,0.89,37.496744,126.957209,4693,64,228,3,3.47,0.00,999.00,0.9,0,41,0,1,-77,-77.5,8716,25,4,11.70,1,0,6.98,-1.35,0
12:35:21,67.579,1062000,1061999,1,0,1,37.496742,126.957204,0.09,318.3,0,318.3,1,156.3,1,1.00,9.60,7.18,0.9727,52.43,0.888,22,123188,0.087,1,320.4,"-1.96,-1.15,9.32","-0.1,5.8,-4.2","16.950,-47.700,52.650",0.35,0.35,0.00,0,10253,8717,9,0.89,37.496744,126.957209,4693,64,228,3,3.94,0.00,999.00,-6.5,0,41,0,1,-80,-78.0,8717,22,4,12.00,1,0,6.98,-1.35,0
12:35:21,67.766,1062101,1062100,1,0,1,37.496742,126.957204,0.09,318.3,0,318.3,1,156.3,1,0.00,9.77,4.49,0.9763,52.33,0.918,22,123200,0.093,1,320.4,"-2.04,-0.91,9.51","2.0,-3.8,1.5","17.250,-48.600,52.650",0.10,0.33,0.00,0,10254,8718,9,1.13,37.496744,126.957208,4694,64,228,3,3.94,0.00,999.00,-6.5,0,41,0,1,-83,-79.0,8718,17,4,12.00,1,0,6.98,-1.35,0
12:35:22,68.077,1062307,1062306,1,0,1,37.496742,126.957205,0.11,318.3,0,318.3,1,156.4,1,0.00,9.77,6.16,0.9744,52.91,0.852,22,123223,0.129,1,320.4,"-2.09,-0.96,9.49","1.9,5.6,-1.8","17.700,-46.200,52.950",0.16,0.31,0.00,0,10256,8720,9,1.13,37.496745,126.957207,4695,64,228,3,3.67,0.00,999.00,-11.5,0,41,0,1,-79,-78.7,8720,11,4,12.00,1,0,6.98,-1.35,0
12:35:22,68.262,1062610,1062609,1,0,1,37.496742,126.957205,0.11,318.3,0,318.3,1,156.4,1,0.00,9.65,3.81,0.9780,53.35,0.854,22,123258,0.103,1,320.4,"-2.05,-0.72,9.40","1.7,-3.2,-1.2","17.700,-46.200,53.400",0.18,0.24,0.00,0,10259,8721,9,1.13,37.496744,126.957208,4696,64,228,3,3.67,0.00,999.00,-11.5,0,41,0,1,-84,-79.8,8721,210,4,12.00,1,0,6.98,-1.35,0
12:35:22,68.393,1062710,1062709,1,0,1,37.496743,126.957205,0.10,318.3,0,318.3,1,156.5,1,0.66,9.76,4.87,0.9783,51.88,0.865,22,123270,0.087,1,320.4,"-1.96,-0.85,9.52","-1.1,1.4,-4.5","16.350,-47.250,52.050",0.05,0.22,0.00,0,10260,8721,9,1.13,37.496744,126.957208,4697,64,228,3,3.67,0.00,999.00,-11.5,0,41,0,1,-84,-79.8,8721,310,4,12.00,1,0,6.98,-1.35,0
12:35:22,68.688,1062912,1062911,1,0,1,37.496743,126.957205,0.08,318.3,0,318.3,1,156.4,1,0.00,9.66,3.76,0.9754,52.30,0.889,22,123294,0.072,1,320.4,"-2.13,-0.82,9.39","3.6,0.8,0.7","17.550,-47.550,52.500",0.17,0.28,0.00,0,10262,8723,9,1.13,37.496744,126.957208,4698,64,228,3,4.03,0.00,999.00,-22.1,0,41,0,1,-71,-78.5,8723,84,4,12.00,1,0,6.98,-1.35,0
12:35:23,69.041,1063215,1063214,2,0,1,37.496743,126.957206,0.07,318.3,0,318.3,1,156.4,1,0.00,9.67,6.54,0.9819,52.62,0.867,22,123330,0.057,1,320.4,"-1.77,-0.79,9.47","5.8,-2.2,2.2","18.900,-46.200,52.650",0.29,0.29,0.00,0,10265,8726,9,1.13,37.496744,126.957209,4699,64,228,3,3.86,0.00,999.00,-27.8,0,42,0,2,-73,-75.1,8726,73,4,9.23,1,0,6.98,-1.35,0
