시각,경과초,시각ms,IMU시각ms,위험,원시위험,GPS유효,위도,경도,속도,방향,GPS원시속도,GPS원시방향유효,GPS원시방향,가속도,자이로,자력계,충격값,송신,지팡이수신,GPS위성,GPS_HDOP,원시위도,원시경도,GPS채택,GPS이상치거부,GPS품질거부,GPS재기준,계산거리,접근속도,TTC,방향오차,전방여부,위험음성횟수,충격음성횟수,마지막위험음성,RSSI원시,RSSI평활,RSSI샘플,RSSI경과ms,위험송신
17:32:05,0.017,1811285,1811285,0,0,1,37.496570,126.958025,0.00,178.0,0.000,1,182.8,"-0.83,1.30,9.63","0.3,0.5,-2.4","7.200,1.950,-2.550",0.20,17580,16861,6,1.40,37.496570,126.958025,1014,24,84,6,15.21,-0.07,999.00,111.7,0,0,1,0,-79,-77.9,16861,64,16860
17:32:05,0.084,1811340,1811340,0,0,1,37.496570,126.958025,0.00,178.0,0.000,1,182.8,"-0.68,1.47,9.57","1.3,-0.8,2.0","6.600,1.650,-2.400",0.18,17581,16862,6,1.40,37.496570,126.958025,1014,24,84,6,15.21,-0.07,999.00,111.7,0,0,1,0,-79,-78.1,16862,19,16861
17:32:05,0.154,1811390,1811390,0,0,1,37.496570,126.958025,0.00,178.0,0.000,1,182.8,"-0.63,1.37,9.62","1.8,0.7,-1.0","7.950,2.250,-1.800",0.08,17581,16862,6,1.40,37.496570,126.958025,1014,24,84,6,15.21,-0.07,999.00,111.7,0,0,1,0,-79,-78.1,16862,69,16861
17:32:05,0.352,1811445,1811445,0,0,1,37.496570,126.958025,0.00,178.0,0.000,1,182.8,"-0.73,1.41,9.53","2.2,-1.1,0.4","7.050,0.450,-2.400",0.15,17582,16863,6,1.40,37.496570,126.958025,1014,24,84,6,15.21,0.04,999.00,111.7,0,0,1,0,-77,-77.9,16863,26,16862
17:32:05,0.384,1811601,1811601,0,0,1,37.496570,126.958025,0.00,178.0,0.000,1,182.8,"-0.58,1.26,9.61","2.5,-1.0,0.6","7.800,0.450,-2.400",0.07,17583,16864,6,1.40,37.496570,126.958025,1014,24,84,6,15.21,0.04,999.00,111.7,0,0,1,0,-78,-77.9,16864,76,16863
17:32:05,0.384,1811652,1811652,0,0,1,37.496570,126.958025,0.00,178.0,0.000,1,182.8,"-0.52,1.22,9.60","1.7,0.9,-0.6","6.000,0.750,-0.750",0.14,17584,16864,6,1.40,37.496570,126.958025,1014,24,84,6,15.21,0.04,999.00,111.7,0,0,1,0,-78,-77.9,16864,127,16863
17:32:05,0.456,1811702,1811702,0,0,1,37.496570,126.958025,0.00,178.0,0.000,1,182.8,"-0.57,1.35,9.57","2.3,-1.4,4.5","6.300,2.850,-1.950",0.08,17584,16864,6,1.40,37.496570,126.958025,1014,24,84,6,15.21,0.04,999.00,111.7,0,0,1,0,-78,-77.9,16864,177,16863
17:32:05,0.468,1811757,1811757,0,0,1,37.496570,126.958025,0.00,178.0,0.000,1,182.8,"-0.64,1.25,9.64","-0.3,0.3,0.7","7.500,3.150,-3.000",0.07,17585,16865,6,1.40,37.496570,126.958025,1014,24,84,6,15.21,0.04,999.00,111.7,0,0,1,0,-79,-78.1,16865,25,16864
17:32:06,0.594,1811807,1811807,0,0,1,37.496570,126.958025,0.00,178.0,0.000,1,182.8,"-0.67,1.37,9.59","-0.5,0.3,1.0","7.200,1.950,-1.800",0.08,17585,16865,6,1.40,37.496570,126.958025,1014,24,84,6,15.21,0.04,999.00,111.7,0,0,1,0,-79,-78.1,16865,75,16864
17:32:06,0.735,1811913,1811913,0,0,1,37.496570,126.958025,0.00,178.0,0.000,1,182.8,"-0.65,1.21,9.62","0.2,1.4,-2.1","8.550,1.350,-1.200",0.10,17586,16866,6,1.40,37.496570,126.958025,1015,24,84,6,15.21,0.04,999.00,111.7,0,0,1,0,-79,-78.3,16866,78,16865
17:32:06,0.835,1812025,1812013,0,0,1,37.496570,126.958025,0.00,178.0,0.000,1,182.8,"-0.70,1.29,9.48","2.9,0.6,-5.2","6.750,3.150,-2.550",0.14,17588,16867,6,1.40,37.496570,126.958025,1015,24,84,6,15.21,0.03,999.00,111.7,0,0,1,0,-77,-78.0,16867,82,16866
17:32:06,0.905,1812080,1812080,0,0,1,37.496570,126.958025,0.00,178.0,0.000,1,182.8,"-0.67,1.32,9.58","0.3,3.3,-0.7","7.950,0.750,-3.000",0.04,17588,16868,6,1.40,37.496570,126.958025,1016,24,84,6,15.21,0.03,999.00,111.7,0,0,1,0,-77,-77.8,16868,26,16867
17:32:06,0.985,1812130,1812130,0,0,1,37.496570,126.958025,0.00,178.0,0.000,1,182.8,"-0.60,1.38,9.58","-0.2,1.7,-2.1","7.800,1.350,-4.200",0.08,17589,16868,6,1.40,37.496570,126.958025,1016,24,84,6,15.21,0.03,999.00,111.7,0,0,1,0,-77,-77.8,16868,76,16867
17:32:06,0.993,1812186,1812186,0,0,1,37.496570,126.958025,0.00,178.0,0.000,1,182.8,"-0.60,1.36,9.50","0.3,-0.2,-3.5","6.000,1.050,-3.000",0.10,17589,16869,6,1.40,37.496570,126.958025,1016,24,84,6,15.21,0.03,999.00,111.7,0,0,1,0,-78,-77.9,16869,44,16868
17:32:06,1.055,1812236,1812236,0,0,1,37.496570,126.958025,0.00,178.0,0.000,1,182.8,"-0.58,1.29,9.62","1.4,-2.0,0.8","7.500,2.250,-0.300",0.07,17590,16869,6,1.40,37.496570,126.958025,1016,24,84,6,15.21,0.03,999.00,111.7,0,0,1,0,-78,-77.9,16869,94,16868
17:32:06,1.066,1812291,1812291,0,0,1,37.496570,126.958025,0.00,178.0,0.000,1,182.8,"-0.70,1.39,9.54","0.9,1.4,1.1","8.100,0.450,-1.950",0.11,17590,16870,6,1.40,37.496570,126.958025,1016,24,84,6,15.21,0.03,999.00,111.7,0,0,1,0,-78,-77.9,16870,42,16869
17:32:06,1.135,1812341,1812341,0,0,1,37.496570,126.958025,0.00,178.0,0.000,1,182.8,"-0.62,1.28,9.62","1.4,1.5,0.0","8.400,2.250,-1.500",0.04,17591,16870,6,1.40,37.496570,126.958025,1016,24,84,6,15.21,0.03,999.00,111.7,0,0,1,0,-78,-77.9,16870,92,16869
17:32:06,1.204,1812397,1812397,0,0,1,37.496570,126.958025,0.00,178.0,0.000,1,182.8,"-0.62,1.22,9.56","0.4,0.2,-0.0","7.500,2.250,0.000",0.10,17591,16871,6,1.40,37.496570,126.958025,1016,24,84,6,15.21,0.03,999.00,111.7,0,0,1,0,-78,-77.9,16871,53,16870
17:32:06,1.285,1812447,1812447,0,0,1,37.496570,126.958025,0.00,178.0,0.000,1,182.8,"-0.53,1.22,9.59","1.7,0.0,-1.1","6.600,0.450,-2.700",0.15,17592,16872,6,1.40,37.496570,126.958025,1016,24,84,6,15.21,0.03,999.00,111.7,0,0,1,0,-79,-78.1,16872,0,16870
17:32:06,1.293,1812503,1812503,0,0,1,37.496570,126.958025,0.00,178.0,0.000,1,182.8,"-0.71,1.30,9.63","0.4,1.9,-3.9","7.050,2.100,-2.400",0.06,17592,16872,6,1.40,37.496570,126.958025,1016,24,84,6,15.21,0.02,999.00,111.7,0,0,1,0,-79,-78.1,16872,56,16871
17:32:06,1.355,1812576,1812553,0,0,1,37.496570,126.958025,0.00,178.0,0.000,1,182.8,"-0.50,1.25,9.64","0.7,-0.2,1.7","8.100,1.350,-3.450",0.15,17593,16873,6,1.40,37.496570,126.958025,1016,24,84,6,15.21,0.02,999.00,111.7,0,0,1,0,-78,-78.1,16873,27,16872
17:32:06,1.366,1812620,1812620,0,0,1,37.496570,126.958025,0.00,178.0,0.000,1,182.8,"-0.72,1.29,9.64","-0.7,-1.0,2.0","6.300,2.100,-2.700",0.09,17593,16873,6,1.40,37.496570,126.958025,1016,24,84,6,15.21,0.02,999.00,111.7,0,0,1,0,-78,-78.1,16873,71,16872
17:32:06,1.434,1812686,1812663,0,0,1,37.496570,126.958025,0.00,178.0,0.000,1,182.8,"-0.54,1.44,9.76","0.3,4.1,-0.7","5.700,0.750,-2.250",0.22,17594,16874,6,1.40,37.496570,126.958025,1016,24,84,6,15.21,0.02,999.00,111.7,0,0,1,0,-78,-78.1,16874,29,16873
17:32:06,1.504,1812730,1812730,0,0,1,37.496570,126.958025,0.00,178.0,0.000,1,182.8,"-0.68,1.16,9.62","-1.2,-0.7,1.7","7.500,0.300,-1.800",0.16,17594,16874,6,1.40,37.496570,126.958025,1016,24,84,6,15.21,0.02,999.00,111.7,0,0,1,0,-78,-78.1,16874,73,16873
17:32:07,1.515,1812785,1812785,0,0,1,37.496570,126.958025,0.00,178.0,0.000,1,182.8,"-0.71,1.21,9.63","-1.1,0.0,1.4","7.500,1.050,-3.750",0.12,17595,16875,6,1.40,37.496570,126.958025,1016,24,84,6,15.21,0.02,999.00,111.7,0,0,1,0,-79,-78.3,16875,28,16874
17:32:07,1.585,1812835,1812835,0,0,1,37.496570,126.958025,0.00,178.0,0.000,1,182.8,"-0.60,1.40,9.54","2.4,-3.0,-0.8","6.600,2.100,-3.450",0.12,17595,16875,6,1.40,37.496570,126.958025,1016,24,84,6,15.21,0.02,999.00,111.7,0,0,1,0,-79,-78.3,16875,78,16874
17:32:07,1.593,1812891,1812891,0,0,1,37.496570,126.958025,0.00,178.0,0.000,1,182.8,"-0.63,1.42,9.60","2.9,-2.5,-0.6","7.200,1.050,-1.800",0.11,17596,16876,6,1.40,37.496568,126.958025,1017,24,84,6,15.21,0.02,999.00,111.7,0,0,1,0,-77,-78.0,16876,30,16875
17:32:07,1.718,1812941,1812941,0,0,1,37.496570,126.958025,0.00,178.0,0.000,1,182.8,"-0.70,1.33,9.55","-0.3,1.0,2.1","8.850,0.150,-1.950",0.09,17596,16876,6,1.40,37.496568,126.958025,1017,24,84,6,15.21,0.02,999.00,111.7,0,0,1,0,-77,-78.0,16876,80,16875
17:32:07,1.858,1813052,1813052,0,0,1,37.496570,126.958025,0.00,178.0,0.000,1,182.8,"-0.41,1.13,9.70","0.8,-1.6,0.5","5.850,1.650,-2.700",0.29,17597,16877,6,1.40,37.496568,126.958025,1018,24,84,6,15.07,0.09,999.00,110.3,0,0,1,0,-78,-78.0,16877,93,16876
17:32:07,1.989,1813107,1813107,0,0,1,37.496570,126.958025,0.00,178.0,0.000,1,182.8,"-0.54,1.31,9.58","-0.3,-0.3,0.9","6.450,0.750,-0.750",0.08,17598,16878,6,1.40,37.496568,126.958025,1018,24,84,6,14.44,0.09,999.00,111.2,0,0,1,0,-78,-78.0,16878,43,16877
17:32:07,2.018,1813207,1813207,0,0,1,37.496570,126.958025,0.00,178.0,0.000,1,182.8,"-0.56,1.29,9.53","0.7,-0.4,0.0","7.500,1.050,-3.300",0.09,17599,16878,6,1.40,37.496568,126.958025,1018,24,84,6,14.44,0.09,999.00,111.2,0,0,1,0,-78,-78.0,16878,143,16877
17:32:07,2.105,1813257,1813257,0,0,1,37.496570,126.958025,0.00,178.0,0.000,1,182.8,"-0.61,1.18,9.57","2.2,-1.2,0.1","6.300,1.350,-3.150",0.13,17599,16878,6,1.40,37.496568,126.958025,1018,24,84,6,14.44,0.09,999.00,111.2,0,0,1,0,-78,-78.0,16878,193,16877
17:32:07,2.118,1813312,1813312,0,0,1,37.496570,126.958025,0.00,178.0,0.000,1,182.8,"-0.63,1.27,9.62","-2.5,1.3,-1.6","7.500,0.750,-3.750",0.04,17600,16879,6,1.40,37.496568,126.958025,1018,24,84,6,14.44,0.09,999.00,111.2,0,0,1,0,-77,-77.8,16879,50,16878
17:32:07,2.183,1813374,1813362,0,0,1,37.496570,126.958025,0.00,178.0,0.000,1,182.8,"-0.75,1.28,9.62","2.8,0.3,-0.4","6.750,1.050,-1.050",0.13,17600,16880,6,1.40,37.496568,126.958025,1018,24,84,6,14.44,0.09,999.00,111.2,0,0,1,0,-78,-77.8,16880,13,16879
17:32:07,2.191,1813424,1813424,0,0,1,37.496570,126.958025,0.00,178.0,0.000,1,182.8,"-0.79,1.31,9.70","1.5,3.0,-2.3","7.200,1.500,-2.550",0.19,17601,16880,6,1.40,37.496568,126.958025,1018,24,84,6,14.44,0.09,999.00,111.2,0,0,1,0,-78,-77.8,16880,63,16879
17:32:07,2.302,1813479,1813467,0,0,1,37.496570,126.958025,0.00,178.0,0.000,1,182.8,"-0.55,1.37,9.50","-2.1,-1.5,2.8","5.850,0.900,-2.400",0.15,17601,16881,6,1.40,37.496568,126.958025,1018,24,84,6,14.44,0.44,999.00,111.2,0,0,1,0,-78,-77.9,16881,17,16880
17:32:07,2.321,1813529,1813529,0,0,1,37.496570,126.958025,0.00,178.0,0.000,1,182.8,"-0.74,1.12,9.60","-1.3,0.5,-1.4","7.800,2.100,-2.700",0.22,17602,16881,6,1.40,37.496568,126.958025,1018,24,84,6,14.44,0.44,999.00,111.2,0,0,1,0,-78,-77.9,16881,67,16880
17:32:07,2.492,1813584,1813572,0,0,1,37.496570,126.958025,0.00,178.0,0.000,1,182.8,"-0.61,1.30,9.66","-0.2,-0.5,1.2","6.000,0.750,-2.550",0.06,17602,16882,6,1.40,37.496568,126.958025,1018,24,84,6,14.44,0.44,999.00,111.2,0,0,1,0,-78,-77.9,16882,15,16881
17:32:08,2.518,1813746,1813746,0,0,1,37.496570,126.958025,0.00,178.0,0.000,1,182.8,"-0.56,1.50,9.50","2.1,-0.1,-1.1","8.550,2.550,-3.150",0.23,17604,16883,6,1.40,37.496568,126.958025,1018,24,84,6,14.44,0.44,999.00,111.2,0,0,1,0,-77,-77.7,16883,66,16882
17:32:08,2.601,1813796,1813796,0,0,1,37.496570,126.958025,0.00,178.0,0.000,1,182.8,"-0.54,1.23,9.63","-0.4,2.4,0.9","7.800,2.100,-0.900",0.10,17604,16883,6,1.40,37.496568,126.958025,1018,24,84,6,14.44,0.44,999.00,111.2,0,0,1,0,-77,-77.7,16883,116,16882
17:32:08,2.611,1813847,1813847,0,0,1,37.496570,126.958025,0.00,178.0,0.000,1,182.8,"-0.71,1.44,9.70","3.9,-3.0,0.1","7.950,3.450,-2.550",0.20,17605,16883,6,1.40,37.496568,126.958025,1018,24,84,6,14.44,0.44,999.00,111.2,0,0,1,0,-77,-77.7,16883,167,16882
17:32:08,2.671,1813897,1813897,0,0,1,37.496570,126.958025,0.00,178.0,0.000,1,182.8,"-0.67,1.40,9.54","-1.9,-4.1,0.9","8.400,1.500,-1.800",0.13,17605,16883,6,1.40,37.496568,126.958025,1019,24,84,6,14.44,0.44,999.00,111.2,0,0,1,0,-77,-77.7,16883,217,16882
17:32:08,2.681,1813948,1813948,0,0,1,37.496570,126.958025,0.00,178.0,0.000,1,182.8,"-0.76,1.22,9.80","-0.5,-0.1,-2.7","7.050,2.100,-0.900",0.23,17606,16883,6,1.40,37.496568,126.958025,1019,24,84,6,14.44,0.44,999.00,111.2,0,0,1,0,-77,-77.7,16883,268,16882
17:32:08,2.751,1813998,1813998,0,0,1,37.496570,126.958025,0.00,178.0,0.000,1,182.8,"-0.68,1.10,9.56","3.0,-4.0,0.2","7.200,1.950,-1.800",0.20,17606,16883,6,1.40,37.496568,126.958025,1019,24,84,6,14.44,0.44,999.00,111.2,0,0,1,0,-77,-77.7,16883,318,16882
17:32:08,2.869,1814053,1814053,0,0,1,37.496570,126.958025,0.00,178.0,0.000,1,182.8,"-0.69,1.19,9.52","-3.2,-3.9,-1.4","7.050,1.650,-1.650",0.16,17607,16883,6,1.40,37.496568,126.958025,1019,24,84,6,14.44,0.44,999.00,111.2,0,0,1,0,-77,-77.7,16883,373,16882
17:32:08,2.952,1814154,1814154,0,0,1,37.496570,126.958025,0.00,178.0,0.000,1,182.8,"-0.26,1.41,10.10","-4.4,-8.5,-0.7","6.300,0.900,-1.650",0.59,17608,16883,6,1.40,37.496568,126.958025,1019,24,84,6,14.44,0.44,999.00,111.2,0,0,1,0,-77,-77.7,16883,474,16882
17:32:08,2.960,1814209,1814209,0,0,1,37.496570,126.958025,0.00,178.0,0.000,1,182.8,"-0.55,1.80,10.00","-9.3,-19.2,1.9","6.600,1.650,-2.400",0.57,17608,16884,6,1.40,37.496568,126.958025,1019,24,84,6,14.45,0.31,999.00,111.2,0,0,1,0,-78,-77.8,16884,30,16883
17:32:08,3.020,1814260,1814260,0,0,1,37.496570,126.958025,0.00,178.0,0.000,1,182.8,"-0.49,1.26,9.95","-16.0,-31.2,5.5","5.700,0.000,-0.750",0.28,17609,16884,6,1.40,37.496568,126.958025,1020,24,84,6,14.45,0.31,999.00,111.2,0,0,1,0,-78,-77.8,16884,81,16883
17:32:08,3.028,1814322,1814310,0,0,1,37.496570,126.958025,0.00,178.0,0.000,1,182.8,"-0.28,1.26,9.83","-23.8,-43.1,6.6","3.150,0.150,-1.950",0.33,17609,16885,6,1.40,37.496568,126.958025,1020,24,84,6,14.31,0.31,999.00,109.7,0,0,1,0,-79,-78.0,16885,18,16884
17:32:08,3.088,1814372,1814372,0,0,1,37.496570,126.958025,0.00,178.0,0.000,1,182.8,"0.76,0.02,9.66","-25.8,-47.2,6.3","2.550,-1.950,-0.750",1.71,17610,16885,6,1.40,37.496568,126.958025,1020,24,84,6,14.31,0.31,999.00,109.7,0,0,1,0,-79,-78.0,16885,68,16884
17:32:08,3.168,1814427,1814427,0,0,1,37.496570,126.958025,0.00,178.0,0.000,1,182.8,"1.31,0.15,9.33","-22.7,-36.8,1.7","1.500,-1.500,1.500",1.88,17610,16886,6,1.40,37.496568,126.958025,1020,24,84,6,14.31,0.31,999.00,109.7,0,0,1,0,-78,-78.0,16886,46,16885
17:32:08,3.285,1814477,1814477,0,0,1,37.496570,126.958025,0.00,178.0,0.000,1,182.8,"1.62,0.17,9.42","-16.6,-28.9,2.5","-0.450,-1.350,0.450",1.84,17611,16886,6,1.40,37.496568,126.958025,1020,24,84,6,14.31,0.31,999.00,109.7,0,0,1,0,-78,-78.0,16886,96,16885
17:32:08,3.441,1814582,1814582,0,0,1,37.496570,126.958025,0.00,178.0,0.000,1,182.8,"1.75,0.03,9.97","-14.9,-28.5,2.0","-2.100,-3.600,0.900",1.58,17612,16887,6,1.40,37.496568,126.958025,1020,24,84,6,14.31,0.31,999.00,109.7,0,0,1,0,-77,-77.8,16887,96,16886
17:32:08,3.465,1814687,1814687,0,0,1,37.496570,126.958025,0.00,178.0,0.000,1,182.8,"2.42,-0.66,9.37","-9.9,-21.6,1.0","-3.600,-5.700,1.200",1.96,17613,16888,6,1.40,37.496568,126.958025,1020,24,84,6,14.31,0.31,999.00,109.7,0,0,1,0,-76,-77.5,16888,101,16887
17:32:09,3.534,1814742,1814742,0,0,1,37.496570,126.958025,0.00,178.0,0.000,1,182.8,"2.60,-0.43,9.31","-9.6,-17.3,-1.7","-5.850,-7.650,0.150",1.78,17613,16889,6,1.40,37.496568,126.958025,1020,24,84,6,14.31,0.29,999.00,109.7,0,0,1,0,-76,-77.2,16889,53,16888
17:32:09,3.667,1814792,1814792,0,0,1,37.496570,126.958025,0.00,178.0,0.000,1,182.8,"2.51,-0.58,9.27","-8.5,-18.6,3.5","-4.500,-5.100,1.050",1.54,17614,16889,6,1.40,37.496568,126.958025,1020,24,84,6,14.31,0.29,999.00,109.7,0,0,1,0,-76,-77.2,16889,103,16888
17:32:09,3.751,1815016,1815016,0,0,1,37.496569,126.958025,0.00,178.0,0.000,1,182.8,"3.05,-0.92,9.13","5.6,0.2,1.0","-6.600,-7.200,-0.450",1.32,17616,16892,6,1.40,37.496567,126.958028,1021,24,84,6,14.34,0.29,999.00,109.7,0,0,1,0,-77,-76.8,16892,22,16891
17:32:09,3.818,1815072,1815072,0,0,1,37.496569,126.958026,0.04,178.0,0.082,1,182.8,"2.92,-0.74,9.22","0.0,4.4,0.0","-4.350,-6.450,0.900",0.97,17616,16892,6,1.40,37.496567,126.958028,1022,24,84,6,14.34,0.29,999.00,109.7,0,0,1,0,-77,-76.8,16892,78,16891
17:32:09,3.901,1815128,1815128,0,0,1,37.496569,126.958026,0.04,178.0,0.082,1,182.8,"2.96,-0.85,9.30","0.3,-1.6,-0.3","-6.600,-7.950,0.450",0.95,17617,16893,6,1.40,37.496567,126.958028,1022,24,84,6,14.37,0.29,999.00,109.7,0,0,1,0,-77,-76.9,16893,32,16892
17:32:09,3.985,1815178,1815178,0,0,1,37.496569,126.958026,0.04,178.0,0.082,1,182.8,"2.85,-0.76,9.24","4.9,1.1,1.0","-6.600,-7.950,0.450",0.70,17617,16893,6,1.40,37.496567,126.958028,1022,24,84,6,14.37,0.29,999.00,109.7,0,0,1,0,-77,-76.9,16893,82,16892
17:32:09,3.995,1815284,1815284,0,0,1,37.496569,126.958026,0.04,178.0,0.082,1,182.8,"2.99,-0.74,9.12","0.6,0.5,1.0","-4.650,-7.650,-0.150",0.68,17618,16894,6,1.40,37.496567,126.958028,1022,24,84,6,14.37,0.17,999.00,109.7,0,0,1,0,-77,-76.9,16894,88,16893
17:32:09,4.066,1815340,1815340,0,0,1,37.496569,126.958026,0.04,178.0,0.082,1,182.8,"2.85,-0.77,9.27","2.8,-0.0,-0.1","-4.950,-5.850,1.050",0.48,17619,16895,6,1.40,37.496567,126.958028,1022,24,84,6,14.37,0.17,999.00,109.7,0,0,1,0,-75,-76.5,16895,42,16894
17:32:09,4.151,1815390,1815390,0,0,1,37.496569,126.958026,0.04,178.0,0.082,1,182.8,"2.88,-0.77,9.28","2.2,0.4,0.1","-7.350,-6.000,0.150",0.44,17619,16895,6,1.40,37.496567,126.958028,1022,24,84,6,14.37,0.17,999.00,109.7,0,0,1,0,-75,-76.5,16895,92,16894
17:32:09,4.162,1815446,1815446,0,0,1,37.496569,126.958026,0.04,178.0,0.082,1,182.8,"2.81,-0.68,9.23","1.3,-0.6,-1.1","-6.600,-7.950,0.450",0.30,17620,16896,6,1.40,37.496567,126.958028,1022,24,84,6,14.37,0.17,999.00,109.7,0,0,1,0,-77,-76.6,16896,47,16895
17:32:09,4.335,1815496,1815496,0,0,1,37.496569,126.958026,0.04,178.0,0.082,1,182.8,"2.65,-0.91,9.26","3.9,-1.5,-0.3","-5.100,-7.650,1.650",0.35,17620,16896,6,1.40,37.496567,126.958028,1022,24,84,6,14.37,0.17,999.00,109.7,0,0,1,0,-77,-76.6,16896,97,16895
17:32:09,4.437,1815599,1815599,0,0,1,37.496569,126.958026,0.04,178.0,0.082,1,182.8,"2.81,-0.67,9.28","-0.8,-4.1,-1.3","-5.850,-8.400,1.200",0.22,17621,16897,6,1.40,37.496567,126.958028,1022,24,84,6,14.37,0.17,999.00,109.7,0,0,1,0,-76,-76.5,16897,103,16896
17:32:09,4.446,1815699,1815699,0,0,1,37.496569,126.958026,0.04,178.0,0.082,1,182.8,"2.81,-0.77,9.13","3.6,2.1,-1.5","-6.000,-7.800,-0.300",0.22,17622,16897,6,1.40,37.496567,126.958028,1022,24,84,6,14.37,0.17,999.00,109.7,0,0,1,0,-76,-76.5,16897,203,16896
17:32:10,4.518,1815755,1815755,0,0,1,37.496569,126.958026,0.04,178.0,0.082,1,182.8,"2.77,-0.79,9.27","0.7,0.8,0.8","-6.450,-6.300,-0.750",0.17,17623,16898,6,1.40,37.496567,126.958028,1022,24,84,6,14.37,0.12,999.00,109.7,0,0,1,0,-77,-76.6,16898,52,16897
17:32:10,4.527,1815805,1815805,0,0,1,37.496569,126.958026,0.04,178.0,0.082,1,182.8,"2.77,-0.70,9.28","1.2,-2.6,0.7","-4.500,-6.600,1.050",0.09,17623,16898,6,1.40,37.496567,126.958028,1022,24,84,6,14.37,0.12,999.00,109.7,0,0,1,0,-77,-76.6,16898,102,16897
17:32:10,4.718,1815859,1815859,0,0,1,37.496569,126.958026,0.04,178.0,0.082,1,182.8,"2.79,-0.79,9.39","-2.2,0.7,-0.6","-7.800,-7.200,0.450",0.19,17624,16899,6,1.40,37.496567,126.958028,1022,24,84,6,14.37,0.12,999.00,109.7,0,0,1,0,-77,-76.7,16899,45,16898
17:32:10,4.818,1815972,1815972,0,0,1,37.496569,126.958026,0.06,178.0,0.082,1,182.8,"3.03,-0.75,9.25","2.1,-6.3,2.0","-7.050,-6.450,0.150",0.29,17625,16900,6,1.40,37.496567,126.958027,1023,24,84,6,14.39,0.12,999.00,109.7,0,0,1,0,-76,-76.5,16900,64,16899
17:32:10,4.889,1816050,1816015,0,0,1,37.496569,126.958026,0.06,178.0,0.082,1,182.8,"2.94,-0.90,9.23","-2.5,-0.2,1.5","-5.400,-7.200,0.450",0.26,17626,16901,6,1.40,37.496567,126.958027,1023,24,84,6,14.39,0.12,999.00,109.7,0,0,1,0,-76,-76.4,16901,42,16900
17:32:10,4.968,1816149,1816149,0,0,1,37.496569,126.958026,0.03,178.0,0.000,1,182.8,"2.96,-0.78,9.17","-1.7,-4.0,-1.3","-6.600,-7.200,-0.450",0.21,17627,16902,6,1.40,37.496567,126.958027,1024,24,84,6,14.28,0.12,999.00,109.7,0,0,1,0,-77,-76.5,16902,40,16901
17:32:10,5.037,1816199,1816199,0,0,1,37.496569,126.958026,0.03,178.0,0.000,1,182.8,"3.01,-0.95,9.03","-1.1,-1.8,-1.9","-6.600,-7.200,-0.900",0.37,17627,16902,6,1.40,37.496567,126.958027,1024,24,84,6,14.28,0.12,999.00,109.7,0,0,1,0,-77,-76.5,16902,90,16901
17:32:10,5.118,1816304,1816304,0,0,1,37.496569,126.958026,0.03,178.0,0.000,1,182.8,"2.74,-0.69,9.20","1.9,1.5,-0.2","-6.000,-7.800,0.300",0.12,17628,16903,6,1.40,37.496567,126.958027,1024,24,84,6,14.28,0.14,999.00,109.7,0,0,1,0,-77,-76.6,16903,81,16902
17:32:10,5.187,1816354,1816354,0,0,1,37.496569,126.958026,0.03,178.0,0.000,1,182.8,"2.94,-0.83,9.27","3.3,-0.1,-1.6","-4.350,-7.950,0.900",0.14,17629,16903,6,1.40,37.496567,126.958027,1024,24,84,6,14.28,0.14,999.00,109.7,0,0,1,0,-77,-76.6,16903,131,16902
17:32:10,5.198,1816404,1816404,0,0,1,37.496569,126.958026,0.03,178.0,0.000,1,182.8,"2.81,-0.72,9.18","-0.8,-1.6,-1.9","-6.000,-7.350,1.050",0.07,17629,16903,6,1.40,37.496567,126.958027,1024,24,84,6,14.28,0.14,999.00,109.7,0,0,1,0,-77,-76.6,16903,181,16902
17:32:10,5.268,1816459,1816459,0,0,1,37.496569,126.958026,0.03,178.0,0.000,1,182.8,"2.99,-0.79,9.16","-1.6,-4.6,1.0","-7.350,-4.800,-0.150",0.17,17630,16904,6,1.40,37.496567,126.958027,1024,24,84,6,14.28,0.14,999.00,109.7,0,0,1,0,-76,-76.5,16904,39,16903
17:32:10,5.336,1816509,1816509,0,0,1,37.496569,126.958026,0.03,178.0,0.000,1,182.8,"3.05,-0.91,9.14","1.2,-0.1,-0.5","-6.750,-8.250,1.500",0.24,17630,16904,6,1.40,37.496567,126.958027,1024,24,84,6,14.28,0.14,999.00,109.7,0,0,1,0,-76,-76.5,16904,89,16903
17:32:10,5.404,1816614,1816614,0,0,1,37.496569,126.958026,0.03,178.0,0.000,1,182.8,"3.04,-0.79,9.20","-1.6,-0.2,-0.7","-5.100,-7.200,1.200",0.14,17631,16905,6,1.40,37.496567,126.958027,1024,24,84,6,14.28,0.14,999.00,109.7,0,0,1,0,-77,-76.6,16905,94,16904
17:32:10,5.484,1816664,1816664,0,0,1,37.496569,126.958026,0.03,178.0,0.000,1,182.8,"3.04,-1.02,9.11","-0.5,-1.9,0.9","-8.700,-7.350,-0.750",0.28,17632,16905,6,1.40,37.496567,126.958027,1024,24,84,6,14.28,0.14,999.00,109.7,0,0,1,0,-77,-76.6,16905,144,16904
17:32:11,5.616,1816714,1816714,0,0,1,37.496569,126.958026,0.03,178.0,0.000,1,182.8,"3.13,-0.79,9.14","-3.6,0.7,-0.3","-6.450,-7.350,-1.500",0.20,17632,16905,6,1.40,37.496567,126.958027,1024,24,84,6,14.28,0.14,999.00,109.7,0,0,1,0,-77,-76.6,16905,194,16904
17:32:11,5.701,1816870,1816870,0,0,1,37.496569,126.958026,0.03,178.0,0.000,1,182.8,"2.96,-0.98,9.09","1.8,-5.5,0.8","-6.600,-6.750,-0.150",0.20,17634,16906,6,1.40,37.496567,126.958027,1024,24,84,6,14.28,0.10,999.00,109.7,0,0,1,0,-77,-76.7,16906,45,16905
17:32:11,5.710,1816920,1816920,0,0,1,37.496568,126.958026,0.02,178.0,0.000,1,182.8,"3.07,-0.89,9.05","-0.1,-0.6,-0.2","-5.700,-7.050,1.050",0.19,17634,16906,6,1.40,37.496567,126.958027,1025,24,84,6,14.28,0.10,999.00,109.7,0,0,1,0,-77,-76.7,16906,95,16905
17:32:11,5.771,1816976,1816976,0,0,1,37.496568,126.958026,0.02,178.0,0.000,1,182.8,"3.10,-0.80,9.22","0.4,-0.4,1.9","-5.850,-8.850,0.900",0.13,17635,16907,6,1.40,37.496567,126.958027,1025,24,84,6,14.29,0.10,999.00,109.7,0,0,1,0,-76,-76.5,16907,42,16906
17:32:11,5.782,1817026,1817026,0,0,1,37.496568,126.958026,0.02,178.0,0.000,1,182.8,"2.88,-0.90,9.14","-0.7,-2.8,-1.8","-5.850,-7.200,0.450",0.14,17635,16907,6,1.40,37.496567,126.958027,1025,24,84,6,14.29,0.10,999.00,109.7,0,0,1,0,-76,-76.5,16907,92,16906
17:32:11,5.851,1817079,1817079,0,0,1,37.496568,126.958026,0.01,178.0,0.000,1,182.8,"3.15,-0.89,9.25","-2.8,-4.0,-1.1","-6.600,-8.400,0.900",0.16,17636,16908,6,1.40,37.496567,126.958027,1026,24,84,6,14.30,0.10,999.00,109.6,0,0,1,0,-76,-76.4,16908,52,16907
17:32:11,5.860,1817141,1817129,0,0,1,37.496568,126.958026,0.01,178.0,0.000,1,182.8,"3.12,-1.00,9.09","1.1,-1.8,-0.6","-6.000,-8.550,1.800",0.19,17636,16909,6,1.40,37.496567,126.958027,1026,24,84,6,14.30,0.10,999.00,109.6,0,0,1,0,-77,-76.6,16909,16,16908
17:32:11,5.921,1817191,1817191,0,0,1,37.496568,126.958026,0.01,178.0,0.000,1,182.8,"3.17,-0.94,8.99","0.7,-2.0,-2.0","-7.050,-7.950,2.400",0.23,17637,16909,6,1.40,37.496567,126.958027,1026,24,84,6,14.30,0.10,999.00,109.6,0,0,1,0,-77,-76.6,16909,66,16908
17:32:11,6.001,1817246,1817246,0,0,1,37.496568,126.958026,0.01,178.0,0.000,1,182.8,"2.89,-0.87,9.07","2.1,0.1,0.2","-7.350,-6.750,-0.450",0.17,17637,16910,6,1.40,37.496567,126.958027,1026,24,84,6,14.30,0.10,999.00,109.6,0,0,1,0,-76,-76.4,16910,21,16909
17:32:11,6.009,1817296,1817296,0,0,1,37.496568,126.958026,0.01,178.0,0.000,1,182.8,"3.21,-1.13,9.12","0.3,0.5,-2.0","-7.950,-7.350,0.000",0.31,17638,16910,6,1.40,37.496567,126.958027,1026,24,84,6,14.30,0.10,999.00,109.6,0,0,1,0,-76,-76.4,16910,71,16909
17:32:11,6.085,1817358,1817346,0,0,1,37.496568,126.958026,0.01,178.0,0.000,1,182.8,"3.00,-0.77,9.08","-1.5,0.4,-2.7","-6.450,-7.800,-0.300",0.14,17638,16911,6,1.40,37.496567,126.958027,1026,24,84,6,14.30,0.05,999.00,109.6,0,0,1,0,-77,-76.6,16911,17,16910
17:32:11,6.168,1817408,1817408,0,0,1,37.496568,126.958026,0.01,178.0,0.000,1,182.8,"3.21,-0.87,9.01","0.7,-2.2,-0.1","-6.000,-7.800,0.000",0.20,17639,16911,6,1.40,37.496567,126.958027,1026,24,84,6,14.30,0.05,999.00,109.6,0,0,1,0,-77,-76.6,16911,67,16910
17:32:11,6.310,1817463,1817463,0,0,1,37.496568,126.958026,0.01,178.0,0.000,1,182.8,"3.13,-1.05,9.14","3.1,-0.4,1.5","-6.750,-7.800,0.000",0.17,17639,16912,6,1.40,37.496567,126.958027,1026,24,84,6,14.30,0.05,999.00,109.6,0,0,1,0,-77,-76.6,16912,38,16911
17:32:11,6.400,1817568,1817568,0,0,1,37.496568,126.958026,0.01,178.0,0.000,1,182.8,"3.10,-1.01,9.17","-0.8,-3.6,0.7","-7.200,-8.550,-0.300",0.12,17640,16913,6,1.40,37.496567,126.958027,1026,24,84,6,14.30,0.05,999.00,109.6,0,0,1,0,-76,-76.5,16913,37,16912
17:32:12,6.575,1817673,1817673,0,0,1,37.496568,126.958026,0.01,178.0,0.000,1,182.8,"3.17,-0.88,9.17","-0.4,-6.6,-0.3","-7.350,-7.950,0.150",0.07,17641,16914,6,1.40,37.496567,126.958027,1026,24,84,6,14.30,0.05,999.00,109.6,0,0,1,0,-75,-76.2,16914,38,16913
17:32:12,6.606,1817829,1817829,0,0,1,37.496568,126.958026,0.01,178.0,0.000,1,182.8,"3.10,-0.91,9.20","-0.1,-0.6,-1.2","-7.050,-7.650,-0.150",0.09,17643,16915,6,1.40,37.496567,126.958027,1026,24,84,6,14.30,0.05,999.00,109.6,0,0,1,0,-76,-76.2,16915,89,16914
17:32:12,6.683,1817884,1817884,0,0,1,37.496568,126.958026,0.01,178.0,0.000,1,182.8,"3.08,-0.95,9.06","0.5,-2.9,-1.9","-7.800,-9.600,0.900",0.09,17643,16916,6,1.40,37.496567,126.958027,1026,24,84,6,14.30,0.05,999.00,109.6,0,0,1,0,-75,-75.9,16916,40,16915
17:32:12,6.693,1817935,1817935,0,0,1,37.496568,126.958026,0.00,178.0,0.000,1,182.8,"3.22,-0.88,9.21","-1.9,-7.5,2.2","-7.800,-6.750,-1.200",0.12,17644,16916,6,1.40,37.496567,126.958027,1027,24,84,6,14.30,0.05,999.00,109.6,0,0,1,0,-75,-75.9,16916,91,16915
17:32:12,6.804,1817990,1817990,0,0,1,37.496568,126.958026,0.00,178.0,0.000,1,182.8,"3.35,-1.02,9.01","-4.7,-4.9,-3.2","-7.200,-7.800,-0.300",0.23,17644,16917,6,1.40,37.496567,126.958027,1027,24,84,6,14.31,0.03,999.00,109.6,0,0,1,0,-75,-75.7,16917,45,16916
17:32:12,6.885,1818041,1818041,0,0,1,37.496568,126.958026,0.00,178.0,0.000,1,182.8,"3.41,-0.98,9.12","1.5,-5.6,-0.1","-6.600,-6.750,1.200",0.22,17645,16917,6,1.40,37.496567,126.958027,1028,24,84,6,14.31,0.03,999.00,109.6,0,0,1,0,-75,-75.7,16917,96,16916
17:32:12,6.969,1818199,1818199,0,0,1,37.496568,126.958026,0.00,178.0,0.000,1,182.8,"3.34,-1.06,9.09","-2.1,0.8,-1.8","-8.850,-7.200,-0.150",0.11,17646,16919,6,1.40,37.496567,126.958027,1028,24,84,6,13.55,0.03,999.00,108.2,0,0,1,0,-76,-75.8,16919,49,16918
17:32:12,6.979,1818261,1818249,0,0,1,37.496568,126.958026,0.00,178.0,0.000,1,182.8,"3.36,-1.11,9.02","-0.7,-1.2,-0.2","-10.200,-7.050,0.300",0.16,17647,16920,6,1.40,37.496567,126.958027,1028,24,84,6,13.55,0.03,999.00,108.2,0,0,1,0,-76,-75.9,16920,18,16919
17:32:12,7.039,1818311,1818311,0,0,1,37.496568,126.958026,0.00,178.0,0.000,1,182.8,"3.46,-1.17,8.99","-1.7,0.0,-0.8","-9.450,-9.000,0.000",0.24,17647,16920,6,1.40,37.496567,126.958027,1028,24,84,6,13.55,0.03,999.00,108.2,0,0,1,0,-76,-75.9,16920,68,16919
17:32:12,7.183,1818366,1818366,0,0,1,37.496568,126.958026,0.00,178.0,0.000,1,182.8,"3.41,-0.95,9.17","0.7,1.9,-2.1","-8.100,-9.150,1.650",0.17,17648,16921,6,1.40,37.496567,126.958027,1028,24,84,6,13.55,0.03,999.00,108.2,0,0,1,0,-76,-75.9,16921,23,16920
17:32:12,7.267,1818471,1818471,0,0,1,37.496568,126.958026,0.00,178.0,0.000,1,182.8,"3.48,-1.22,9.02","2.2,-0.0,1.5","-8.400,-9.450,0.300",0.23,17649,16922,6,1.40,37.496567,126.958027,1028,24,84,6,13.55,0.03,999.00,108.2,0,0,1,0,-76,-75.9,16922,27,16921
17:32:12,7.334,1818521,1818521,0,0,1,37.496568,126.958026,0.00,178.0,0.000,1,182.8,"3.42,-0.92,8.94","-0.6,-0.5,-1.6","-7.950,-8.250,1.050",0.18,17649,16922,6,1.40,37.496567,126.958027,1028,24,84,6,13.55,0.03,999.00,108.2,0,0,1,0,-76,-75.9,16922,77,16921
17:32:12,7.401,1818633,1818633,0,0,1,37.496568,126.958026,0.00,178.0,0.000,1,182.8,"3.29,-0.96,9.07","0.6,0.4,-1.7","-7.200,-9.000,0.300",0.12,17650,16923,6,1.40,37.496567,126.958027,1028,24,84,6,13.55,0.39,999.00,108.2,0,0,1,0,-76,-75.9,16923,68,16922
17:32:12,7.468,1818688,1818688,0,0,1,37.496568,126.958026,0.00,178.0,0.000,1,182.8,"3.39,-1.03,9.00","2.3,-0.8,3.0","-8.100,-7.200,-0.150",0.05,17651,16924,6,1.40,37.496567,126.958027,1028,24,84,6,13.55,0.39,999.00,108.2,0,0,1,0,-76,-75.9,16924,35,16923
17:32:12,7.477,1818738,1818738,0,0,1,37.496568,126.958026,0.00,178.0,0.000,1,182.8,"3.42,-1.15,9.04","0.2,-1.9,0.9","-8.100,-8.400,0.450",0.12,17651,16924,6,1.40,37.496567,126.958027,1028,24,84,6,13.55,0.39,999.00,108.2,0,0,1,0,-76,-75.9,16924,85,16923
17:32:13,7.536,1818793,1818793,0,0,1,37.496568,126.958026,0.00,178.0,0.000,1,182.8,"3.40,-1.01,9.05","2.3,-0.7,1.2","-10.050,-8.850,1.200",0.06,17652,16925,6,1.40,37.496567,126.958027,1028,24,84,6,13.55,0.39,999.00,108.2,0,0,1,0,-74,-75.6,16925,33,16924
17:32:13,7.544,1818843,1818843,0,0,1,37.496568,126.958026,0.00,178.0,0.000,1,182.8,"3.43,-1.14,8.92","0.5,-1.1,0.4","-9.300,-8.400,0.150",0.16,17652,16925,6,1.40,37.496567,126.958027,1028,24,84,6,13.55,0.39,999.00,108.2,0,0,1,0,-74,-75.6,16925,83,16924
17:32:13,7.707,1818897,1818897,0,0,1,37.496568,126.958026,0.00,178.0,0.000,1,182.8,"3.35,-1.10,9.04","1.7,-1.7,0.2","-9.150,-8.250,0.000",0.04,17653,16926,6,1.40,37.496567,126.958027,1029,24,84,6,13.55,0.39,999.00,108.2,0,0,1,0,-76,-75.6,16926,39,16925
17:32:13,7.745,1818947,1818947,0,0,1,37.496568,126.958026,0.00,178.0,0.000,1,182.8,"3.43,-1.12,9.08","1.6,-0.8,-1.2","-8.550,-8.850,0.150",0.09,17653,16926,6,1.40,37.496567,126.958027,1029,24,84,6,13.55,0.39,999.00,108.2,0,0,1,0,-76,-75.6,16926,89,16925
17:32:13,7.901,1819001,1819001,0,0,1,37.496568,126.958026,0.00,178.0,0.000,1,182.8,"3.43,-1.07,9.05","0.8,4.2,-1.5","-7.500,-9.000,1.800",0.06,17654,16927,6,1.40,37.496567,126.958027,1029,24,84,6,13.56,0.39,999.00,108.2,0,0,1,0,-75,-75.5,16927,40,16926
17:32:13,7.984,1819167,1819167,0,0,1,37.496568,126.958026,0.00,178.0,0.000,1,182.8,"3.45,-1.10,8.85","-0.4,-2.8,-0.4","-8.550,-7.650,-0.450",0.20,17655,16928,6,1.40,37.496567,126.958027,1029,24,84,6,13.56,0.27,999.00,108.2,0,0,1,0,-77,-75.8,16928,92,16927
17:32:13,8.050,1819285,1819273,0,0,1,37.496568,126.958026,0.00,178.0,0.000,1,182.8,"3.35,-1.08,9.12","0.2,0.4,-1.3","-9.450,-9.000,1.050",0.11,17656,16930,6,1.40,37.496567,126.958027,1030,24,84,6,13.57,0.27,999.00,108.2,0,0,1,0,-74,-75.5,16930,17,16929
17:32:13,8.137,1819386,1819386,0,0,1,37.496568,126.958026,0.00,178.0,0.000,1,182.8,"3.42,-1.18,9.09","1.3,0.4,0.0","-10.050,-8.850,0.150",0.13,17657,16930,6,1.40,37.496567,126.958027,1030,24,84,6,13.57,0.27,999.00,108.2,0,0,1,0,-74,-75.5,16930,118,16929
17:32:13,8.218,1819494,1819494,0,0,1,37.496568,126.958026,0.00,178.0,0.000,1,182.8,"3.33,-1.10,8.95","-2.6,-1.2,0.3","-9.300,-9.150,0.150",0.10,17658,16932,6,1.40,37.496567,126.958027,1030,24,84,6,13.57,0.27,999.00,108.2,0,0,1,0,-76,-75.7,16932,30,16931
17:32:13,8.340,1819544,1819544,0,0,1,37.496568,126.958026,0.00,178.0,0.000,1,182.8,"3.36,-1.02,8.97","-1.6,0.3,-3.9","-8.550,-7.200,0.450",0.08,17659,16932,6,1.40,37.496567,126.958027,1030,24,84,6,13.57,0.27,999.00,108.2,0,0,1,0,-76,-75.7,16932,80,16931
17:32:13,8.361,1819599,1819599,0,0,1,37.496568,126.958026,0.00,178.0,0.000,1,182.8,"3.52,-1.16,9.08","1.8,-2.3,0.6","-7.950,-9.450,0.300",0.17,17659,16933,6,1.40,37.496567,126.958027,1030,24,84,6,13.57,0.18,999.00,108.2,0,0,1,0,-78,-76.1,16933,25,16932
17:32:13,8.433,1819649,1819649,0,0,1,37.496568,126.958026,0.00,178.0,0.000,1,182.8,"3.25,-1.02,9.12","-0.3,2.4,-0.1","-8.850,-8.850,-0.900",0.17,17660,16933,6,1.40,37.496567,126.958027,1030,24,84,6,13.57,0.18,999.00,108.2,0,0,1,0,-78,-76.1,16933,75,16932
17:32:13,8.443,1819704,1819704,0,0,1,37.496568,126.958026,0.00,178.0,0.000,1,182.8,"3.41,-1.07,8.97","-0.4,-1.2,1.4","-8.550,-7.650,0.450",0.07,17660,16934,6,1.40,37.496567,126.958027,1030,24,84,6,13.57,0.18,999.00,108.2,0,0,1,0,-76,-76.1,16934,26,16933
17:32:14,8.566,1819754,1819754,0,0,1,37.496568,126.958026,0.00,178.0,0.000,1,182.8,"3.36,-1.13,9.08","-0.2,-0.4,-1.0","-9.300,-10.350,0.450",0.08,17661,16934,6,1.40,37.496567,126.958027,1030,24,84,6,13.57,0.18,999.00,108.2,0,0,1,0,-76,-76.1,16934,76,16933
17:32:14,8.584,1819809,1819809,0,0,1,37.496568,126.958026,0.00,178.0,0.000,1,182.8,"3.39,-1.11,8.94","1.6,-1.7,-3.5","-9.150,-9.000,-0.300",0.09,17661,16935,6,1.40,37.496567,126.958027,1030,24,84,6,13.57,0.18,999.00,108.2,0,0,1,0,-75,-75.9,16935,28,16934
17:32:14,8.651,1819860,1819860,0,0,1,37.496568,126.958026,0.00,178.0,0.000,1,182.8,"3.45,-1.02,9.01","-0.3,-1.4,-1.4","-9.300,-7.950,-1.650",0.09,17662,16935,6,1.40,37.496567,126.958027,1030,24,84,6,13.57,0.18,999.00,108.2,0,0,1,0,-75,-75.9,16935,79,16934
17:32:14,8.659,1819910,1819910,0,0,1,37.496568,126.958026,0.00,178.0,0.000,1,182.8,"3.41,-1.17,8.95","0.6,-3.7,1.0","-9.150,-10.200,1.050",0.10,17662,16935,6,1.40,37.496567,126.958027,1031,24,84,6,13.57,0.18,999.00,108.2,0,0,1,0,-75,-75.9,16935,129,16934
17:32:14,8.718,1819964,1819964,0,0,1,37.496568,126.958026,0.00,178.0,0.000,1,182.8,"3.55,-1.18,9.06","0.9,0.5,-0.2","-8.400,-9.450,1.050",0.16,17663,16936,6,1.40,37.496567,126.958027,1031,24,84,6,13.58,0.18,999.00,108.2,0,0,1,0,-76,-75.9,16936,45,16935
17:32:14,8.836,1820019,1820019,0,0,1,37.496568,126.958026,0.00,178.0,0.000,1,182.8,"3.55,-1.11,9.00","2.6,-3.6,0.3","-10.200,-10.200,0.000",0.12,17663,16937,6,1.40,37.496567,126.958027,1031,24,84,6,13.58,0.18,999.00,108.2,0,0,1,0,-75,-75.7,16937,40,16936
17:32:14,9.068,1820074,1820074,0,0,1,37.496568,126.958026,0.00,178.0,0.000,1,182.8,"3.53,-1.23,8.92","1.1,3.5,1.0","-7.800,-8.850,0.150",0.18,17664,16937,6,1.40,37.496567,126.958027,1032,24,84,6,13.58,0.18,999.00,108.2,0,0,1,0,-75,-75.7,16937,95,16936
17:32:14,9.169,1820394,1820382,0,0,1,37.496568,126.958026,0.00,178.0,0.000,1,182.8,"3.55,-1.14,8.99","2.6,1.3,3.0","-8.400,-9.000,0.000",0.07,17667,16941,6,1.40,37.496567,126.958027,1032,24,84,6,13.47,0.18,999.00,106.6,0,0,1,0,-75,-75.5,16941,12,16940
17:32:14,9.368,1820444,1820444,0,0,1,37.496568,126.958026,0.00,178.0,0.000,1,182.8,"3.55,-1.17,8.92","0.9,0.6,-0.9","-7.500,-8.250,0.000",0.10,17667,16941,6,1.40,37.496567,126.958027,1032,24,84,6,13.47,0.18,999.00,106.6,0,0,1,0,-75,-75.5,16941,62,16940
17:32:14,9.401,1820611,1820599,0,0,1,37.496568,126.958026,0.00,178.0,0.000,1,182.8,"3.50,-1.07,9.06","2.8,-2.2,-0.1","-8.400,-7.800,0.750",0.11,17669,16943,6,1.40,37.496567,126.958027,1032,24,84,6,13.47,0.13,999.00,106.6,0,0,1,0,-79,-76.5,16943,18,16942
17:32:14,9.401,1820661,1820661,0,0,1,37.496568,126.958026,0.00,178.0,0.000,1,182.8,"3.49,-1.23,9.02","-0.2,1.2,-2.7","-7.950,-8.250,0.000",0.09,17669,16943,6,1.40,37.496567,126.958027,1032,24,84,6,13.47,0.13,999.00,106.6,0,0,1,0,-79,-76.5,16943,68,16942
17:32:14,9.472,1820712,1820712,0,0,1,37.496568,126.958026,0.00,178.0,0.000,1,182.8,"3.46,-1.17,8.94","2.0,1.4,-0.1","-9.150,-8.550,0.000",0.07,17670,16943,6,1.40,37.496567,126.958027,1032,24,84,6,13.47,0.13,999.00,106.6,0,0,1,0,-79,-76.5,16943,119,16942
17:32:14,9.483,1820762,1820762,0,0,1,37.496568,126.958026,0.00,178.0,0.000,1,182.8,"3.50,-1.25,8.98","0.3,3.1,-3.0","-8.700,-8.550,0.300",0.10,17670,16943,6,1.40,37.496567,126.958027,1032,24,84,6,13.47,0.13,999.00,106.6,0,0,1,0,-79,-76.5,16943,169,16942
17:32:15,9.934,1820818,1820818,0,0,1,37.496568,126.958026,0.00,178.0,0.000,1,182.8,"3.49,-1.16,8.93","0.4,-0.3,2.1","-8.550,-8.400,0.150",0.06,17671,16944,6,1.40,37.496567,126.958027,1032,24,84,6,13.47,0.13,999.00,106.6,0,0,1,0,-77,-76.6,16944,23,16943
17:32:15,10.067,1821186,1821186,0,0,1,37.496568,126.958026,0.00,178.0,0.000,1,182.8,"3.58,-1.24,8.86","-0.4,0.7,-1.3","-10.050,-8.400,0.150",0.12,17674,16946,6,1.40,37.496567,126.958027,1034,24,84,6,13.48,0.08,999.00,106.6,0,0,1,0,-76,-76.5,16946,87,16945
17:32:15,10.077,1821242,1821230,0,0,1,37.496568,126.958026,0.00,178.0,0.000,1,182.8,"3.55,-1.04,8.97","-1.2,2.5,-1.8","-8.550,-7.950,-0.150",0.13,17675,16947,6,1.40,37.496567,126.958027,1034,24,84,6,13.48,0.08,999.00,106.6,0,0,1,0,-77,-76.6,16947,14,16946
17:32:15,10.185,1821292,1821292,0,0,1,37.496568,126.958026,0.00,178.0,0.000,1,182.8,"3.59,-1.15,8.94","0.8,-1.4,-1.2","-10.050,-6.750,0.150",0.05,17675,16947,6,1.40,37.496567,126.958027,1034,24,84,6,13.48,0.08,999.00,106.6,0,0,1,0,-77,-76.6,16947,64,16946
17:32:15,10.304,1821454,1821454,0,0,1,37.496568,126.958026,0.00,178.0,0.000,1,182.8,"3.57,-1.34,8.93","2.0,0.9,-2.0","-9.900,-9.000,1.050",0.15,17677,16949,6,1.40,37.496567,126.958027,1034,24,84,6,13.48,0.08,999.00,106.6,0,0,1,0,-76,-76.6,16949,46,16948
17:32:15,10.317,1821527,1821504,0,0,1,37.496568,126.958026,0.00,178.0,0.000,1,182.8,"3.65,-1.33,9.07","-0.1,-1.9,-1.2","-9.150,-6.300,1.500",0.21,17678,16950,6,1.40,37.496567,126.958027,1034,24,84,6,13.48,0.08,999.00,106.6,0,0,1,0,-76,-76.4,16950,30,16949
17:32:15,10.507,1821571,1821571,0,0,1,37.496568,126.958026,0.00,178.0,0.000,1,182.8,"3.62,-1.24,8.99","2.0,0.1,-2.3","-7.950,-7.350,1.050",0.08,17678,16950,6,1.40,37.496567,126.958027,1034,24,84,6,13.48,0.08,999.00,106.6,0,0,1,0,-76,-76.4,16950,74,16949
