시각,경과초,시각ms,IMU시각ms,위험,차량위험,차량위험경과ms,RSU위험,RSU위험경과ms,GPS유효,위도,경도,속도,방향,GPS원시속도,GPS원시방향유효,GPS원시방향,가속도,자이로,자력계,IMU방향유효,IMU방향,방향가속도크기,방향자이로크기,방향자세cos,자기모델잔차,자기모델반경,방향채택,방향거부,송신,GPS위성,GPS_HDOP,원시위도,원시경도,GPS채택,GPS이상치거부,GPS품질거부,GPS재기준,RSSI원시,RSSI평활,RSSI샘플,RSSI경과ms,차량수신
14:31:25,0.178,246358,246346,1,0,-1,1,3020,1,37.496502,126.958031,0.326,0.0,0.437,1,302.6,"6.910,5.918,-2.351","19.824,-14.328,47.374","-71.250,63.000,-8.700",0,0.0,9.40,53.32,0.6693,999.00,0.000,0,29977,2307,6,1.39,37.496503,126.958029,467,15,40,1,-88,-83.9,2293,92,2293
14:31:25,0.342,246464,246452,0,0,-1,1,3126,1,37.496502,126.958031,0.404,0.0,0.550,1,302.6,"5.952,4.070,-1.432","-82.069,-118.878,41.000","-73.500,57.600,-12.000",0,0.0,7.35,150.16,0.6453,999.00,0.000,0,29990,2308,6,1.39,37.496504,126.958027,468,15,40,1,-84,-83.9,2294,93,2294
14:31:25,0.519,246569,246557,0,0,-1,1,3231,1,37.496502,126.958023,0.472,0.0,0.597,1,275.7,"6.407,4.908,-2.840","-94.176,-115.618,6.328","-75.000,52.650,-19.650",0,0.0,8.56,149.25,0.6453,999.00,0.000,0,30003,2309,6,1.43,37.496504,126.958025,469,15,40,1,-80,-83.1,2295,97,2295
14:31:26,0.757,246675,246663,0,0,-1,1,3337,1,37.496502,126.958023,0.472,0.0,0.597,1,275.7,"8.399,7.748,-1.882","-30.962,-28.443,-13.244","-75.000,52.650,-25.200",0,0.0,11.58,44.08,0.6593,999.00,0.000,0,30016,2310,6,1.43,37.496504,126.958025,469,15,40,1,-79,-82.3,2296,3,2296
14:31:26,0.854,246990,246978,0,0,-1,1,3652,1,37.496506,126.958015,0.750,0.0,1.049,1,252.9,"6.589,3.270,-1.915","-113.435,-23.748,-5.046","-76.650,57.000,-22.350",0,0.0,7.60,116.00,0.6593,999.00,0.000,0,30055,2313,6,1.43,37.496504,126.958016,471,15,40,1,-88,-83.4,2298,111,2298
14:31:26,1.124,247095,247083,0,0,-1,1,3757,1,37.496506,126.958015,0.750,0.0,1.049,1,252.9,"8.586,8.466,0.072","-42.366,-26.641,16.733","-76.050,56.850,-20.700",0,0.0,12.06,52.77,0.8286,999.00,0.000,0,30068,2314,6,1.43,37.496504,126.958016,471,15,40,1,-80,-82.7,2299,18,2299
14:31:26,1.218,247307,247295,0,0,-1,1,3969,1,37.496502,126.958015,0.911,0.0,1.209,1,247.0,"7.997,6.048,-1.312","20.282,-56.595,8.924","-77.250,51.450,-24.450",0,0.0,10.11,60.78,0.7558,999.00,0.000,0,30094,2316,6,1.43,37.496502,126.958012,472,15,40,1,-83,-81.5,2301,29,2301
14:31:26,1.276,247413,247401,0,0,-1,1,4075,1,37.496502,126.958008,1.024,0.0,1.235,1,244.6,"5.109,5.708,-1.566","48.046,-12.427,0.656","-75.450,48.900,-28.650",0,0.0,7.82,49.63,0.7558,999.00,0.000,0,30107,2317,6,1.43,37.496501,126.958009,473,15,40,1,-83,-81.8,2302,29,2302
14:31:26,1.394,247518,247506,0,0,-1,1,4180,1,37.496502,126.958008,1.024,0.0,1.235,1,244.6,"5.899,5.033,-3.529","-5.450,-48.366,0.756","-76.200,50.400,-28.650",0,0.0,8.52,48.68,0.3528,999.00,0.000,0,30120,2318,6,1.43,37.496501,126.958009,473,15,40,1,-83,-81.8,2302,134,2302
14:31:26,1.517,247624,247612,0,0,-1,1,4286,1,37.496502,126.958008,1.123,0.0,1.307,1,244.6,"8.011,7.839,-2.868","-44.008,-56.992,-10.573","-74.250,50.700,-34.650",0,0.0,11.57,72.78,0.3528,999.00,0.000,0,30133,2319,6,1.43,37.496501,126.958004,474,15,40,1,-79,-81.3,2303,34,2303
14:31:26,1.526,247730,247718,0,0,-1,1,4392,1,37.496502,126.958008,1.123,0.0,1.307,1,244.6,"7.341,8.547,-5.430","-24.168,29.038,-4.641","-73.950,53.550,-39.900",0,0.0,12.51,38.06,0.4137,999.00,0.000,0,30146,2320,6,1.43,37.496501,126.958004,474,15,40,1,-79,-81.3,2303,140,2303
14:31:26,1.639,247836,247824,0,0,-1,1,4498,1,37.496502,126.958000,1.204,0.0,1.353,1,245.5,"3.270,4.468,-1.240","-74.542,-3.718,28.947","-73.950,53.100,-35.250",0,0.0,5.67,80.05,0.4137,999.00,0.000,0,30159,2321,6,1.43,37.496502,126.958000,475,15,40,1,-81,-81.2,2304,46,2304
14:31:27,1.834,247941,247929,0,0,-1,1,4603,1,37.496502,126.958000,1.204,0.0,1.353,1,245.5,"5.708,5.818,0.939","-89.672,-20.076,32.511","-76.500,51.450,-33.600",0,0.0,8.20,97.47,0.4137,999.00,0.000,0,30172,2322,6,1.43,37.496502,126.958000,475,15,40,1,-81,-81.2,2304,151,2304
14:31:27,1.912,248047,248035,0,0,-1,1,4709,1,37.496502,126.958000,1.245,0.0,1.322,1,244.8,"8.365,6.565,-1.700","13.405,44.229,31.947","-74.550,50.700,-35.400",0,0.0,10.77,56.18,0.4137,999.00,0.000,0,30185,2323,6,1.43,37.496502,126.957998,476,15,40,1,-83,-81.6,2305,56,2305
14:31:27,2.039,248152,248140,0,0,-1,1,4814,1,37.496502,126.957993,1.245,0.0,1.322,1,244.8,"9.558,6.622,1.887","35.985,42.389,11.977","-75.450,46.650,-30.450",0,0.0,11.78,56.88,0.4137,999.00,0.000,0,30198,2324,6,1.43,37.496502,126.957998,476,15,40,1,-84,-82.1,2306,59,2306
14:31:27,2.111,248258,248246,0,0,-1,1,4920,1,37.496502,126.957993,1.245,0.0,1.245,1,241.3,"9.041,6.914,-0.086","106.885,94.618,-15.664","-75.150,46.650,-25.350",0,0.0,11.38,143.61,0.8138,999.00,0.000,0,30211,2325,6,1.43,37.496500,126.957997,477,15,40,1,-84,-82.1,2306,165,2306
14:31:27,2.238,248363,248351,0,0,-1,1,5025,1,37.496498,126.957993,1.245,0.0,1.245,1,241.3,"4.697,6.536,1.231","118.733,104.618,-3.168","-73.500,49.200,-15.300",0,0.0,8.14,158.28,0.8138,999.00,0.000,0,30224,2326,6,1.43,37.496500,126.957997,477,15,40,1,-84,-82.4,2307,56,2307
14:31:27,2.312,248469,248457,1,0,-1,1,26,1,37.496498,126.957993,1.240,0.0,1.230,1,238.6,"6.661,4.922,-0.302","17.618,32.435,-16.725","-72.450,54.000,-10.050",0,0.0,8.29,40.52,0.7467,999.00,0.000,0,30237,2327,6,1.43,37.496499,126.957995,478,15,40,1,-84,-82.4,2307,162,2307
14:31:27,2.439,248574,248562,1,0,-1,1,131,1,37.496498,126.957993,1.180,0.0,1.070,1,237.1,"8.792,9.136,1.211","5.397,13.679,-21.618","-70.800,57.600,-6.900",0,0.0,12.74,26.15,0.8269,999.00,0.000,0,30250,2328,6,1.43,37.496501,126.957994,479,15,40,1,-88,-83.6,2308,59,2308
14:31:27,2.510,248680,248668,1,0,-1,1,237,1,37.496498,126.957993,1.180,0.0,1.070,1,237.1,"8.744,8.983,-1.599","-26.153,-37.466,-13.542","-70.800,58.350,-7.650",0,0.0,12.64,47.66,0.6689,999.00,0.000,0,30263,2329,6,1.43,37.496501,126.957994,479,15,40,1,-88,-83.6,2308,165,2308
14:31:28,2.766,248785,248773,1,0,-1,1,342,1,37.496498,126.957993,1.122,0.0,1.013,1,234.3,"3.285,6.661,1.413","3.359,17.229,-17.038","-70.200,57.000,-8.550",0,0.0,7.56,24.46,0.8195,999.00,0.000,0,30276,2330,6,1.43,37.496500,126.957994,480,15,40,1,-85,-83.8,2309,62,2309
14:31:28,2.865,248996,248984,1,0,-1,1,553,1,37.496498,126.957993,1.061,0.0,0.947,1,231.9,"6.756,4.233,-1.168","0.817,-3.962,-18.328","-69.450,57.750,-9.300",0,0.0,8.06,18.77,0.6632,999.00,0.000,0,30302,2332,6,1.43,37.496501,126.957993,481,15,40,1,-85,-83.8,2309,273,2309
14:31:28,3.041,249101,249089,1,0,-1,1,658,1,37.496498,126.957993,1.061,0.0,0.947,1,231.9,"9.740,10.472,3.275","-15.939,-19.687,-13.061","-69.000,61.500,-5.100",0,0.0,14.67,28.50,0.9174,999.00,0.000,0,30315,2333,6,1.43,37.496501,126.957993,481,15,40,1,-85,-83.8,2309,378,2309
14:31:28,3.189,249313,249301,1,0,-1,1,870,1,37.496502,126.957985,1.017,0.0,0.936,1,230.7,"4.118,6.388,1.106","104.916,100.702,1.336","-66.150,65.850,-2.250",0,0.0,7.68,145.43,0.7269,999.00,0.000,0,30341,2335,6,1.39,37.496503,126.957991,482,15,40,1,-85,-83.8,2309,590,2309
14:31:28,3.270,249419,249407,1,0,-1,1,976,1,37.496502,126.957985,0.982,0.0,0.916,1,230.0,"5.555,6.517,0.876","78.672,88.145,-8.466","-59.550,72.150,0.000",0,0.0,8.61,118.45,0.7269,999.00,0.000,0,30354,2336,6,1.39,37.496504,126.957989,483,15,40,1,-83,-83.7,2310,74,2310
14:31:28,3.521,249525,249513,1,0,-1,1,1082,1,37.496502,126.957985,0.982,0.0,0.916,1,230.0,"6.124,7.843,0.776","41.267,53.893,-19.374","-54.900,77.400,0.450",0,0.0,9.98,70.59,0.7269,999.00,0.000,0,30367,2337,6,1.39,37.496504,126.957989,483,15,40,1,-83,-83.7,2310,180,2310
14:31:28,3.615,249736,249724,0,0,-1,0,163,1,37.496502,126.957985,0.928,0.0,0.828,1,226.8,"7.183,7.020,-0.532","-20.840,30.359,9.718","-53.550,77.550,2.850",0,0.0,10.06,38.08,0.7371,999.00,0.000,0,30393,2339,6,1.39,37.496506,126.957988,484,15,40,1,-80,-83.5,2312,88,2312
14:31:28,3.677,249842,249830,0,0,-1,0,269,1,37.496502,126.957985,0.886,0.0,0.808,1,214.6,"3.361,6.120,1.135","-10.076,67.656,10.336","-49.050,76.800,6.450",0,0.0,7.07,69.18,0.7371,999.00,0.000,0,30406,2340,6,1.39,37.496505,126.957990,485,15,40,1,-80,-83.5,2312,194,2312
14:31:29,4.089,249947,249935,0,0,-1,0,374,1,37.496502,126.957985,0.886,0.0,0.808,1,214.6,"3.342,7.149,2.629","-3.176,71.214,28.695","-45.000,74.850,10.200",0,0.0,8.32,76.84,0.7371,999.00,0.000,0,30419,2341,6,1.39,37.496505,126.957990,485,15,40,1,-80,-83.5,2312,299,2312
14:31:29,4.186,250264,250252,0,0,-1,0,691,1,37.496502,126.957985,0.845,0.0,0.823,1,193.7,"5.995,4.468,5.655","30.053,61.863,68.153","-35.550,74.550,11.250",0,0.0,9.37,96.82,0.7371,999.00,0.000,0,30458,2344,6,1.39,37.496503,126.957991,487,15,40,1,-86,-84.0,2313,9,2313
14:31:29,4.346,250369,250357,0,0,-1,0,796,1,37.496502,126.957985,0.845,0.0,0.823,1,193.7,"3.979,4.578,4.343","63.977,103.092,63.237","-30.450,81.150,11.850",0,0.0,7.46,136.82,0.7371,999.00,0.000,0,30471,2345,6,1.39,37.496503,126.957991,487,15,40,1,-80,-83.2,2314,13,2314
14:31:29,4.615,250580,250568,1,0,-1,1,76,1,37.496502,126.957985,0.800,0.0,0.731,1,180.9,"7.647,7.800,4.784","-0.527,2.824,25.000","-28.200,86.400,9.450",0,0.0,11.92,25.16,0.9604,999.00,0.000,0,30497,2347,6,1.39,37.496505,126.957989,489,15,40,1,-82,-82.9,2315,123,2315
14:31:29,4.708,250895,250883,1,0,-1,1,391,1,37.496502,126.957985,0.754,114.4,0.669,1,176.4,"6.622,2.265,6.584","-14.763,7.557,44.618","-32.700,79.650,11.400",1,114.4,9.61,47.60,0.9668,7.93,0.934,1,30535,2350,6,1.39,37.496506,126.957988,490,15,40,1,-78,-82.0,2316,134,2316
14:31:30,4.844,251000,250988,2,0,-1,2,87,1,37.496506,126.957985,0.721,116.0,0.658,1,175.2,"10.918,2.926,8.164","33.427,-1.542,51.824","-34.650,81.150,10.350",1,116.0,13.94,61.69,0.8906,10.31,0.807,2,30547,2351,6,1.39,37.496505,126.957987,491,15,40,1,-81,-81.8,2317,38,2317
14:31:30,4.977,251106,251094,2,0,-1,2,193,1,37.496502,126.957985,0.721,116.0,0.658,1,175.2,"8.897,2.428,3.946","47.557,10.641,23.588","-37.800,83.400,9.450",1,116.0,10.03,54.14,0.8906,10.31,0.807,2,30560,2352,6,1.39,37.496505,126.957987,491,15,40,1,-81,-81.6,2318,46,2318
14:31:30,5.090,251211,251199,2,0,-1,2,298,1,37.496506,126.957985,0.679,116.0,0.602,1,177.1,"7.585,3.591,6.670","32.832,-22.794,-0.992","-39.750,86.100,4.350",1,116.0,10.72,39.98,0.9770,10.31,0.807,2,30573,2353,6,1.39,37.496507,126.957984,492,15,40,1,-80,-81.3,2319,50,2319
14:31:30,5.295,251316,251304,2,0,-1,2,403,1,37.496506,126.957985,0.679,116.0,0.602,1,177.1,"9.103,2.303,5.823","26.107,-31.176,32.878","-42.450,88.200,2.250",1,116.0,11.05,52.29,0.9770,10.31,0.807,2,30586,2354,6,1.39,37.496507,126.957984,492,15,40,1,-80,-81.3,2319,155,2319
14:31:30,5.497,251528,251516,2,0,-1,2,615,1,37.496506,126.957985,0.611,116.0,0.484,1,182.2,"8.475,3.500,1.657","-10.244,-17.664,-9.725","-46.950,88.200,-0.900",1,116.0,9.32,22.62,0.8332,10.31,0.807,2,30612,2356,6,1.39,37.496508,126.957981,493,15,40,1,-86,-82.2,2320,55,2320
14:31:30,5.577,251739,251727,2,0,-1,2,826,1,37.496506,126.957985,0.521,116.0,0.355,1,182.2,"9.754,2.461,0.010","-17.656,-16.573,8.534","-52.950,83.100,-0.450",1,116.0,10.06,25.68,0.6894,10.31,0.807,2,30638,2358,6,1.39,37.496510,126.957979,494,15,40,1,-86,-83.3,2322,63,2322
14:31:31,5.835,251845,251833,2,0,-1,2,932,1,37.496510,126.957977,0.458,116.0,0.340,1,182.2,"7.015,2.801,0.646","26.756,48.954,11.290","-51.300,83.400,0.000",1,116.0,7.58,56.92,0.5497,10.31,0.807,2,30651,2359,6,1.39,37.496511,126.957977,495,15,40,1,-83,-83.2,2323,68,2323
14:31:31,6.092,252056,252044,2,0,-1,2,82,1,37.496510,126.957977,0.427,116.0,0.370,1,182.2,"12.033,3.270,3.045","26.992,97.611,39.168","-46.650,82.800,4.500",1,116.0,12.84,108.58,0.5234,10.31,0.807,2,30677,2361,6,1.39,37.496512,126.957975,496,15,40,1,-82,-82.6,2325,78,2325
14:31:31,6.307,252372,252360,2,0,-1,2,398,1,37.496513,126.957970,0.415,116.0,0.427,1,206.6,"8.950,0.254,0.283","34.183,37.008,-17.847","-49.200,77.700,7.800",1,116.0,8.96,53.45,0.6170,10.31,0.807,2,30716,2364,6,1.39,37.496513,126.957968,498,15,40,1,-86,-83.2,2327,86,2327
14:31:32,6.748,252583,252571,2,0,-1,2,609,1,37.496513,126.957970,0.418,0.0,0.422,1,219.0,"5.933,-0.014,1.508","-71.160,-30.534,-29.847","-47.400,73.950,9.600",0,116.0,6.12,82.99,0.9405,10.31,0.807,2,30742,2366,6,1.39,37.496511,126.957966,499,15,40,1,-88,-83.6,2329,83,2329
14:31:32,7.141,253005,252993,2,0,-1,2,1031,1,37.496510,126.957962,0.413,114.7,0.401,1,225.8,"5.612,2.547,7.072","-1.771,11.290,12.328","-30.300,85.650,6.450",1,114.7,9.38,16.81,0.9647,9.76,0.935,6,30790,2370,6,1.39,37.496508,126.957963,501,15,40,1,-85,-83.9,2332,197,2332
14:31:32,7.346,253428,253416,2,0,-1,2,1454,1,37.496506,126.957962,0.406,114.7,0.396,1,225.8,"4.233,2.322,8.327","-35.786,-25.748,5.221","-24.750,91.800,3.600",1,114.7,9.63,44.39,0.9276,9.76,0.935,6,30842,2374,6,1.39,37.496506,126.957959,503,15,40,1,-80,-82.8,2334,5,2334
14:31:32,7.477,253639,253627,2,0,-1,2,1665,1,37.496506,126.957954,0.395,114.7,0.376,1,225.8,"5.794,1.676,8.523","-27.382,-18.511,-0.557","-30.300,86.850,6.900",1,114.7,10.44,33.06,0.9225,9.76,0.935,6,30868,2376,6,1.39,37.496505,126.957957,504,15,40,1,-83,-82.9,2335,13,2335
14:31:32,7.640,253744,253732,2,0,-1,2,1770,1,37.496506,126.957954,0.395,114.7,0.376,1,225.8,"5.325,2.279,6.005","14.832,0.137,-11.954","-31.500,86.850,6.450",1,114.7,8.34,19.05,0.9671,9.76,0.935,6,30881,2377,6,1.39,37.496505,126.957957,504,15,40,1,-87,-83.7,2336,9,2336
14:31:33,7.837,253850,253838,2,0,-1,2,1876,1,37.496506,126.957954,0.379,114.7,0.350,1,225.8,"5.200,2.289,7.403","-0.687,-14.534,-7.786","-31.500,87.600,5.400",1,114.7,9.33,16.50,0.9524,9.76,0.935,6,30894,2378,6,1.39,37.496505,126.957955,505,15,40,1,-87,-83.7,2336,115,2336
14:31:33,8.532,254166,254154,2,0,-1,2,2192,1,37.496502,126.957954,0.323,114.7,0.268,1,225.8,"6.527,2.049,6.929","2.893,2.954,-2.221","-32.550,86.400,6.900",1,114.7,9.74,4.69,0.9487,9.76,0.935,6,30933,2381,6,1.43,37.496503,126.957951,507,15,40,1,-80,-83.6,2338,30,2338
14:31:33,8.642,254693,254681,3,0,-1,3,319,1,37.496502,126.957947,0.240,109.7,0.159,1,225.8,"6.895,0.948,5.971","-8.046,-6.947,5.718","-36.750,80.250,7.950",1,109.7,9.17,12.07,0.9034,8.24,0.956,8,30996,2386,6,1.43,37.496502,126.957948,509,15,40,1,-81,-83.2,2343,47,2343
14:31:34,8.781,254799,254787,3,0,-1,3,425,1,37.496502,126.957947,0.201,109.7,0.129,1,225.8,"8.806,0.503,6.062","-3.809,-12.160,4.924","-36.150,80.850,9.300",1,109.7,10.70,13.66,0.8622,8.24,0.956,8,31009,2387,6,1.43,37.496502,126.957946,510,15,40,1,-81,-82.7,2344,53,2344
14:31:34,8.857,255011,254999,0,0,-1,0,79,1,37.496502,126.957947,0.163,109.7,0.093,1,225.8,"7.661,1.039,5.885","-2.573,-5.855,2.901","-39.750,80.250,8.700",1,109.7,9.72,7.02,0.8976,8.24,0.956,8,31035,2389,6,1.43,37.496501,126.957945,511,15,40,1,-84,-83.0,2346,56,2346
14:31:34,9.180,255116,255104,0,0,-1,0,184,1,37.496502,126.957947,0.163,109.7,0.093,1,225.8,"7.796,1.173,5.933","2.969,-1.847,4.198","-40.950,79.350,8.550",1,109.7,9.87,5.46,0.9019,8.24,0.956,8,31048,2390,6,1.43,37.496501,126.957945,511,15,40,1,-87,-83.8,2347,61,2347
14:31:34,9.346,255433,255421,0,0,-1,0,501,1,37.496502,126.957947,0.108,109.7,0.062,1,225.8,"7.599,1.322,5.784","1.137,3.779,-0.198","-39.450,81.150,8.850",1,109.7,9.64,3.95,0.9092,8.24,0.956,8,31087,2393,6,1.43,37.496501,126.957942,513,15,40,1,-84,-83.9,2349,65,2349
14:31:34,9.597,255538,255526,0,0,-1,0,606,1,37.496502,126.957947,0.108,109.7,0.062,1,225.8,"7.623,0.824,5.823","-14.092,-9.641,2.076","-37.950,78.900,9.300",1,109.7,9.63,17.20,0.8881,8.24,0.956,8,31100,2394,6,1.43,37.496501,126.957942,513,15,40,1,-83,-83.7,2350,69,2350
14:31:35,9.881,255855,255843,0,0,-1,0,923,1,37.496502,126.957939,0.074,0.0,0.046,1,225.8,"7.839,0.857,5.885","-0.145,0.786,-2.137","-39.750,79.950,8.400",0,109.7,9.84,2.28,0.8875,8.24,0.956,8,31139,2397,6,1.43,37.496501,126.957939,515,15,40,1,-87,-84.4,2351,278,2351
14:31:35,10.111,256171,256159,0,0,-1,0,188,1,37.496502,126.957939,0.057,0.0,0.041,1,225.8,"7.518,1.302,5.689","9.733,8.985,-4.786","-40.050,79.950,8.700",0,109.7,9.52,14.08,0.9086,8.24,0.956,8,31178,2400,6,1.43,37.496501,126.957936,517,15,40,1,-80,-84.5,2354,80,2354
14:31:35,10.349,256382,256370,0,0,-1,0,399,1,37.496502,126.957939,0.053,0.0,0.046,1,225.8,"7.479,1.312,5.866","4.313,1.351,-2.565","-37.200,81.150,7.350",0,109.7,9.60,5.20,0.9111,8.24,0.956,8,31204,2402,6,1.43,37.496501,126.957934,518,15,40,1,-81,-83.4,2356,89,2356
14:31:35,10.423,256488,256476,0,0,-1,0,505,1,37.496502,126.957939,0.053,0.0,0.046,1,225.8,"7.360,1.465,5.976","8.351,0.206,-0.649","-38.400,83.100,8.850",0,109.7,9.59,8.38,0.9195,8.24,0.956,8,31217,2403,6,1.43,37.496501,126.957934,518,15,40,1,-81,-83.4,2356,195,2356
14:31:36,10.778,256593,256581,0,0,-1,0,610,1,37.496502,126.957932,0.055,0.0,0.057,1,225.8,"7.432,1.504,5.986","2.977,-9.260,-0.870","-37.650,83.100,7.350",0,109.7,9.66,9.77,0.9201,8.24,0.956,8,31230,2404,6,1.43,37.496501,126.957933,519,15,40,1,-81,-83.4,2356,300,2356
14:31:36,10.873,257017,257005,0,0,-1,0,1034,1,37.496502,126.957932,0.048,0.0,0.041,1,225.8,"7.489,1.867,6.029","-4.176,-7.099,-5.634","-37.200,83.850,5.250",0,109.7,9.79,9.98,0.9326,8.24,0.956,8,31282,2408,6,1.43,37.496502,126.957930,521,15,40,1,-85,-83.4,2358,104,2358
14:31:36,11.460,257123,257111,0,0,-1,0,69,1,37.496502,126.957932,0.048,0.0,0.041,1,225.8,"7.934,1.844,5.952","-3.481,0.458,-3.023","-37.200,83.550,4.800",0,109.7,10.09,4.63,0.9250,8.24,0.956,8,31295,2409,6,1.43,37.496502,126.957930,521,15,40,1,-82,-83.1,2359,6,2359
14:31:36,11.576,257650,257638,0,0,-1,0,596,1,37.496502,126.957924,0.030,0.0,0.005,1,225.8,"7.661,1.369,6.029","-2.794,-4.160,-3.328","-38.400,80.850,10.050",0,109.7,9.84,6.02,0.9123,8.24,0.956,8,31360,2414,6,1.45,37.496503,126.957926,524,15,40,1,-85,-83.8,2363,11,2363
14:31:37,12.099,257755,257743,0,0,-1,0,701,1,37.496502,126.957924,0.030,0.0,0.005,1,225.8,"7.513,1.159,5.904","-10.076,-16.046,2.519","-39.000,78.750,9.450",0,109.7,9.63,19.11,0.9047,8.24,0.956,8,31373,2415,6,1.45,37.496503,126.957926,524,15,40,1,-82,-83.4,2364,16,2364
14:31:38,13.384,258177,258165,0,0,-1,0,57,1,37.496506,126.957924,0.028,0.0,0.031,1,225.8,"8.030,1.211,5.842","1.206,-3.427,-0.832","-40.800,78.750,8.700",0,109.7,10.00,3.73,0.8993,8.24,0.956,8,31425,2419,6,1.39,37.496505,126.957920,527,15,40,1,-80,-82.8,2365,326,2365
14:31:38,13.657,259441,259429,0,0,-1,0,152,1,37.496506,126.957909,0.021,0.0,0.021,1,225.8,"7.796,1.528,5.713","-14.176,-9.977,1.321","-40.050,81.000,9.000",0,109.7,9.78,17.38,0.9136,8.24,0.956,8,31581,2431,6,1.39,37.496505,126.957910,533,15,40,1,-83,-84.4,2370,26,2370
14:31:40,15.416,259863,259851,0,0,-1,0,574,1,37.496506,126.957909,0.019,0.0,0.021,1,225.8,"7.762,1.537,5.655","8.962,6.267,-1.000","-39.450,83.550,7.800",0,109.7,9.73,10.98,0.9138,8.24,0.956,8,31633,2435,6,1.39,37.496505,126.957908,535,15,40,1,-86,-85.0,2372,32,2372
14:31:41,16.566,261656,261644,0,0,-1,0,291,1,37.496502,126.957901,0.015,100.4,0.005,1,225.8,"6.996,2.806,6.057","-8.221,-5.840,0.977","-33.300,86.850,6.450",1,100.4,9.67,10.13,0.9661,6.09,0.837,12,31850,2452,5,1.39,37.496502,126.957900,544,15,40,1,-82,-83.0,2380,384,2380
14:31:42,16.939,262817,262805,0,0,-1,0,385,1,37.496502,126.957893,0.048,94.3,0.062,1,225.8,"7.049,4.434,5.689","39.260,36.878,-1.023","-31.050,93.750,-1.350",1,94.3,10.08,53.87,0.5655,6.88,0.897,14,31991,2463,6,1.39,37.496502,126.957896,550,15,40,1,-83,-82.3,2390,34,2390
14:31:42,17.352,263240,263228,0,0,-1,0,808,1,37.496502,126.957893,0.045,91.8,0.041,1,225.8,"7.221,4.214,5.057","4.672,7.382,-1.878","-33.150,93.450,-1.950",1,91.8,9.77,8.94,0.9778,6.62,0.896,24,32033,2467,6,1.39,37.496502,126.957895,552,15,40,1,-81,-82.1,2394,54,2394
14:31:43,17.982,263662,263650,0,0,-1,0,231,1,37.496502,126.957893,0.044,89.0,0.041,1,225.8,"6.780,4.616,4.966","2.191,5.855,-1.771","-30.750,94.800,-2.100",1,89.0,9.59,6.50,0.9850,5.76,1.003,53,32056,2471,6,1.39,37.496503,126.957895,554,15,40,1,-83,-82.1,2396,264,2396
14:31:43,18.227,264295,264283,0,0,-1,0,864,1,37.496506,126.957893,0.026,86.4,0.015,1,225.8,"6.618,4.635,5.104","-1.481,-3.382,3.267","-31.050,94.800,-3.600",1,86.4,9.56,4.93,0.9886,4.95,0.992,131,32056,2477,6,1.43,37.496505,126.957893,557,15,40,1,-81,-82.0,2401,77,2401
14:31:43,18.410,264507,264495,0,0,-1,0,40,1,37.496506,126.957893,0.030,86.0,0.036,1,225.8,"6.800,4.597,5.171","-2.679,2.252,-1.557","-31.500,94.050,-2.850",1,86.0,9.70,3.83,0.9872,5.34,0.966,153,32060,2479,6,1.43,37.496506,126.957893,558,15,40,1,-82,-82.2,2403,76,2403
14:31:43,18.609,264719,264707,0,0,-1,0,252,1,37.496506,126.957893,0.035,85.7,0.046,1,225.8,"6.689,4.621,5.090","-6.389,-4.405,1.176","-31.950,96.150,-2.700",1,85.7,9.59,7.85,0.9876,6.72,1.006,179,32060,2481,6,1.43,37.496507,126.957892,559,15,40,1,-82,-82.1,2405,68,2405
14:31:44,19.047,264930,264918,0,0,-1,0,463,1,37.496506,126.957893,0.039,85.7,0.046,1,225.8,"7.034,4.099,4.946","-3.962,-0.802,2.000","-32.700,94.350,-1.950",1,85.7,9.53,4.51,0.9781,5.25,0.993,188,32077,2483,6,1.43,37.496507,126.957892,560,15,40,1,-82,-81.9,2407,83,2407
14:31:44,19.243,265247,265235,0,0,-1,0,780,1,37.496506,126.957893,0.055,84.9,0.077,1,225.8,"6.235,4.994,5.890","3.901,5.084,-0.252","-28.800,96.750,-5.850",1,84.9,9.92,6.41,0.9981,3.14,1.084,214,32090,2486,6,1.43,37.496508,126.957891,562,15,40,1,-82,-81.9,2408,283,2408
14:31:44,19.584,265563,265551,0,0,-1,0,1096,1,37.496510,126.957893,0.058,84.3,0.062,1,225.8,"6.646,4.310,4.812","-7.779,-2.084,-5.412","-30.300,95.250,-5.400",1,84.3,9.27,9.70,0.9833,4.15,1.015,246,32097,2489,6,1.43,37.496508,126.957891,563,15,40,1,-84,-82.3,2409,189,2409
14:31:45,20.555,265880,265868,0,0,-1,0,1413,1,37.496510,126.957893,0.068,84.8,0.082,1,225.8,"5.535,6.057,6.541","0.611,24.435,-21.450","-27.750,94.050,-1.800",1,84.8,10.49,32.52,0.9961,3.86,1.059,272,32110,2492,6,1.43,37.496508,126.957892,565,15,40,1,-84,-83.2,2412,12,2412
14:31:46,20.958,266726,266714,0,0,-1,0,2259,1,37.496510,126.957893,0.080,84.9,0.072,1,225.8,"4.573,5.962,5.483","6.130,-5.710,7.977","-21.150,98.850,-8.550",1,84.9,9.30,11.57,0.9861,2.02,1.298,337,32149,2500,5,1.45,37.496509,126.957891,569,15,40,1,-87,-84.5,2414,107,2414
14:31:46,21.089,267043,267030,0,0,-1,0,2576,1,37.496510,126.957893,0.066,80.7,0.062,1,225.8,"5.612,6.302,5.444","-14.427,-40.725,15.290","-23.700,101.550,-14.700",1,80.7,10.04,45.83,0.9870,3.52,1.324,344,32181,2503,6,1.39,37.496510,126.957891,571,15,40,1,-80,-83.0,2418,15,2418
14:31:46,21.312,267147,267135,0,0,-1,0,2680,1,37.496510,126.957893,0.066,79.0,0.062,1,225.8,"6.014,5.904,5.195","-7.122,-39.481,10.435","-27.000,101.850,-15.300",1,79.0,9.90,41.45,0.9898,1.59,1.270,345,32193,2504,6,1.39,37.496510,126.957891,571,15,40,1,-80,-83.0,2418,119,2418
14:31:46,21.332,267464,267452,0,0,-1,0,2997,1,37.496510,126.957893,0.066,73.7,0.072,1,225.8,"4.985,4.827,4.520","-22.053,-6.435,2.611","-29.250,102.150,-19.650",1,73.7,8.28,23.12,0.9931,2.98,1.273,357,32220,2507,6,1.43,37.496511,126.957891,573,15,40,1,-83,-83.5,2420,134,2420
14:31:46,21.565,267569,267557,0,0,-1,0,3102,1,37.496510,126.957893,0.099,72.5,0.159,1,225.8,"5.588,4.501,3.754","-39.305,8.183,-12.496","-27.450,101.550,-18.450",1,72.5,8.10,42.05,0.9784,0.92,1.255,364,32226,2508,6,1.43,37.496511,126.957892,574,15,40,1,-83,-83.5,2420,239,2420
14:31:46,21.671,267780,267768,0,0,-1,0,3313,1,37.496513,126.957893,0.143,72.5,0.226,1,225.8,"3.740,7.068,5.239","-27.031,53.435,-20.695","-22.650,99.600,-11.850",1,72.5,9.56,63.36,0.9796,0.92,1.255,364,32252,2510,6,1.39,37.496513,126.957891,575,15,40,1,-83,-83.5,2420,450,2420
14:31:47,21.855,267886,267874,0,0,-1,0,3419,1,37.496513,126.957893,0.143,72.5,0.226,1,225.8,"3.610,8.078,5.741","-17.847,32.244,-14.275","-21.000,97.500,-11.250",1,72.5,10.55,39.52,0.9341,0.92,1.255,364,32265,2511,6,1.39,37.496513,126.957891,575,15,40,1,-83,-83.5,2420,556,2420
14:31:47,22.107,268097,268085,0,0,-1,0,3630,1,37.496513,126.957893,0.187,72.5,0.268,1,225.8,"4.520,6.881,5.061","-35.725,-25.748,4.160","-18.300,97.500,-6.450",1,72.5,9.66,44.23,0.9666,0.92,1.255,364,32291,2513,6,1.39,37.496515,126.957891,576,15,40,1,-83,-83.5,2420,767,2420
14:31:47,22.198,268309,268297,0,0,-1,0,3842,1,37.496513,126.957893,0.202,72.5,0.231,1,225.8,"5.952,6.761,4.673","-2.153,-54.534,3.794","-18.750,96.750,-5.850",1,72.5,10.15,54.71,0.9702,0.92,1.255,364,32317,2515,6,1.39,37.496516,126.957891,577,15,40,1,-78,-81.8,2422,43,2422
14:31:47,22.255,268414,268402,0,0,-1,0,3947,1,37.496517,126.957893,0.218,72.5,0.247,1,225.8,"-11.602,3.103,-3.275","29.282,-52.046,37.084","-26.250,96.750,-3.150",1,72.5,12.45,70.30,0.9702,0.92,1.255,364,32330,2516,6,1.39,37.496517,126.957891,578,15,40,1,-83,-82.1,2423,36,2423
14:31:47,22.595,268519,268507,0,0,-1,0,4052,1,37.496517,126.957893,0.218,72.5,0.247,1,225.8,"6.258,4.171,3.376","-14.252,-42.305,6.405","-22.800,97.500,-7.200",1,72.5,8.24,45.10,0.9550,0.92,1.255,364,32343,2517,6,1.39,37.496517,126.957891,578,15,40,1,-81,-81.8,2424,39,2424
14:31:47,22.716,268834,268822,0,0,-1,0,4367,1,37.496517,126.957893,0.225,72.5,0.226,1,225.8,"5.224,1.255,6.201","-20.931,63.000,40.275","-20.700,97.050,-6.300",1,72.5,8.20,77.65,0.9275,0.92,1.255,364,32382,2520,6,1.39,37.496519,126.957891,580,15,40,1,-85,-82.6,2427,42,2427
14:31:48,22.775,268939,268927,0,0,-1,0,4472,1,37.496517,126.957893,0.225,72.5,0.226,1,225.8,"6.330,5.550,7.537","17.053,65.878,50.130","-20.250,97.500,-9.450",1,72.5,11.30,84.52,0.9275,0.92,1.255,364,32395,2521,6,1.39,37.496519,126.957891,580,15,40,1,-87,-83.5,2428,48,2428
14:31:48,22.840,269045,269033,0,0,-1,0,4578,1,37.496517,126.957893,0.242,72.5,0.273,1,225.8,"5.071,9.136,6.460","24.992,27.031,44.458","-24.450,99.300,-10.350",1,72.5,12.28,57.72,0.9275,0.92,1.255,364,32408,2522,6,1.39,37.496520,126.957892,581,15,40,1,-79,-82.6,2429,46,2429
14:31:48,23.215,269150,269138,0,0,-1,0,4683,1,37.496517,126.957893,0.242,0.0,0.273,1,225.8,"5.425,7.566,4.956","21.237,-18.244,40.504","-27.750,100.950,-13.050",0,72.5,10.55,49.24,0.9275,0.92,1.255,364,32421,2523,6,1.39,37.496520,126.957892,581,15,40,1,-82,-82.5,2430,48,2430
14:31:48,23.408,269467,269455,0,0,-1,0,5000,1,37.496521,126.957893,0.372,65.6,0.463,1,355.9,"2.552,5.655,7.350","4.282,39.260,-47.947","-30.450,101.250,-12.900",1,65.6,9.62,62.12,0.9840,0.89,1.161,367,32457,2526,6,1.39,37.496523,126.957894,583,15,40,1,-81,-81.2,2433,52,2433
14:31:49,24.429,269678,269666,0,0,-1,0,5211,1,37.496525,126.957893,0.388,65.6,0.417,1,355.9,"3.414,4.597,5.770","-35.840,-42.588,-83.366","-20.250,97.950,-7.200",1,65.6,8.13,100.24,0.9840,0.89,1.161,367,32483,2528,6,1.39,37.496523,126.957894,584,15,40,1,-81,-81.2,2433,263,2433
14:31:50,25.615,270519,270507,0,0,-1,0,647,1,37.496525,126.957893,0.235,84.0,0.123,1,355.9,"5.057,4.870,6.402","24.397,36.061,75.221","-17.550,96.000,-3.900",1,84.0,9.50,86.91,0.9869,0.97,1.292,368,32586,2536,6,1.39,37.496523,126.957894,588,15,40,1,-84,-82.3,2437,184,2437
14:31:50,25.730,271784,271772,0,0,-1,0,479,1,37.496529,126.957901,0.308,92.2,0.190,1,355.9,"3.553,2.595,10.860","-108.916,-47.397,20.824","-13.500,90.600,0.000",1,92.2,11.72,120.59,0.4795,6.98,1.443,377,32733,2548,6,1.39,37.496527,126.957902,595,15,40,1,-85,-83.3,2439,96,2439
14:31:51,25.912,271995,271983,0,0,-1,0,690,1,37.496529,126.957901,0.254,92.2,0.154,1,355.9,"5.789,1.489,6.613","9.282,54.802,58.145","-13.200,91.950,0.300",1,92.2,8.91,80.44,0.8716,6.98,1.443,377,32759,2550,6,1.39,37.496528,126.957902,596,15,40,1,-85,-83.3,2439,307,2439
14:31:51,26.197,272206,272194,0,0,-1,0,901,1,37.496529,126.957901,0.242,92.2,0.221,1,355.9,"5.430,5.473,6.110","15.916,10.481,80.687","-20.700,95.400,-4.800",1,92.2,9.84,82.91,0.8716,6.98,1.443,377,32785,2552,6,1.39,37.496528,126.957903,597,15,40,1,-81,-83.1,2441,16,2441
14:31:51,26.282,272416,272404,0,0,-1,0,1111,1,37.496529,126.957901,0.239,92.2,0.231,1,355.9,"4.032,7.106,7.178","29.847,13.198,36.824","-28.200,98.550,-10.650",1,92.2,10.88,49.20,0.8716,6.98,1.443,377,32811,2554,6,1.39,37.496529,126.957903,598,15,40,1,-81,-82.5,2443,19,2443
14:31:51,26.495,272522,272510,0,0,-1,0,1217,1,37.496529,126.957901,0.239,81.3,0.231,1,355.9,"4.745,6.009,6.589","5.832,-45.962,8.611","-32.550,98.700,-10.500",1,81.3,10.10,47.12,0.9874,2.46,1.113,379,32822,2555,6,1.39,37.496529,126.957903,598,15,40,1,-81,-82.5,2443,125,2443
14:31:52,27.048,272732,272720,0,0,-1,0,1427,1,37.496529,126.957901,0.238,79.4,0.237,1,355.9,"2.059,5.981,6.062","-37.565,-5.405,-43.954","-33.000,98.400,-12.300",1,79.4,8.76,58.07,0.9352,2.16,1.042,382,32845,2557,6,1.39,37.496530,126.957904,599,15,40,1,-89,-83.7,2445,23,2445
14:31:52,27.174,273259,273247,0,0,-1,0,1954,1,37.496529,126.957901,0.135,79.4,0.036,1,355.9,"8.638,19.613,-6.905","-28.122,-73.344,85.359","-19.800,84.900,5.850",1,79.4,22.52,116.00,0.9352,2.16,1.042,382,32910,2562,6,1.39,37.496530,126.957903,602,15,40,1,-84,-83.8,2446,291,2446
14:31:52,27.445,273364,273352,0,0,-1,0,2059,1,37.496529,126.957901,0.135,79.4,0.036,1,355.9,"5.478,7.063,18.699","-72.290,-6.634,6.855","-19.650,87.300,4.800",1,79.4,20.73,72.92,0.9352,2.16,1.042,382,32923,2563,6,1.39,37.496530,126.957903,602,15,40,1,-83,-83.6,2447,29,2447
14:31:52,27.559,273575,273563,0,0,-1,0,2270,1,37.496529,126.957901,0.108,79.4,0.093,1,355.9,"3.893,-0.297,6.632","-10.573,65.626,60.939","-18.000,86.400,2.550",1,79.4,7.70,90.18,0.8687,2.16,1.042,382,32949,2565,6,1.39,37.496530,126.957902,604,15,40,1,-80,-82.9,2448,133,2448
14:31:53,27.805,273681,273669,0,0,-1,0,2376,1,37.496529,126.957901,0.108,79.4,0.093,1,355.9,"6.938,1.762,6.809","8.382,37.275,58.336","-17.250,90.300,1.050",1,79.4,9.88,69.73,0.8687,2.16,1.042,382,32962,2566,6,1.39,37.496530,126.957902,604,15,40,1,-80,-82.9,2448,239,2448
14:31:53,27.989,273997,273985,0,0,-1,0,2692,1,37.496532,126.957901,0.239,79.4,0.401,1,355.9,"6.225,5.885,6.560","52.618,-8.099,73.710","-30.750,94.500,-6.900",1,79.4,10.79,90.93,0.8687,2.16,1.042,382,33001,2569,6,1.39,37.496532,126.957906,606,15,40,1,-85,-83.0,2451,40,2451
14:31:53,28.411,274207,274195,0,0,-1,0,2902,1,37.496532,126.957909,0.305,0.0,0.427,1,355.9,"5.353,9.175,15.165","-47.282,-7.031,15.580","-35.550,97.200,-15.300",0,79.4,18.52,50.28,0.9635,2.16,1.042,382,33027,2571,6,1.39,37.496533,126.957908,607,15,40,1,-83,-83.0,2452,148,2452
14:31:53,28.656,274631,274619,0,0,-1,0,56,1,37.496532,126.957909,0.330,59.5,0.334,1,355.9,"5.827,4.908,7.580","-23.183,-24.702,-88.916","-21.000,89.550,-1.050",1,59.5,10.75,95.15,0.9703,3.47,0.975,389,33072,2575,6,1.43,37.496530,126.957910,609,15,40,1,-81,-82.9,2454,55,2454
14:31:54,28.843,274947,274935,0,0,-1,0,372,1,37.496532,126.957909,0.315,83.1,0.288,1,355.9,"7.049,3.505,14.720","94.366,49.321,-7.695","-20.700,89.700,2.700",1,83.1,16.69,106.76,0.8792,2.73,1.198,398,33102,2578,6,1.43,37.496531,126.957910,610,15,40,1,-81,-82.9,2454,371,2454
14:31:54,29.336,275053,275041,0,0,-1,0,478,1,37.496532,126.957909,0.272,83.1,0.190,1,355.9,"5.799,0.048,7.408","-93.298,-77.947,18.878","-21.450,87.750,2.250",1,83.1,9.41,123.03,0.8792,2.73,1.198,398,33115,2579,6,1.43,37.496530,126.957910,611,15,40,1,-84,-83.1,2455,95,2455
14:31:56,30.794,275579,275567,0,0,-1,0,1004,1,37.496529,126.957916,0.321,83.1,0.494,1,21.6,"8.902,4.697,4.180","64.397,-23.908,64.015","-30.450,92.400,-3.000",1,83.1,10.90,93.90,0.8792,2.73,1.198,398,33180,2584,6,1.39,37.496530,126.957915,614,15,40,1,-85,-82.8,2457,93,2457
14:31:56,31.600,277053,277041,0,0,-1,0,383,1,37.496521,126.957939,0.771,74.2,0.818,1,94.8,"6.048,7.068,6.436","79.427,11.656,41.824","-36.150,95.850,-10.650",1,74.2,11.31,90.52,0.9741,3.56,0.953,403,33356,2598,6,1.43,37.496524,126.957936,621,15,40,1,-86,-83.3,2466,29,2466
14:31:57,32.521,277896,277884,0,0,-1,0,219,1,37.496525,126.957939,0.636,63.3,0.504,1,91.7,"11.416,4.027,19.613","35.817,48.695,15.840","-19.800,89.850,1.350",1,63.3,23.05,62.49,0.9854,1.77,1.018,406,33457,2606,6,1.43,37.496523,126.957940,625,15,40,1,-82,-82.6,2473,154,2473
14:31:58,33.189,278738,278726,0,0,-1,0,29,1,37.496521,126.957947,0.469,63.3,0.427,1,102.1,"3.156,3.472,7.178","-158.435,-161.099,-10.374","-35.550,99.900,-15.600",1,63.3,8.57,226.19,0.9724,1.77,1.018,406,33561,2614,6,1.43,37.496522,126.957944,629,15,40,1,-84,-82.5,2477,71,2477
14:31:58,33.240,279370,279358,0,0,-1,0,661,1,37.496521,126.957947,0.267,0.0,0.201,1,102.1,"8.906,4.089,9.716","41.740,30.489,-12.450","-25.200,91.950,-1.500",0,63.3,13.80,53.17,0.6361,1.77,1.018,406,33639,2620,6,1.43,37.496519,126.957947,633,15,40,1,-78,-81.3,2479,208,2479
14:31:58,33.494,279476,279464,0,0,-1,0,767,1,37.496521,126.957947,0.267,93.6,0.201,1,102.1,"6.144,4.142,5.693","-26.046,-27.565,-3.206","-24.750,94.500,-0.300",1,93.6,9.34,38.06,0.9947,3.32,1.151,412,33646,2621,6,1.43,37.496519,126.957947,633,15,40,1,-78,-81.3,2479,314,2479
14:31:59,34.232,279792,279780,0,0,-1,0,60,1,37.496521,126.957947,0.211,95.2,0.154,1,102.1,"8.073,3.960,8.983","-23.695,29.786,-5.817","-24.750,89.850,1.800",1,95.2,12.71,38.50,0.9766,4.19,1.072,439,33658,2624,5,1.43,37.496519,126.957948,635,15,40,1,-83,-81.6,2481,10,2481
14:32:01,36.101,280532,280520,0,0,-1,0,800,1,37.496517,126.957947,0.103,100.8,0.031,1,102.1,"11.042,6.766,6.694","4.931,17.802,21.099","-26.700,90.000,-0.450",1,100.8,14.58,28.04,0.9868,2.52,1.067,502,33686,2631,6,1.39,37.496519,126.957950,638,15,40,1,-79,-83.1,2487,31,2487
14:32:02,37.041,282328,282316,0,0,-1,0,493,1,37.496517,126.957939,0.525,104.4,0.628,1,262.7,"6.206,1.882,8.997","-37.924,-16.435,-29.588","-28.650,84.300,3.450",1,104.4,11.09,50.83,0.9135,3.98,0.963,535,33874,2648,6,1.39,37.496518,126.957940,647,15,40,1,-85,-83.6,2499,54,2499
14:32:03,38.707,283278,283266,0,0,-1,0,1443,1,37.496517,126.957932,0.694,108.4,0.710,1,275.3,"7.393,-0.048,7.767","-40.931,-24.305,-18.206","-28.500,82.200,10.200",1,108.4,10.72,50.97,0.8916,3.82,1.056,571,33955,2657,6,1.43,37.496516,126.957933,652,15,40,1,-87,-83.8,2503,178,2503
14:32:04,39.244,284968,284956,0,0,-1,0,3133,1,37.496502,126.957932,0.568,116.6,0.514,1,224.1,"5.952,4.223,6.033","3.252,28.794,28.626","-29.400,83.100,8.850",1,116.6,9.47,40.73,0.9970,6.42,0.955,593,34141,2673,6,1.43,37.496502,126.957935,660,15,40,1,-84,-83.6,2514,9,2514
14:32:05,39.834,285495,285483,0,0,-1,0,3660,1,37.496498,126.957932,0.494,116.6,0.468,1,217.7,"8.351,1.130,9.476","-6.046,-30.290,-27.771","-29.700,85.500,8.550",1,116.6,12.68,41.54,0.9028,6.42,0.955,593,34206,2678,6,1.43,37.496499,126.957935,663,15,40,1,-83,-84.4,2516,235,2516
14:32:05,40.181,286128,286116,0,0,-1,0,4293,1,37.496494,126.957932,0.463,113.4,0.432,1,214.1,"5.713,4.477,7.963","-4.458,-12.740,6.130","-26.250,85.650,5.400",1,113.4,10.77,14.82,0.9889,3.59,1.019,606,34271,2684,6,1.39,37.496495,126.957937,666,15,40,1,-87,-84.9,2517,445,2517
14:32:05,40.322,286445,286433,2,0,-1,2,284,1,37.496494,126.957939,0.385,111.1,0.268,1,214.1,"6.345,3.850,5.411","-5.847,9.489,-7.832","-27.900,89.700,4.800",1,111.1,9.18,13.62,0.9891,6.13,1.027,626,34290,2687,6,1.39,37.496495,126.957938,668,15,40,1,-84,-84.7,2518,255,2518
14:32:07,41.950,286550,286538,2,0,-1,2,389,1,37.496494,126.957939,0.385,110.2,0.268,1,214.1,"11.540,5.650,9.586","-50.504,40.687,38.229","-29.400,88.200,6.300",1,110.2,16.03,75.28,0.9931,6.37,1.004,629,34300,2688,6,1.39,37.496495,126.957938,668,15,40,1,-83,-84.4,2519,32,2519
14:32:07,42.555,288238,288226,2,0,-1,2,1086,1,37.496494,126.957947,0.273,87.8,0.226,1,214.1,"7.518,3.812,8.418","14.267,-53.550,-4.412","-22.200,85.500,8.550",1,87.8,11.91,55.59,0.9533,6.57,0.882,633,34504,2704,6,1.39,37.496496,126.957946,677,15,40,1,-83,-83.0,2529,189,2529
14:32:08,42.760,288659,288647,2,0,-1,2,1507,1,37.496494,126.957947,0.178,87.8,0.108,1,214.1,"7.398,2.715,6.953","44.588,41.939,94.344","-25.500,89.550,4.650",1,87.8,10.51,112.46,0.4716,6.57,0.882,633,34556,2708,6,1.39,37.496496,126.957945,679,15,40,1,-79,-82.2,2530,199,2530
14:32:08,42.938,288975,288963,0,0,-1,0,55,1,37.496498,126.957947,0.207,87.8,0.278,1,214.1,"5.986,6.627,7.336","62.672,-4.992,33.397","-38.400,97.050,-7.050",1,87.8,11.56,71.19,0.4716,6.57,0.882,633,34595,2711,6,1.39,37.496499,126.957947,681,15,40,1,-82,-82.1,2531,199,2531
14:32:08,42.989,289081,289069,0,0,-1,0,161,1,37.496498,126.957947,0.207,87.8,0.278,1,214.1,"3.347,10.673,1.743","-25.466,-28.847,24.824","-38.550,97.200,-8.700",1,87.8,11.32,45.79,0.9200,6.57,0.882,633,34608,2712,6,1.39,37.496499,126.957947,681,15,40,1,-82,-82.1,2531,305,2531
14:32:08,43.079,289186,289174,0,0,-1,0,266,1,37.496498,126.957947,0.239,77.3,0.298,1,214.1,"4.219,3.826,8.255","-70.321,-2.221,-33.817","-39.000,96.000,-7.650",1,77.3,10.03,78.06,0.9600,6.93,0.907,635,34619,2713,6,1.39,37.496500,126.957947,682,15,40,1,-82,-82.1,2532,102,2532
14:32:08,43.295,289292,289280,0,0,-1,0,372,1,37.496498,126.957947,0.239,77.3,0.298,1,214.1,"4.027,3.050,4.831","-114.412,-48.244,-94.718","-35.400,93.450,-1.950",1,77.3,6.99,156.17,0.9600,6.93,0.907,635,34632,2714,6,1.39,37.496500,126.957947,682,15,40,1,-86,-82.9,2533,105,2533
14:32:09,44.565,289397,289385,0,0,-1,0,477,1,37.496498,126.957947,0.265,77.3,0.314,1,214.1,"6.455,2.571,4.760","-21.672,14.145,-110.275","-29.550,88.650,4.350",1,77.3,8.42,113.27,0.9600,6.93,0.907,635,34645,2715,6,1.39,37.496501,126.957948,683,15,40,1,-85,-83.3,2534,88,2534
14:32:10,45.193,290767,290755,0,0,-1,0,720,1,37.496506,126.957947,0.302,93.1,0.329,1,291.0,"4.257,5.377,8.102","-49.595,0.771,-14.336","-39.150,96.600,-10.050",1,93.1,10.62,51.63,0.9710,2.31,1.231,636,34813,2728,6,1.39,37.496506,126.957947,690,15,40,1,-82,-83.7,2538,19,2538
14:32:11,46.239,291400,291388,0,0,-1,0,296,1,37.496506,126.957947,0.212,0.0,0.123,1,291.0,"7.671,9.491,18.651","-8.298,-64.298,-66.313","-22.650,87.000,4.500",0,93.1,22.29,92.74,0.9778,2.31,1.231,636,34891,2734,6,1.43,37.496504,126.957947,693,15,40,1,-78,-81.7,2540,349,2540
14:32:11,46.457,292454,292442,0,0,-1,0,289,1,37.496506,126.957947,0.205,0.0,0.211,1,291.0,"5.100,2.447,6.847","-109.969,-15.412,-71.107","-37.050,96.000,-3.150",0,93.1,8.88,131.86,0.8131,2.31,1.231,636,35021,2744,6,1.43,37.496505,126.957948,698,15,40,1,-80,-81.8,2543,30,2543
14:32:12,46.877,292665,292653,0,0,-1,0,500,1,37.496506,126.957947,0.210,0.0,0.221,1,291.0,"4.812,3.567,6.948","-56.290,-26.916,-71.443","-25.500,90.300,3.900",0,93.1,9.17,94.85,0.8131,2.31,1.231,636,35047,2746,6,1.43,37.496505,126.957948,699,15,40,1,-81,-81.6,2544,51,2544
14:32:12,47.040,293087,293075,0,0,-1,0,922,1,37.496506,126.957947,0.203,0.0,0.195,1,291.0,"8.480,1.369,12.349","27.679,-1.855,0.504","-27.150,85.800,4.800",0,93.1,15.04,27.75,0.8131,2.31,1.231,636,35099,2750,6,1.43,37.496505,126.957948,701,15,40,1,-79,-81.1,2545,267,2545
14:32:12,47.209,293297,293285,0,0,-1,0,58,1,37.496506,126.957947,0.191,0.0,0.170,1,291.0,"6.306,3.189,5.909","21.634,-28.985,-3.634","-25.950,88.950,0.150",0,93.1,9.21,36.35,0.9815,2.31,1.231,636,35125,2752,6,1.43,37.496504,126.957946,702,15,40,1,-79,-81.1,2545,477,2545
14:32:12,47.282,293403,293391,1,0,-1,1,37,1,37.496506,126.957947,0.173,0.0,0.139,1,291.0,"6.522,4.999,2.078","55.244,4.702,-2.282","-26.700,93.900,-2.700",0,93.1,8.48,55.49,0.9518,2.31,1.231,636,35138,2753,6,1.43,37.496504,126.957947,703,15,40,1,-80,-80.9,2546,67,2546
14:32:12,47.389,293509,293497,1,0,-1,1,143,1,37.496506,126.957947,0.173,86.4,0.139,1,291.0,"4.377,1.274,8.715","63.489,2.153,20.198","-26.550,96.000,-4.650",1,86.4,9.83,66.66,0.9999,2.25,1.119,638,35149,2754,6,1.43,37.496504,126.957947,703,15,40,1,-80,-80.9,2546,173,2546
14:32:12,47.572,293615,293603,1,0,-1,1,249,1,37.496506,126.957947,0.172,86.2,0.170,1,291.0,"8.514,3.352,6.517","-44.702,5.046,56.504","-28.650,97.800,-6.300",1,86.2,11.23,72.22,0.9772,1.60,1.143,639,35161,2755,6,1.43,37.496504,126.957948,704,15,40,1,-79,-80.5,2547,71,2547
14:32:13,48.070,293827,293815,2,0,-1,2,40,1,37.496506,126.957947,0.229,86.2,0.334,1,291.0,"7.839,-1.077,5.890","-62.863,53.130,69.870","-33.000,90.600,-1.050",1,86.2,9.86,107.96,0.9772,1.60,1.143,639,35187,2757,6,1.43,37.496505,126.957949,705,15,40,1,-79,-80.1,2549,72,2549
14:32:13,48.275,294354,294342,2,0,-1,2,567,1,37.496506,126.957947,0.325,84.0,0.504,1,1.9,"7.106,3.989,8.452","-50.840,29.985,20.000","-42.150,95.100,-6.750",1,84.0,11.74,62.32,0.9588,6.21,0.858,642,35249,2762,6,1.43,37.496505,126.957951,706,15,40,1,-76,-79.0,2552,297,2552
14:32:13,48.445,294564,294552,2,0,-1,2,777,1,37.496506,126.957947,0.325,84.0,0.504,1,1.9,"4.549,0.958,5.564","-42.321,54.252,-80.817","-36.300,85.650,3.900",1,84.0,7.25,106.14,0.9588,6.21,0.858,642,35275,2764,6,1.43,37.496505,126.957951,706,15,40,1,-81,-78.1,2554,77,2554
14:32:14,48.764,294670,294658,2,0,-1,2,883,1,37.496506,126.957947,0.325,84.0,0.504,1,1.9,"6.790,2.370,5.028","-77.214,-28.198,-88.489","-30.900,82.050,7.050",1,84.0,8.78,120.78,0.9588,6.21,0.858,642,35288,2765,6,1.43,37.496505,126.957951,706,15,40,1,-80,-78.5,2555,70,2555
14:32:14,48.799,294880,294868,2,0,-1,2,47,1,37.496506,126.957947,0.325,84.0,0.504,1,1.9,"8.021,3.045,6.321","45.771,4.069,-48.244","-25.950,76.950,11.400",1,84.0,10.66,66.63,0.8676,6.21,0.858,642,35314,2767,6,1.43,37.496505,126.957951,706,15,40,1,-81,-79.0,2556,179,2556
14:32:14,49.046,294985,294973,2,0,-1,2,152,1,37.496506,126.957947,0.325,84.0,0.504,1,1.9,"9.682,1.987,8.035","57.198,-61.802,-11.061","-24.150,80.400,7.800",1,84.0,12.74,84.93,0.8676,6.21,0.858,642,35327,2768,6,1.43,37.496505,126.957951,706,15,40,1,-90,-81.2,2557,84,2557
14:32:14,49.607,295302,295290,2,0,-1,2,469,1,37.496506,126.957947,0.325,84.0,0.504,1,1.9,"4.918,-1.211,5.732","13.893,37.115,70.779","-26.400,80.850,6.300",1,84.0,7.65,81.12,0.8676,6.21,0.858,642,35366,2771,6,1.43,37.496505,126.957951,706,15,40,1,-84,-81.8,2558,286,2558
14:32:15,49.929,295830,295818,2,0,-1,2,997,1,37.496506,126.957947,0.325,65.5,0.504,1,1.9,"1.820,6.057,8.270","-35.618,10.542,3.336","-41.400,94.650,-9.300",1,65.5,10.41,37.30,0.9016,6.55,0.848,643,35430,2776,6,1.43,37.496505,126.957951,706,15,40,1,-77,-81.0,2562,1,2562
14:32:15,50.036,296041,296029,2,0,-1,2,160,1,37.496506,126.957947,0.325,65.5,0.504,1,1.9,"4.827,2.006,5.258","-62.298,20.267,-89.450","-32.550,87.600,3.600",1,65.5,7.41,110.87,0.9016,6.55,0.848,643,35456,2778,6,1.43,37.496505,126.957951,706,15,40,1,-76,-80.0,2563,107,2563
14:32:15,50.195,296252,296240,2,0,-1,2,371,1,37.496506,126.957947,0.325,65.5,0.504,1,1.9,"7.800,2.375,5.813","-43.763,-44.076,-79.679","-26.400,82.350,9.600",1,65.5,10.01,101.03,0.9016,6.55,0.848,643,35482,2780,6,1.43,37.496505,126.957951,706,15,40,1,-76,-80.0,2563,318,2563
14:32:15,50.289,296463,296451,2,0,-1,2,582,1,37.496506,126.957947,0.325,65.5,0.504,1,1.9,"14.600,-14.183,-7.743","25.947,-83.504,68.267","-29.400,82.050,8.100",1,65.5,21.78,110.93,0.9454,6.55,0.848,643,35508,2782,6,1.43,37.496505,126.957951,706,15,40,1,-82,-81.1,2565,6,2565
14:32:15,50.546,296568,296556,2,0,-1,2,687,1,37.496506,126.957947,0.325,65.5,0.504,1,1.9,"14.940,4.525,6.110","-73.756,-76.756,15.244","-25.650,85.500,6.300",1,65.5,16.76,107.53,0.9454,6.55,0.848,643,35521,2783,6,1.43,37.496505,126.957951,706,15,40,1,-81,-81.0,2566,9,2566
14:32:16,51.045,296778,296766,2,0,-1,2,897,1,37.496506,126.957947,0.325,65.5,0.504,1,1.9,"5.550,-2.447,4.961","-34.275,8.069,71.557","-26.250,84.150,8.400",1,65.5,7.84,79.75,0.9454,6.55,0.848,643,35547,2785,6,1.43,37.496505,126.957951,706,15,40,1,-72,-79.2,2567,12,2567
14:32:16,51.172,297304,297292,2,0,-1,2,377,0,37.496506,126.957947,0.000,0.0,1.049,1,27.7,"-19.613,2.045,-5.928","192.237,-87.183,-16.878","-38.400,97.050,-7.800",0,65.5,20.59,211.76,0.9771,6.55,0.848,643,35612,2790,5,6.99,37.496537,126.958019,706,15,41,1,-78,-79.2,2570,40,2570
14:32:16,51.359,297409,297397,2,0,-1,2,482,0,37.496506,126.957947,0.000,0.0,1.049,1,27.7,"2.270,0.675,6.110","-99.992,-15.366,-20.901","-37.800,96.000,-6.450",0,65.5,6.55,103.30,0.9507,6.55,0.848,643,35625,2791,5,6.99,37.496537,126.958019,706,15,41,1,-75,-78.3,2571,37,2571
14:32:17,52.009,297619,297607,2,0,-1,2,692,0,37.496506,126.957947,0.000,0.0,1.049,1,27.7,"5.339,1.906,5.411","-27.847,28.595,-80.420","-33.300,86.400,3.600",0,65.5,7.84,89.78,0.9507,6.55,0.848,643,35651,2793,5,6.99,37.496537,126.958019,706,15,41,1,-81,-78.9,2572,134,2572
14:32:17,52.131,298245,298233,2,0,-1,2,1318,0,37.496506,126.957947,0.000,0.0,0.376,1,27.7,"0.776,-5.598,8.566","12.992,102.282,70.832","-27.900,87.000,7.050",0,65.5,10.26,125.09,0.9507,6.55,0.848,643,35729,2799,6,1.39,37.496542,126.958090,706,16,41,1,-75,-77.3,2574,139,2574
14:32:17,52.193,298350,298338,2,0,-1,2,1423,0,37.496506,126.957947,0.000,0.0,0.376,1,27.7,"6.843,-1.642,5.986","-12.046,35.000,44.580","-26.700,85.050,7.350",0,65.5,9.24,57.94,0.9507,6.55,0.848,643,35742,2800,6,1.39,37.496542,126.958090,706,16,41,1,-84,-78.7,2575,27,2575
14:32:17,52.357,298455,298443,2,0,-1,2,1528,0,37.496506,126.957947,0.000,0.0,0.376,1,27.7,"7.288,2.265,5.109","54.191,22.389,44.183","-26.700,85.050,7.050",0,65.5,9.18,73.42,0.8671,6.55,0.848,643,35755,2801,6,1.39,37.496542,126.958090,706,16,41,1,-81,-79.1,2576,42,2576
14:32:17,52.689,298664,298652,2,0,-1,2,1737,0,37.496506,126.957947,0.000,0.0,0.376,1,27.7,"7.254,4.831,4.951","82.962,-31.374,38.725","-35.700,93.150,0.900",0,65.5,10.02,96.78,0.8671,6.55,0.848,643,35781,2803,6,1.39,37.496542,126.958090,706,16,41,1,-81,-79.8,2578,45,2578
14:32:18,52.826,298976,298964,2,0,-1,2,2049,0,37.496506,126.957947,0.000,0.0,0.376,1,27.7,"4.659,1.891,5.756","-10.733,78.916,-41.756","-38.250,94.500,-3.150",0,65.5,7.64,89.92,0.8671,6.55,0.848,643,35820,2806,6,1.39,37.496542,126.958090,706,16,41,1,-82,-80.3,2580,159,2580
14:32:18,53.111,299080,299068,2,0,-1,2,2153,0,37.496506,126.957947,0.000,0.0,0.376,1,27.7,"5.593,2.835,5.373","-129.450,-45.046,-73.702","-34.200,93.150,2.250",0,65.5,8.26,155.62,0.8671,6.55,0.848,643,35833,2807,6,1.39,37.496542,126.958090,706,16,41,1,-82,-80.3,2580,263,2580
14:32:18,53.150,299289,299277,2,0,-1,2,72,1,37.496510,126.958138,0.639,0.0,1.826,1,348.6,"7.140,3.093,6.828","-24.389,-31.466,-73.626","-24.450,84.750,8.550",0,65.5,10.35,83.70,0.8671,6.55,0.848,643,35859,2809,6,1.39,37.496506,126.958136,707,16,41,1,-78,-79.6,2582,61,2582
14:32:18,53.700,299395,299383,2,0,-1,2,178,1,37.496510,126.958138,0.639,0.0,1.826,1,348.6,"7.499,2.969,6.637","30.382,-12.397,-41.466","-23.550,83.700,6.900",0,65.5,10.44,52.88,0.8671,6.55,0.848,643,35872,2810,6,1.39,37.496506,126.958136,707,16,41,1,-78,-79.6,2582,167,2582
14:32:19,53.793,299815,299803,2,0,-1,2,598,1,37.496517,126.958130,0.639,0.0,1.826,1,348.6,"5.756,-3.567,6.876","-3.885,36.954,50.710","-22.200,85.500,8.850",0,65.5,9.65,62.87,0.8671,6.55,0.848,643,35924,2814,6,1.39,37.496506,126.958136,707,16,41,1,-83,-79.7,2584,151,2584
14:32:19,53.902,299920,299908,2,0,-1,2,703,1,37.496517,126.958130,0.639,0.0,1.826,1,348.6,"7.111,1.551,5.459","27.939,24.481,55.168","-24.750,84.900,6.450",0,65.5,9.10,66.51,0.8671,6.55,0.848,643,35937,2815,6,1.39,37.496506,126.958136,707,16,41,1,-81,-80.0,2585,69,2585
14:32:19,53.911,300025,300013,2,0,-1,2,808,1,37.496521,126.958130,0.639,0.0,1.826,1,348.6,"6.517,4.391,8.040","48.183,-0.130,57.794","-25.800,87.600,7.200",0,65.5,11.24,75.24,0.8671,6.55,0.848,643,35950,2816,6,1.39,37.496506,126.958136,707,16,41,1,-81,-80.0,2585,174,2585
14:32:19,54.074,300130,300118,2,0,-1,2,913,1,37.496521,126.958130,0.639,0.0,1.826,1,348.6,"6.967,5.756,4.233","53.710,-33.275,37.603","-33.750,89.100,5.850",0,65.5,9.98,73.53,0.8671,6.55,0.848,643,35963,2817,6,1.39,37.496506,126.958136,707,16,41,1,-75,-79.0,2586,76,2586
14:32:19,54.309,300341,300329,2,0,-1,2,1124,1,37.496521,126.958122,0.781,74.7,1.044,1,348.6,"5.784,5.971,6.680","28.489,22.313,11.237","-37.500,98.700,-5.100",1,74.7,10.66,37.89,0.9979,9.61,0.957,649,35983,2819,6,1.39,37.496516,126.958105,708,16,41,1,-82,-80.4,2588,53,2588
14:32:19,54.663,300552,300540,2,0,-1,2,1335,1,37.496525,126.958122,0.781,74.6,1.044,1,348.6,"3.112,3.280,7.417","-94.649,-10.351,-68.305","-34.950,94.350,1.950",1,74.6,8.69,117.18,0.9345,11.15,0.961,650,36008,2821,6,1.39,37.496516,126.958105,708,16,41,1,-81,-80.4,2590,82,2590
14:32:20,54.799,300762,300750,2,0,-1,2,1545,1,37.496529,126.958115,0.781,74.6,1.044,1,348.6,"6.953,3.687,7.063","-44.901,-36.450,-76.359","-27.150,87.300,8.850",1,74.6,10.57,95.79,0.9345,11.15,0.961,650,36034,2823,6,1.39,37.496516,126.958105,708,16,41,1,-81,-80.4,2590,292,2590
14:32:20,54.806,300867,300855,2,0,-1,2,1650,1,37.496529,126.958115,0.781,74.6,1.044,1,348.6,"8.614,2.701,6.048","20.618,-22.267,-55.763","-25.050,83.400,10.200",1,74.6,10.87,63.49,0.9345,11.15,0.961,650,36047,2824,6,1.39,37.496516,126.958105,708,16,41,1,-81,-80.4,2590,397,2590
14:32:20,54.862,300972,300960,2,0,-1,2,1755,1,37.496532,126.958115,0.781,74.6,1.044,1,348.6,"7.417,3.026,5.741","16.786,-35.695,-17.489","-24.000,84.150,11.250",1,74.6,9.86,43.15,0.9638,11.15,0.961,650,36060,2825,6,1.39,37.496516,126.958105,708,16,41,1,-85,-81.4,2591,59,2591
14:32:21,55.972,301077,301065,2,0,-1,2,1860,1,37.496532,126.958115,0.781,74.6,1.044,1,348.6,"7.752,4.453,12.076","89.458,86.282,-8.679","-24.450,88.200,7.350",1,74.6,15.03,124.59,0.9638,11.15,0.961,650,36073,2826,6,1.39,37.496516,126.958105,708,16,41,1,-78,-80.7,2592,89,2592
14:32:21,56.295,302170,302158,0,0,-1,0,849,1,37.496536,126.958115,0.781,0.0,0.206,1,348.6,"6.800,3.184,6.158","-81.237,-18.397,-87.405","-29.700,85.800,8.550",0,74.6,9.71,120.74,0.9638,11.15,0.961,650,36117,2830,6,1.43,37.496457,126.958130,708,17,41,1,-77,-79.9,2599,131,2599
14:32:21,56.473,302386,302374,1,0,-1,1,180,1,37.496513,126.958115,0.756,0.0,0.051,1,348.6,"4.257,3.529,2.356","-7.260,-45.260,-52.794","-22.500,82.200,14.250",0,74.6,6.01,69.92,0.9638,11.15,0.961,650,36142,2832,6,1.42,37.496425,126.958151,709,18,41,1,-83,-80.4,2601,32,2601
14:32:21,56.599,302596,302584,1,0,-1,1,390,1,37.496517,126.958115,0.756,0.0,0.391,1,348.6,"8.887,0.977,8.131","-2.672,32.885,43.687","-22.050,82.200,12.000",0,74.6,12.08,54.75,0.8543,11.15,0.961,650,36167,2834,6,1.39,37.496424,126.958131,709,19,41,1,-76,-79.3,2603,33,2603
14:32:21,56.722,302807,302795,1,0,-1,1,601,1,37.496521,126.958115,0.756,0.0,0.273,1,348.6,"6.603,2.849,5.320","20.763,5.817,93.916","-22.650,85.050,8.850",0,74.6,8.95,96.36,0.8543,11.15,0.961,650,36193,2836,6,1.39,37.496404,126.958134,709,20,41,1,-81,-79.6,2604,34,2604
14:32:22,56.890,302913,302901,1,0,-1,1,707,1,37.496521,126.958115,0.756,0.0,0.273,1,348.6,"6.771,4.128,6.953","71.893,14.008,100.954","-26.400,90.900,7.050",0,74.6,10.55,124.73,0.8543,11.15,0.961,650,36206,2837,6,1.39,37.496404,126.958134,709,20,41,1,-80,-79.7,2605,36,2605
14:32:22,56.994,303123,303111,1,0,-1,1,917,1,37.496521,126.958115,0.756,0.0,0.571,1,348.6,"3.577,7.312,7.460","50.702,38.947,36.580","-36.900,97.350,-2.700",0,74.6,11.04,73.66,0.8543,11.15,0.961,650,36232,2839,6,1.39,37.496399,126.958142,709,21,41,1,-76,-78.7,2607,47,2607
14:32:22,57.116,303228,303216,1,0,-1,1,1022,1,37.496525,126.958115,0.756,0.0,0.705,1,348.6,"6.302,4.922,6.268","-80.153,-24.076,-25.527","-39.000,94.050,-0.600",0,74.6,10.16,87.50,0.9817,11.15,0.961,650,36245,2840,6,1.39,37.496400,126.958135,709,22,41,1,-76,-78.7,2607,152,2607
14:32:22,57.263,303333,303321,2,0,-1,2,24,1,37.496525,126.958115,0.756,0.0,0.705,1,348.6,"4.343,5.052,6.953","-89.420,-6.214,-65.221","-34.800,91.800,3.600",0,74.6,9.63,110.85,0.9817,11.15,0.961,650,36258,2841,6,1.39,37.496400,126.958135,709,22,41,1,-74,-77.8,2608,56,2608
14:32:22,57.459,303544,303532,2,0,-1,2,235,1,37.496525,126.958115,0.756,0.0,0.633,1,348.6,"5.392,1.666,4.099","-55.382,8.260,-96.336","-27.150,78.150,13.650",0,74.6,6.97,111.43,0.9817,11.15,0.961,650,36284,2843,6,1.42,37.496409,126.958130,709,23,41,1,-74,-77.0,2609,164,2609
14:32:22,57.594,303755,303743,2,0,-1,2,446,1,37.496525,126.958115,0.756,0.0,0.350,1,348.6,"10.171,2.619,8.341","-48.649,-68.870,-107.191","-27.000,67.950,17.550",0,74.6,13.41,136.38,0.9817,11.15,0.961,650,36310,2845,6,1.42,37.496427,126.958125,709,24,41,1,-79,-78.7,2611,72,2611
14:32:23,57.777,303861,303849,2,0,-1,2,552,1,37.496525,126.958115,0.756,0.0,0.242,1,348.6,"8.332,0.584,4.879","37.908,51.802,-37.321","-26.250,67.950,16.800",0,74.6,9.67,74.25,0.9817,11.15,0.961,650,36323,2846,6,1.42,37.496430,126.958123,709,25,41,1,-74,-77.7,2612,74,2612
14:32:23,57.855,304072,304060,2,0,-1,2,763,1,37.496525,126.958115,0.756,0.0,0.298,1,348.6,"7.527,1.226,4.717","48.282,72.374,83.733","-22.800,70.200,13.800",0,74.6,8.97,120.75,0.8505,11.15,0.961,650,36349,2848,6,1.42,37.496429,126.958124,709,26,41,1,-74,-77.0,2613,167,2613
14:32:23,58.118,304178,304166,2,0,-1,2,869,1,37.496525,126.958115,0.756,0.0,0.262,1,348.6,"6.038,1.925,5.895","56.557,48.725,134.092","-19.200,76.950,12.600",0,74.6,8.66,153.47,0.8505,11.15,0.961,650,36362,2849,6,1.42,37.496434,126.958118,709,27,41,1,-72,-76.0,2614,81,2614
14:32:23,58.328,304387,304375,2,0,-1,2,47,1,37.496525,126.958115,0.756,0.0,0.694,1,359.0,"7.805,4.003,8.255","89.420,-8.115,92.420","-27.900,91.950,5.550",0,74.6,12.05,128.85,0.8505,11.15,0.961,650,36388,2851,6,1.42,37.496440,126.958111,709,28,41,1,-67,-73.4,2616,85,2616
14:32:23,58.463,304598,304586,2,0,-1,2,258,1,37.496525,126.958115,0.756,0.0,0.823,1,14.3,"5.224,6.378,6.651","-75.878,-55.824,-24.435","-35.550,96.000,-3.600",0,74.6,10.59,97.32,0.9141,11.15,0.961,650,36414,2853,6,1.39,37.496445,126.958109,709,29,41,1,-73,-73.7,2618,94,2618
14:32:24,58.773,304703,304691,2,0,-1,2,363,1,37.496525,126.958115,0.756,0.0,0.823,1,14.3,"5.195,5.856,6.958","-110.489,-15.374,-82.191","-34.500,91.050,1.800",0,74.6,10.47,138.56,0.9141,11.15,0.961,650,36427,2854,6,1.39,37.496445,126.958109,709,29,41,1,-72,-73.4,2619,94,2619
14:32:24,59.130,305018,305006,2,0,-1,2,678,1,37.496506,126.958107,0.664,0.0,0.494,1,16.7,"7.096,2.313,10.764","-88.969,-80.969,-98.573","-24.000,72.600,14.850",0,74.6,13.10,155.53,0.9141,11.15,0.961,650,36466,2857,6,1.39,37.496454,126.958101,710,30,41,1,-74,-73.0,2622,60,2622
14:32:24,59.163,305333,305321,2,0,-1,2,993,1,37.496510,126.958107,0.664,0.0,0.293,1,16.7,"10.171,0.939,6.483","40.817,91.115,69.832","-22.950,68.100,15.450",0,74.6,12.10,121.84,0.8867,11.15,0.961,650,36505,2860,6,1.39,37.496456,126.958099,710,31,41,1,-71,-73.6,2625,101,2625
14:32:24,59.291,305438,305426,2,0,-1,2,1098,1,37.496490,126.958099,0.569,0.0,0.391,1,16.7,"7.130,1.887,6.349","34.366,59.931,106.450","-18.150,72.750,14.400",0,74.6,9.73,126.90,0.8867,11.15,0.961,650,36518,2861,6,1.39,37.496460,126.958096,711,31,41,1,-74,-73.7,2626,83,2626
14:32:24,59.597,305543,305531,2,0,-1,2,1203,1,37.496490,126.958099,0.569,0.0,0.391,1,16.7,"6.239,2.413,4.678","47.290,19.053,132.763","-19.200,78.150,11.100",0,74.6,8.16,142.22,0.8867,11.15,0.961,650,36531,2862,6,1.39,37.496460,126.958096,711,31,41,1,-73,-73.5,2627,85,2627
14:32:25,59.761,305859,305847,2,0,-1,2,1519,1,37.496471,126.958099,0.504,0.0,0.504,1,16.7,"4.180,7.805,10.965","31.405,-5.458,46.313","-32.250,97.950,-3.150",0,74.6,14.09,56.22,0.8867,11.15,0.961,650,36570,2865,6,1.39,37.496466,126.958096,713,31,41,1,-76,-72.9,2631,2,2631
14:32:25,59.888,306070,306058,0,0,-1,0,166,1,37.496468,126.958099,0.638,80.0,0.885,1,22.4,"5.832,5.689,7.187","-126.366,-36.115,-73.237","-33.300,91.350,2.100",1,80.0,10.86,150.45,0.9928,9.14,0.862,651,36595,2867,6,1.39,37.496468,126.958097,714,31,41,1,-71,-72.4,2633,14,2633
14:32:25,60.079,306175,306163,0,0,-1,0,271,1,37.496468,126.958099,0.638,80.0,0.885,1,22.4,"5.306,3.783,5.277","-93.824,0.260,-95.084","-31.050,83.400,7.650",1,80.0,8.38,133.58,0.9928,9.14,0.862,651,36608,2868,6,1.39,37.496468,126.958097,714,31,41,1,-66,-71.1,2634,19,2634
14:32:25,60.258,306386,306374,0,0,-1,0,482,1,37.496468,126.958099,0.690,80.0,0.617,1,24.4,"4.899,3.673,5.957","-3.496,6.176,-101.183","-27.450,69.300,14.700",1,80.0,8.54,101.43,0.9928,9.14,0.862,651,36634,2870,6,1.42,37.496469,126.958095,716,31,41,1,-67,-69.3,2636,26,2636
14:32:25,60.362,306492,306480,0,0,-1,0,588,1,37.496468,126.958099,0.690,80.0,0.617,1,24.4,"9.179,2.380,7.709","-25.832,-48.206,-68.298","-24.300,70.200,14.550",1,80.0,12.22,87.50,0.9928,9.14,0.862,651,36647,2871,6,1.42,37.496469,126.958095,716,31,41,1,-74,-70.2,2637,34,2637
14:32:25,60.421,306597,306585,0,0,-1,0,693,1,37.496468,126.958092,0.584,80.0,0.386,1,24.4,"8.638,1.556,7.594","25.931,-10.061,-35.992","-25.200,67.350,13.950",1,80.0,11.61,45.49,0.9928,9.14,0.862,651,36660,2872,6,1.42,37.496470,126.958092,717,31,41,1,-70,-70.2,2638,34,2638
14:32:25,60.488,306703,306691,0,0,-1,0,799,1,37.496468,126.958092,0.584,80.0,0.386,1,24.4,"8.255,0.431,4.994","22.893,49.840,30.321","-27.300,70.200,13.800",1,80.0,9.66,62.67,0.8438,9.14,0.862,651,36673,2873,6,1.42,37.496470,126.958092,717,31,41,1,-71,-70.4,2639,39,2639
14:32:26,60.750,306809,306797,0,0,-1,0,905,1,37.496471,126.958092,0.455,80.0,0.216,1,24.4,"7.475,1.317,6.900","28.031,54.198,72.198","-23.400,72.450,12.900",1,80.0,10.26,94.53,0.8438,9.14,0.862,651,36686,2874,6,1.42,37.496470,126.958088,718,31,41,1,-74,-71.1,2640,44,2640
14:32:26,60.904,307020,307008,0,0,-1,0,1116,1,37.496471,126.958092,0.443,80.0,0.422,1,24.4,"5.128,3.438,4.841","67.366,11.908,116.260","-25.200,83.550,10.050",1,80.0,7.85,134.89,0.8438,9.14,0.862,651,36712,2876,6,1.42,37.496470,126.958089,719,31,41,1,-62,-68.1,2642,46,2642
14:32:26,61.090,307230,307218,0,0,-1,0,1326,1,37.496471,126.958092,0.529,80.0,0.689,1,33.0,"3.232,7.149,9.481","-4.733,-27.962,40.832","-30.450,94.650,-2.700",1,80.0,12.31,49.71,0.8438,9.14,0.862,651,36738,2878,6,1.42,37.496471,126.958089,720,31,41,1,-70,-67.8,2644,61,2644
14:32:26,61.314,307336,307324,0,0,-1,0,1432,1,37.496471,126.958092,0.529,80.0,0.689,1,33.0,"4.645,5.459,7.360","-35.931,-28.908,-25.626","-33.900,93.150,0.150",1,80.0,10.27,52.76,0.8438,9.14,0.862,651,36751,2879,6,1.42,37.496471,126.958089,720,31,41,1,-72,-68.7,2645,67,2645
14:32:26,61.396,307547,307535,0,0,-1,0,1643,1,37.496471,126.958092,0.668,0.0,0.926,1,42.1,"6.440,3.826,4.846","-112.855,0.542,-100.748","-30.300,78.750,10.500",0,80.0,8.92,151.28,0.8438,9.14,0.862,651,36777,2881,6,1.42,37.496470,126.958089,721,31,41,1,-62,-67.1,2647,76,2647
14:32:26,61.454,307652,307640,0,0,-1,0,1748,1,37.496471,126.958092,0.731,0.0,0.849,1,39.5,"5.679,2.274,5.018","-84.405,-35.282,-81.122","-25.650,72.450,12.900",0,80.0,7.91,122.27,0.8438,9.14,0.862,651,36790,2882,6,1.39,37.496471,126.958090,722,31,41,1,-66,-66.9,2648,76,2648
14:32:26,61.578,307757,307745,0,0,-1,0,1853,1,37.496471,126.958092,0.731,0.0,0.849,1,39.5,"6.560,1.518,5.847","-69.229,-42.534,-96.794","-25.050,66.000,14.250",0,80.0,8.92,126.38,0.8438,9.14,0.862,651,36803,2883,6,1.39,37.496471,126.958090,722,31,41,1,-70,-67.5,2649,76,2649
14:32:26,61.702,307863,307851,0,0,-1,0,1959,1,37.496471,126.958092,0.704,0.0,0.653,1,39.5,"7.834,0.986,7.111","4.305,-19.573,-66.061","-25.950,61.950,15.900",0,80.0,10.63,69.03,0.8438,9.14,0.862,651,36816,2884,6,1.39,37.496473,126.958088,723,31,41,1,-71,-68.2,2650,80,2650
14:32:27,61.892,307968,307956,0,0,-1,0,43,1,37.496471,126.958092,0.704,0.0,0.653,1,39.5,"10.391,1.049,8.461","2.115,-31.092,-20.458","-28.200,64.650,16.950",0,80.0,13.44,37.28,0.8740,9.14,0.862,651,36829,2885,6,1.39,37.496473,126.958088,723,31,41,1,-68,-68.2,2651,80,2651
14:32:27,62.022,308179,308167,0,0,-1,0,254,1,37.496475,126.958092,0.528,0.0,0.427,1,39.5,"7.240,1.537,5.703","72.992,111.031,92.176","-25.950,67.350,13.950",0,80.0,9.34,161.72,0.8979,9.14,0.862,651,36855,2887,6,1.39,37.496473,126.958088,725,31,41,1,-68,-67.3,2653,92,2653
14:32:27,62.087,308284,308272,0,0,-1,0,359,1,37.496475,126.958092,0.528,0.0,0.427,1,39.5,"6.962,1.944,6.450","20.756,-5.122,106.290","-22.950,72.750,12.900",0,80.0,9.69,108.42,0.8979,9.14,0.862,651,36868,2888,6,1.39,37.496473,126.958088,725,31,41,1,-69,-67.6,2654,102,2654
14:32:27,62.328,308389,308377,0,0,-1,0,464,1,37.496475,126.958092,0.593,0.0,0.715,1,58.2,"5.540,2.868,3.237","88.595,14.008,100.214","-27.000,76.350,10.200",0,80.0,7.03,134.49,0.8979,9.14,0.862,651,36881,2889,6,1.39,37.496474,126.958090,726,31,41,1,-67,-67.5,2655,104,2655
14:32:27,62.469,308599,308587,0,0,-1,0,674,1,37.496475,126.958092,0.715,0.0,0.941,1,63.3,"5.722,4.611,7.944","81.702,32.565,46.229","-34.050,87.900,4.350",0,80.0,10.82,99.36,0.8979,9.14,0.862,651,36907,2891,6,1.39,37.496474,126.958091,727,31,41,1,-65,-66.1,2657,107,2657
14:32:27,62.545,308705,308693,0,0,-1,0,780,1,37.496475,126.958092,0.715,93.4,0.941,1,63.3,"6.876,4.578,9.376","-54.389,-44.130,-9.015","-37.050,90.600,2.100",1,93.4,12.50,70.62,0.9855,8.29,0.780,654,36917,2892,6,1.39,37.496474,126.958091,727,31,41,1,-69,-66.7,2658,105,2658
14:32:27,62.726,308811,308799,0,0,-1,0,886,1,37.496471,126.958092,0.787,93.4,0.921,1,65.4,"5.622,5.612,4.975","-57.786,9.000,-41.313","-35.550,86.100,3.600",1,93.4,9.37,71.60,0.9855,8.29,0.780,654,36930,2893,6,1.39,37.496469,126.958089,728,31,41,1,-76,-70.5,2660,5,2660
14:32:28,62.869,309022,309010,0,0,-1,0,60,1,37.496471,126.958092,0.751,93.4,0.684,1,65.4,"5.622,1.513,3.831","-57.397,-7.588,-79.374","-31.800,73.350,12.300",1,93.4,6.97,98.25,0.9855,8.29,0.780,654,36956,2895,6,1.39,37.496466,126.958088,729,31,41,1,-78,-71.5,2662,5,2662
14:32:28,62.944,309127,309115,0,0,-1,0,165,1,37.496471,126.958092,0.751,93.4,0.684,1,65.4,"5.583,3.323,7.824","7.580,-9.672,-84.443","-29.250,71.850,14.550",1,93.4,10.17,85.33,0.9855,8.29,0.780,654,36969,2896,6,1.39,37.496466,126.958088,729,31,41,1,-64,-70.0,2663,5,2663
14:32:28,63.056,309233,309221,0,0,-1,0,271,1,37.496468,126.958092,0.600,93.4,0.319,1,65.4,"8.198,2.859,4.975","20.435,-35.969,-45.443","-28.950,71.250,14.400",1,93.4,10.01,61.45,0.9855,8.29,0.780,654,36982,2897,6,1.39,37.496465,126.958087,730,31,41,1,-60,-68.0,2664,13,2664
14:32:28,63.192,309338,309326,0,0,-1,0,376,1,37.496468,126.958092,0.600,93.4,0.319,1,65.4,"4.808,4.482,6.220","-19.977,10.397,41.290","-31.050,71.850,12.300",1,93.4,9.05,47.03,0.9855,8.29,0.780,654,36995,2898,6,1.39,37.496465,126.958087,730,31,41,1,-65,-67.4,2665,15,2665
14:32:28,63.260,309444,309432,0,0,-1,0,482,1,37.496468,126.958092,0.406,93.4,0.046,1,65.4,"7.829,1.925,6.263","-11.863,-51.733,11.336","-32.400,77.700,11.850",1,93.4,10.21,54.27,0.9302,8.29,0.780,654,37008,2899,6,1.42,37.496465,126.958086,731,31,41,1,-62,-66.3,2666,22,2666
14:32:28,63.430,309549,309537,0,0,-1,0,587,1,37.496468,126.958092,0.406,93.4,0.046,1,65.4,"7.240,3.338,4.731","-13.473,-32.618,8.847","-36.000,76.050,11.250",1,93.4,9.27,36.38,0.9615,8.29,0.780,654,37021,2900,6,1.42,37.496465,126.958086,731,31,41,1,-59,-64.8,2667,20,2667
14:32:28,63.541,309655,309643,0,0,-1,0,693,1,37.496464,126.958084,0.307,93.4,0.123,1,65.4,"7.638,2.830,3.361","-34.099,-39.832,8.359","-37.800,74.850,12.750",1,93.4,8.81,53.10,0.8944,8.29,0.780,654,37034,2901,6,1.42,37.496463,126.958085,732,31,41,1,-64,-64.7,2668,23,2668
14:32:28,63.661,309760,309748,0,0,-1,0,798,1,37.496464,126.958084,0.307,93.4,0.123,1,65.4,"8.241,1.853,3.251","-9.573,-9.595,9.351","-42.300,70.650,12.750",1,93.4,9.05,16.47,0.8620,8.29,0.780,654,37047,2902,6,1.42,37.496463,126.958085,732,31,41,1,-62,-64.1,2669,27,2669
14:32:29,63.788,309866,309854,0,0,-1,0,904,1,37.496464,126.958084,0.259,93.4,0.170,1,65.4,"8.356,1.954,7.044","-18.916,-20.962,0.473","-40.500,70.650,12.000",1,93.4,11.10,28.24,0.9301,8.29,0.780,654,37060,2903,6,1.42,37.496463,126.958084,733,31,41,1,-63,-63.9,2670,32,2670
14:32:29,64.076,310077,310065,0,0,-1,0,57,1,37.496464,126.958084,0.230,93.4,0.175,1,65.4,"11.612,-1.082,1.470","17.290,43.870,-5.863","-57.300,53.700,8.400",1,93.4,11.75,47.52,0.5625,8.29,0.780,654,37086,2905,6,1.42,37.496462,126.958083,734,31,41,1,-62,-63.5,2672,42,2672
14:32:29,64.398,310393,310381,0,0,-1,0,373,1,37.496460,126.958084,0.193,0.0,0.175,1,65.4,"8.246,4.659,5.349","-249.420,24.679,-94.740","-56.250,38.700,8.400",0,93.4,10.88,267.95,0.2645,8.29,0.780,654,37125,2908,6,1.42,37.496461,126.958083,736,31,41,1,-61,-61.2,2675,55,2675
14:32:29,64.496,310603,310591,0,0,-1,0,583,1,37.496460,126.958084,0.209,0.0,0.237,1,65.4,"5.804,2.490,9.567","-153.450,103.794,-148.008","-58.500,24.600,-1.050",0,93.4,11.46,237.12,0.2645,8.29,0.780,654,37151,2910,6,1.39,37.496462,126.958083,737,31,41,1,-61,-61.9,2677,60,2677
14:32:29,64.502,310708,310696,0,0,-1,0,688,1,37.496460,126.958084,0.209,0.0,0.237,1,65.4,"5.899,2.054,8.614","-135.473,30.229,-168.405","-61.050,26.400,-2.100",0,93.4,10.64,218.24,0.2645,8.29,0.780,654,37164,2911,6,1.39,37.496462,126.958083,737,31,41,1,-54,-60.3,2678,55,2678
14:32:29,64.614,310814,310802,0,0,-1,0,794,1,37.496460,126.958084,0.168,0.0,0.093,1,65.4,"3.347,2.907,5.430","-41.702,66.656,-144.160","-64.500,33.750,-3.900",0,93.4,7.01,164.21,0.2645,8.29,0.780,654,37177,2912,6,1.39,37.496461,126.958080,738,31,41,1,-55,-59.3,2679,69,2679
14:32:30,64.753,310920,310908,0,0,-1,0,900,1,37.496460,126.958084,0.168,0.0,0.093,1,65.4,"6.742,3.448,6.144","-89.031,-2.687,-99.214","-66.000,38.700,-2.850",0,93.4,9.75,133.33,0.2645,8.29,0.780,654,37190,2913,6,1.39,37.496461,126.958080,738,31,41,1,-59,-59.2,2680,73,2680
14:32:30,64.974,311025,311013,0,0,-1,0,40,1,37.496460,126.958076,0.239,0.0,0.370,1,65.4,"4.401,-0.354,5.880","-20.595,40.427,-70.931","-65.550,42.600,-0.600",0,93.4,7.35,84.20,0.2645,8.29,0.780,654,37203,2914,6,1.39,37.496459,126.958077,739,31,41,1,-60,-59.4,2681,77,2681
14:32:30,65.095,311237,311225,0,0,-1,0,252,1,37.496460,126.958076,0.305,0.0,0.427,1,65.4,"2.638,-0.019,9.634","9.870,-30.382,-19.931","-66.750,50.250,-2.100",0,93.4,9.99,37.65,0.7647,8.29,0.780,654,37229,2916,6,1.39,37.496457,126.958074,740,31,41,1,-59,-59.2,2683,87,2683
14:32:30,65.215,311342,311330,0,0,-1,0,357,1,37.496460,126.958076,0.305,0.0,0.427,1,65.4,"3.668,0.249,7.982","61.885,25.702,-2.198","-68.400,48.900,-3.450",0,93.4,8.79,67.05,0.7945,8.29,0.780,654,37242,2917,6,1.39,37.496457,126.958074,740,31,41,1,-61,-59.6,2684,92,2684
14:32:30,65.295,311447,311435,0,0,-1,0,462,1,37.496456,126.958076,0.288,0.0,0.257,1,65.4,"3.184,1.906,9.816","6.679,11.366,8.924","-66.750,53.700,-1.350",0,93.4,10.49,15.92,0.8625,8.29,0.780,654,37255,2918,6,1.39,37.496454,126.958070,741,31,41,1,-60,-59.7,2685,93,2685
14:32:30,65.422,311552,311540,0,0,-1,0,567,1,37.496456,126.958076,0.288,0.0,0.257,1,65.4,"2.610,2.203,9.136","5.954,23.496,9.298","-67.500,52.950,-1.050",0,93.4,9.75,25.96,0.8649,8.29,0.780,654,37268,2919,6,1.39,37.496454,126.958070,741,31,41,1,-59,-59.5,2686,94,2686
14:32:30,65.677,311658,311646,0,0,-1,0,673,1,37.496456,126.958069,0.272,0.0,0.242,1,65.4,"2.658,2.749,8.662","-7.969,-3.908,0.382","-64.950,51.600,1.200",0,93.4,9.47,8.88,0.8915,8.29,0.780,654,37281,2920,6,1.39,37.496454,126.958068,742,31,41,1,-60,-59.6,2687,95,2687
14:32:31,65.909,311974,311962,0,0,-1,0,989,1,37.496456,126.958069,0.259,0.0,0.242,1,65.4,"2.825,3.361,8.782","-22.176,-22.939,-3.366","-65.250,53.700,1.350",0,93.4,9.82,32.08,0.9091,8.29,0.780,654,37320,2923,6,1.39,37.496455,126.958067,744,31,41,1,-58,-59.1,2690,103,2690
14:32:31,66.030,312184,312172,0,0,-1,0,167,1,37.496456,126.958069,0.262,0.0,0.268,1,65.4,"1.499,1.427,9.333","12.290,-22.473,6.427","-67.650,54.000,-2.700",0,93.4,9.56,26.41,0.7866,8.29,0.780,654,37346,2925,6,1.39,37.496458,126.958068,745,31,41,1,-58,-58.9,2693,4,2693
14:32:31,66.336,312289,312277,0,0,-1,0,272,1,37.496456,126.958069,0.262,0.0,0.268,1,65.4,"2.011,2.045,8.906","71.344,60.519,23.733","-67.200,57.450,-0.150",0,93.4,9.36,96.52,0.8238,8.29,0.780,654,37359,2926,6,1.39,37.496458,126.958068,745,31,41,1,-56,-58.3,2694,5,2694
14:32:31,66.428,312604,312592,0,0,-1,0,587,1,37.496460,126.958069,0.196,0.0,0.123,1,65.4,"0.857,3.687,10.190","91.260,46.687,32.916","-69.150,44.250,-3.000",0,93.4,10.87,107.66,0.8238,8.29,0.780,654,37398,2929,6,1.39,37.496460,126.958067,747,31,41,1,-63,-59.8,2697,10,2697
14:32:31,66.539,312709,312697,0,0,-1,0,692,1,37.496460,126.958069,0.196,0.0,0.123,1,65.4,"5.717,5.832,10.362","-97.069,-111.046,6.817","-69.300,43.800,-3.150",0,93.4,13.19,147.65,0.8238,8.29,0.780,654,37411,2930,6,1.39,37.496460,126.958067,747,31,41,1,-59,-59.6,2698,8,2698
14:32:32,66.868,312815,312803,0,0,-1,0,798,1,37.496460,126.958069,0.239,0.0,0.319,1,65.4,"-1.753,4.099,11.593","6.840,39.794,15.641","-72.000,38.400,-11.250",0,93.4,12.42,43.30,0.6779,8.29,0.780,654,37424,2931,6,1.39,37.496459,126.958066,748,31,41,1,-59,-59.5,2699,21,2699
14:32:32,66.898,313027,313015,0,0,-1,0,1010,1,37.496460,126.958069,0.200,0.0,0.129,1,65.4,"3.582,0.345,12.076","-51.435,37.290,-93.763","-70.050,42.150,-2.550",0,93.4,12.60,113.26,0.6779,8.29,0.780,654,37450,2933,6,1.39,37.496461,126.958067,749,31,41,1,-57,-59.5,2701,11,2701
14:32:32,66.961,313132,313120,0,0,-1,0,39,1,37.496460,126.958069,0.200,0.0,0.129,1,65.4,"4.506,2.428,3.515","59.870,121.313,-64.076","-66.750,48.000,-2.100",0,93.4,6.21,149.69,0.6779,8.29,0.780,654,37463,2934,6,1.39,37.496461,126.958067,749,31,41,1,-59,-59.4,2702,35,2702
14:32:32,67.021,313237,313225,0,0,-1,0,144,1,37.496460,126.958069,0.197,0.0,0.190,1,65.4,"0.000,4.123,2.763","-71.748,-40.985,-20.344","-65.700,51.600,1.950",0,93.4,4.96,85.10,0.6779,8.29,0.780,654,37476,2935,6,1.39,37.496462,126.958067,750,31,41,1,-58,-59.2,2703,39,2703
14:32:32,67.139,313342,313330,0,0,-1,0,249,1,37.496460,126.958069,0.197,0.0,0.190,1,65.4,"3.936,5.511,1.997","-74.885,-53.344,-8.817","-63.300,51.450,3.150",0,93.4,7.06,92.36,0.9784,8.29,0.780,654,37489,2936,6,1.39,37.496462,126.958067,750,31,41,1,-60,-59.3,2704,35,2704
14:32:32,67.344,313448,313436,0,0,-1,0,355,1,37.496460,126.958069,0.277,0.0,0.427,1,65.4,"6.211,6.512,9.572","49.229,-17.702,42.527","-64.650,50.100,0.150",0,93.4,13.14,67.42,0.9784,8.29,0.780,654,37502,2937,6,1.39,37.496462,126.958065,751,31,41,1,-63,-60.1,2705,47,2705
14:32:32,67.425,313553,313541,0,0,-1,0,460,1,37.496460,126.958069,0.277,0.0,0.427,1,65.4,"8.370,5.717,6.574","34.992,-79.832,61.489","-65.550,49.950,-1.800",0,93.4,12.08,106.67,0.9784,8.29,0.780,654,37515,2938,6,1.39,37.496462,126.958065,751,31,41,1,-68,-61.6,2706,53,2706
14:32:32,67.559,313659,313647,0,0,-1,0,566,1,37.496464,126.958069,0.294,0.0,0.324,1,65.4,"5.684,-1.475,16.644","58.435,-49.443,81.076","-67.950,49.650,-3.450",0,93.4,17.65,111.50,0.9784,8.29,0.780,654,37528,2939,6,1.39,37.496463,126.958064,752,31,41,1,-69,-63.1,2707,54,2707
14:32:32,67.685,313764,313752,0,0,-1,0,671,1,37.496464,126.958069,0.294,0.0,0.324,1,65.4,"1.097,-3.213,14.289","196.435,37.679,89.557","-70.050,46.500,-7.950",0,93.4,14.69,219.15,0.9784,8.29,0.780,654,37541,2940,6,1.39,37.496463,126.958064,752,31,41,1,-61,-62.7,2708,58,2708
14:32:33,67.877,313975,313963,0,0,-1,0,882,1,37.496464,126.958069,0.434,0.0,0.694,1,44.5,"3.448,2.480,9.313","152.779,140.817,205.962","-58.950,40.800,3.750",0,93.4,10.24,292.56,0.9784,8.29,0.780,654,37567,2942,6,1.39,37.496466,126.958065,753,31,41,1,-62,-62.3,2710,69,2710
14:32:33,67.955,314081,314069,0,0,-1,0,988,1,37.496468,126.958069,0.642,0.0,1.029,1,28.7,"5.866,1.082,8.839","99.122,117.519,178.511","-45.900,40.800,13.650",0,93.4,10.66,235.59,0.9784,8.29,0.780,654,37580,2943,6,1.39,37.496470,126.958067,754,31,41,1,-72,-64.2,2711,75,2711
14:32:33,68.085,314186,314174,0,0,-1,0,79,1,37.496468,126.958069,0.652,0.0,0.669,1,28.7,"6.383,1.106,8.882","102.855,115.198,130.153","-33.300,45.600,17.100",0,93.4,10.99,201.96,0.9784,8.29,0.780,654,37593,2944,6,1.39,37.496471,126.958068,755,31,41,1,-70,-65.4,2712,78,2712
14:32:33,68.154,314292,314280,0,0,-1,0,185,1,37.496471,126.958069,0.652,0.0,0.669,1,28.7,"6.057,1.872,8.509","58.443,63.817,75.740","-22.800,56.850,17.850",0,93.4,10.61,115.00,0.9784,8.29,0.780,654,37606,2945,6,1.39,37.496471,126.958068,755,31,41,1,-66,-65.5,2713,78,2713
14:32:33,68.273,314397,314385,0,0,-1,0,290,1,37.496471,126.958069,0.532,0.0,0.309,1,28.7,"5.765,3.395,7.460","31.847,29.481,29.702","-18.300,61.050,19.350",0,93.4,10.02,52.59,0.9784,8.29,0.780,654,37619,2946,6,1.39,37.496470,126.958068,756,31,41,1,-58,-64.0,2714,80,2714
14:32:33,68.596,314503,314491,0,0,-1,0,396,1,37.496471,126.958069,0.532,150.9,0.309,1,28.7,"4.970,4.688,7.254","4.183,-15.977,-10.496","-17.250,62.250,15.600",1,150.9,9.97,19.57,0.9914,6.39,1.384,666,37620,2947,6,1.39,37.496470,126.958068,756,31,41,1,-56,-62.4,2715,88,2715
14:32:33,68.736,314819,314807,0,0,-1,0,712,1,37.496468,126.958069,0.885,150.7,1.322,1,96.8,"3.328,6.258,4.817","22.046,14.641,-25.412","-19.950,60.900,18.000",1,150.7,8.57,36.69,0.9540,2.85,1.382,674,37651,2950,6,1.39,37.496466,126.958074,758,31,41,1,-58,-59.6,2718,58,2718
14:32:34,68.923,315031,315019,0,0,-1,0,924,1,37.496468,126.958076,1.128,150.7,1.579,1,108.4,"3.223,4.966,6.780","10.389,-17.252,-23.565","-22.050,60.600,16.050",1,150.7,9.00,31.00,0.9669,2.85,1.382,674,37677,2952,6,1.39,37.496464,126.958077,759,31,41,1,-56,-57.9,2721,6,2721
14:32:34,69.057,315243,315231,0,0,-1,0,69,1,37.496464,126.958076,1.239,150.7,1.446,1,112.6,"2.629,5.167,8.610","-4.809,17.321,-16.908","-20.550,63.000,16.350",1,150.7,10.38,24.68,0.9269,2.85,1.382,674,37703,2954,6,1.39,37.496462,126.958080,760,31,41,1,-56,-57.2,2723,13,2723
14:32:34,69.173,315348,315336,0,0,-1,0,174,1,37.496464,126.958084,1.239,150.7,1.446,1,112.6,"1.647,4.080,9.093","-46.817,-15.176,-4.260","-21.150,62.400,18.450",1,150.7,10.10,49.40,0.8680,2.85,1.382,674,37716,2955,6,1.39,37.496462,126.958080,760,31,41,1,-56,-57.0,2724,19,2724
14:32:34,69.288,315454,315442,0,0,-1,0,280,1,37.496464,126.958084,1.256,150.7,1.286,1,111.7,"2.385,5.286,9.318","-31.137,-8.718,0.550","-21.300,56.850,18.150",1,150.7,10.98,32.34,0.9101,2.85,1.382,674,37729,2956,6,1.39,37.496462,126.958081,761,31,41,1,-59,-57.4,2725,23,2725
14:32:34,69.457,315559,315547,0,0,-1,0,385,1,37.496464,126.958084,1.256,150.7,1.286,1,111.7,"3.405,5.066,8.169","-26.748,5.168,1.191","-21.150,54.750,18.000",1,150.7,10.20,27.27,0.9553,2.85,1.382,674,37742,2957,6,1.39,37.496462,126.958081,761,31,41,1,-66,-59.1,2726,15,2726
14:32:34,69.588,315665,315653,0,0,-1,0,491,1,37.496460,126.958084,1.245,150.7,1.224,1,109.4,"2.792,4.319,8.179","-19.710,21.916,-0.160","-22.500,51.450,16.350",1,150.7,9.66,29.48,0.9327,2.85,1.382,674,37755,2958,6,1.39,37.496461,126.958084,762,31,41,1,-74,-62.1,2727,19,2727
14:32:35,69.794,315876,315864,0,0,-1,0,702,1,37.496460,126.958084,1.275,150.7,1.332,1,110.3,"2.581,3.644,8.365","-27.191,-24.756,9.740","-19.500,51.450,16.350",1,150.7,9.48,38.04,0.9136,2.85,1.382,674,37781,2960,6,1.39,37.496460,126.958086,763,31,41,1,-58,-61.7,2729,28,2729
14:32:35,69.878,316086,316074,0,0,-1,0,912,1,37.496460,126.958092,1.270,0.0,1.260,1,110.5,"4.544,4.515,9.337","-13.176,-39.687,-9.198","-21.000,51.750,16.800",0,150.7,11.32,42.82,0.9596,2.85,1.382,674,37807,2962,6,1.39,37.496461,126.958087,764,31,41,1,-65,-62.0,2731,35,2731
14:32:35,70.000,316191,316179,0,0,-1,0,5,1,37.496460,126.958092,1.240,0.0,1.183,1,116.7,"3.649,5.698,5.488","39.496,-2.969,-13.267","-25.650,48.600,16.200",0,150.7,8.71,41.77,0.9761,2.85,1.382,674,37820,2963,6,1.39,37.496460,126.958089,765,31,41,1,-74,-64.4,2732,38,2732
14:32:35,70.137,316296,316284,0,0,-1,0,110,1,37.496460,126.958092,1.240,0.0,1.183,1,116.7,"3.409,6.637,6.416","70.511,48.229,5.611","-21.000,56.400,17.100",0,150.7,9.84,85.61,0.9761,2.85,1.382,674,37833,2964,6,1.39,37.496460,126.958089,765,31,41,1,-67,-64.9,2733,39,2733
14:32:35,70.209,316401,316389,0,0,-1,0,215,1,37.496460,126.958092,1.139,0.0,0.952,1,127.0,"2.686,6.460,7.594","-79.145,-63.275,29.824","-22.500,56.850,17.850",0,150.7,10.33,105.63,0.9141,2.85,1.382,674,37846,2965,6,1.39,37.496459,126.958089,766,31,41,1,-71,-66.1,2734,44,2734
14:32:35,70.590,316507,316495,0,0,-1,0,321,1,37.496460,126.958092,1.139,0.0,0.952,1,127.0,"3.275,4.281,6.718","-33.702,-17.069,39.344","-27.750,51.000,17.100",0,150.7,8.61,54.54,0.9141,2.85,1.382,674,37859,2966,6,1.39,37.496459,126.958089,766,31,41,1,-61,-65.1,2735,47,2735
14:32:36,70.818,316824,316812,0,0,-1,0,638,1,37.496460,126.958092,0.808,0.0,0.453,1,139.1,"7.307,2.911,3.649","-82.527,-103.733,-17.267","-41.250,33.750,12.750",0,150.7,8.67,133.68,0.8756,2.85,1.382,674,37898,2969,6,1.39,37.496459,126.958086,768,31,41,1,-56,-62.0,2738,58,2738
14:32:36,71.145,317036,317024,0,0,-1,0,850,1,37.496456,126.958092,0.810,0.0,0.813,1,170.2,"7.705,3.634,5.440","86.725,36.305,-59.672","-41.550,41.850,14.550",0,150.7,10.11,111.36,0.9016,2.85,1.382,674,37924,2971,6,1.39,37.496457,126.958086,769,31,41,1,-60,-61.0,2740,67,2740
14:32:36,71.305,317352,317340,0,0,-1,0,141,1,37.496452,126.958084,0.926,0.0,1.142,1,204.8,"6.206,7.096,1.958","37.481,-62.542,-26.305","-42.450,61.950,14.700",0,150.7,9.63,77.51,0.9016,2.85,1.382,674,37963,2974,6,1.39,37.496454,126.958082,770,31,41,1,-65,-62.7,2743,74,2743
14:32:36,71.371,317563,317551,0,0,-1,0,352,1,37.496452,126.958084,1.050,0.0,1.281,1,210.1,"6.033,6.608,2.145","-20.603,-74.237,19.870","-55.050,60.300,9.000",0,150.7,9.20,79.56,0.3240,2.85,1.382,674,37989,2976,6,1.39,37.496451,126.958079,771,31,41,1,-68,-63.8,2745,63,2745
14:32:36,71.508,317669,317657,0,0,-1,0,458,1,37.496449,126.958076,1.178,0.0,1.415,1,216.5,"5.847,7.719,1.628","46.458,-3.412,-8.885","-58.950,61.950,7.350",0,150.7,9.82,47.42,0.8164,2.85,1.382,674,38002,2977,6,1.39,37.496449,126.958076,772,31,41,1,-65,-64.1,2746,79,2746
14:32:36,71.586,317774,317762,0,0,-1,0,563,1,37.496449,126.958076,1.178,0.0,1.415,1,216.5,"5.727,6.388,-0.555","41.634,-24.664,-8.931","-61.500,63.000,3.900",0,150.7,8.60,49.21,0.8164,2.85,1.382,674,38015,2978,6,1.39,37.496449,126.958076,772,31,41,1,-65,-64.2,2747,80,2747
14:32:36,71.655,317880,317868,0,0,-1,0,669,1,37.496449,126.958076,1.182,0.0,1.188,1,220.3,"9.222,7.350,0.306","37.267,-29.870,15.282","-62.400,68.550,1.950",0,150.7,11.80,50.15,0.1525,2.85,1.382,674,38028,2979,6,1.39,37.496448,126.958074,773,31,41,1,-62,-63.8,2748,89,2748
14:32:37,71.793,317985,317973,0,0,-1,0,774,1,37.496449,126.958076,1.006,0.0,0.679,1,220.9,"7.810,4.918,-0.536","-3.344,-22.947,12.817","-64.200,66.300,0.900",0,150.7,9.24,26.50,0.7254,12.96,0.353,674,38041,2980,6,1.39,37.496448,126.958074,774,31,41,1,-67,-64.4,2749,87,2749
14:32:37,72.093,318090,318078,0,0,-1,0,879,1,37.496445,126.958076,1.006,0.0,0.679,1,220.9,"7.384,5.674,-5.047","7.710,0.359,-10.779","-64.800,66.450,0.000",0,150.7,10.59,13.26,0.3758,12.96,0.353,674,38054,2981,6,1.39,37.496448,126.958074,774,31,41,1,-68,-65.1,2750,94,2750
14:32:37,72.178,318301,318289,0,0,-1,0,68,1,37.496445,126.958069,0.794,0.0,0.401,1,220.9,"-11.847,13.096,13.795","54.794,-8.168,-148.748","-63.150,70.500,-2.250",0,150.7,22.41,158.73,0.8824,12.96,0.353,674,38080,2983,6,1.39,37.496449,126.958073,775,31,41,1,-71,-68.4,2752,4,2752
14:32:37,72.243,318406,318394,0,0,-1,0,173,1,37.496449,126.958069,0.646,0.0,0.370,1,220.9,"7.470,5.813,2.610","-15.168,-0.603,-15.649","-68.400,64.350,-5.250",0,150.7,9.82,21.80,0.9126,12.96,0.353,674,38093,2984,6,1.39,37.496449,126.958072,776,31,41,1,-76,-69.9,2753,6,2753
14:32:37,72.366,318512,318500,0,0,-1,0,279,1,37.496449,126.958069,0.646,0.0,0.370,1,220.9,"4.310,8.413,-1.154","148.733,147.183,-21.374","-63.300,69.900,-2.850",0,150.7,9.52,210.34,0.9126,12.96,0.353,674,38106,2985,6,1.39,37.496449,126.958072,776,31,41,1,-74,-70.7,2754,8,2754
14:32:37,72.438,318618,318606,0,0,-1,0,385,1,37.496449,126.958069,0.510,0.0,0.257,1,220.9,"4.204,9.246,0.038","36.992,27.985,-10.427","-56.700,80.850,-0.150",0,150.7,10.16,47.54,0.9126,12.96,0.353,674,38119,2986,6,1.39,37.496451,126.958072,777,31,41,1,-61,-68.8,2755,9,2755
14:32:37,72.565,318724,318712,0,0,-1,0,491,1,37.496449,126.958069,0.510,0.0,0.257,1,220.9,"3.203,9.735,0.038","-130.847,-127.229,6.137","-59.250,76.800,0.600",0,150.7,10.25,182.61,0.7229,12.96,0.353,674,38132,2987,6,1.39,37.496451,126.958072,777,31,41,1,-59,-66.8,2756,14,2756
14:32:38,72.870,318830,318818,0,0,-1,0,597,1,37.496449,126.958069,0.369,0.0,0.108,1,220.9,"5.847,7.886,0.297","-0.115,6.947,5.435","-63.900,70.050,-3.450",0,150.7,9.82,8.82,0.7740,12.96,0.353,674,38145,2988,6,1.39,37.496453,126.958072,778,31,41,1,-69,-67.3,2757,17,2757
14:32:38,72.966,319145,319133,0,0,-1,0,912,1,37.496452,126.958069,0.262,0.0,0.062,1,220.9,"5.741,7.389,1.317","-18.107,-18.496,6.924","-69.300,64.050,-5.850",0,150.7,9.45,26.79,0.8397,12.96,0.353,674,38184,2991,6,1.39,37.496456,126.958072,779,31,41,1,-61,-64.9,2760,28,2760
14:32:38,73.086,319251,319239,0,0,-1,0,1018,1,37.496456,126.958069,0.208,0.0,0.108,1,220.9,"6.661,6.579,1.092","-8.748,-10.198,4.641","-70.950,61.950,-8.550",0,150.7,9.43,14.22,0.8398,12.96,0.353,674,38197,2992,6,1.39,37.496459,126.958072,780,31,41,1,-64,-64.7,2761,38,2761
14:32:38,73.154,319356,319344,0,0,-1,0,91,1,37.496456,126.958069,0.208,0.0,0.108,1,220.9,"6.378,7.005,1.039","-0.137,2.779,-0.130","-69.450,60.450,-7.350",0,150.7,9.53,2.79,0.8325,12.96,0.353,674,38210,2993,6,1.39,37.496459,126.958072,780,31,41,1,-62,-64.2,2762,42,2762
14:32:38,73.272,319462,319450,0,0,-1,0,197,1,37.496460,126.958069,0.153,0.0,0.051,1,220.9,"6.517,7.029,0.900","1.626,0.008,0.977","-70.500,63.000,-7.200",0,150.7,9.63,1.90,0.8246,12.96,0.353,674,38223,2994,6,1.39,37.496463,126.958072,781,31,41,1,-63,-63.9,2763,47,2763
14:32:38,73.458,319567,319555,0,0,-1,0,302,1,37.496460,126.958069,0.153,0.0,0.051,1,220.9,"6.115,7.331,1.226","-2.809,-4.931,-0.435","-70.200,62.400,-7.350",0,150.7,9.62,5.69,0.8379,12.96,0.353,674,38236,2995,6,1.39,37.496463,126.958072,781,31,41,1,-63,-63.9,2763,152,2763
14:32:38,73.621,319673,319661,0,0,-1,0,408,1,37.496460,126.958069,0.127,0.0,0.077,1,220.9,"6.421,7.005,1.125","0.725,-0.389,-0.237","-69.900,62.400,-7.050",0,150.7,9.57,0.86,0.8375,12.96,0.353,674,38249,2996,6,1.39,37.496466,126.958072,782,31,41,1,-66,-64.3,2764,51,2764
14:32:38,73.696,319883,319871,0,0,-1,0,618,1,37.496464,126.958069,0.115,0.0,0.093,1,220.9,"6.297,7.159,1.255","-0.962,0.527,-1.252","-69.300,62.550,-5.400",0,150.7,9.62,1.66,0.8425,12.96,0.353,674,38275,2998,6,1.39,37.496469,126.958072,783,31,41,1,-66,-64.9,2766,54,2766
14:32:39,73.804,319988,319976,0,0,-1,0,723,1,37.496468,126.958069,0.093,0.0,0.051,1,220.9,"6.134,7.341,1.120","-0.809,3.893,-1.916","-68.700,61.200,-6.000",0,150.7,9.63,4.41,0.8321,12.96,0.353,674,38288,2999,6,1.39,37.496473,126.958072,784,31,41,1,-63,-64.6,2767,59,2767
14:32:39,73.973,320094,320082,0,0,-1,0,829,1,37.496468,126.958069,0.093,0.0,0.051,1,220.9,"6.302,7.269,1.216","-3.305,0.122,-1.992","-68.700,61.950,-6.300",0,150.7,9.70,3.86,0.8391,12.96,0.353,674,38301,3000,6,1.39,37.496473,126.958072,784,31,41,1,-64,-64.4,2768,66,2768
14:32:39,74.067,320199,320187,1,0,-1,1,75,1,37.496471,126.958069,0.080,0.0,0.057,1,220.9,"5.966,7.288,1.116","-0.389,-2.252,0.954","-70.050,64.050,-4.650",0,150.7,9.48,2.48,0.8316,12.96,0.353,674,38314,3001,6,1.39,37.496476,126.958071,785,31,41,1,-66,-64.8,2769,71,2769
14:32:39,74.125,320305,320293,1,0,-1,1,181,1,37.496471,126.958069,0.080,0.0,0.057,1,220.9,"6.637,7.762,1.140","2.672,-2.351,0.672","-68.550,64.050,-6.900",0,150.7,10.28,3.62,0.8304,12.96,0.353,674,38327,3002,6,1.39,37.496476,126.958071,785,31,41,1,-59,-63.6,2770,73,2770
14:32:39,74.188,320411,320399,1,0,-1,1,287,1,37.496475,126.958069,0.059,0.0,0.021,1,220.9,"5.737,8.255,0.776","-1.954,1.000,-1.115","-68.700,62.400,-8.550",0,150.7,10.08,2.46,0.7964,12.96,0.353,674,38340,3003,6,1.39,37.496479,126.958071,786,31,41,1,-62,-63.3,2771,72,2771
14:32:39,74.327,320517,320505,1,0,-1,1,393,1,37.496475,126.958069,0.059,0.0,0.021,1,220.9,"6.761,7.896,1.322","-1.847,-2.725,2.924","-67.800,62.250,-5.850",0,150.7,10.48,4.40,0.8388,12.96,0.353,674,38353,3004,6,1.39,37.496479,126.958071,786,31,41,1,-60,-62.6,2772,77,2772
14:32:39,74.491,320623,320611,1,0,-1,1,499,1,37.496479,126.958069,0.055,0.0,0.046,1,220.9,"6.579,7.638,1.010","-2.992,-3.466,-1.496","-68.250,63.300,-6.150",0,150.7,10.13,4.82,0.8246,12.96,0.353,674,38366,3005,6,1.39,37.496481,126.958071,787,31,41,1,-61,-62.3,2773,85,2773
14:32:39,74.589,320729,320717,1,0,-1,1,605,1,37.496479,126.958069,0.055,0.0,0.046,1,220.9,"5.593,7.269,0.364","-1.595,-0.557,-0.282","-70.650,63.600,-5.550",0,150.7,9.18,1.71,0.7825,12.96,0.353,674,38379,3006,6,1.39,37.496481,126.958071,787,31,41,1,-66,-63.0,2774,83,2774
14:32:39,74.713,320835,320823,1,0,-1,1,711,1,37.496479,126.958069,0.041,0.0,0.015,1,220.9,"5.875,7.345,1.140","-1.580,-1.298,-0.527","-68.250,59.850,-7.650",0,150.7,9.47,2.11,0.8315,12.96,0.353,674,38392,3007,6,1.39,37.496484,126.958070,788,31,41,1,-59,-62.2,2775,84,2775
14:32:40,74.788,320940,320928,1,0,-1,1,816,1,37.496479,126.958069,0.041,0.0,0.015,1,220.9,"6.278,7.254,1.288","-7.359,-4.206,0.664","-70.800,60.600,-6.900",0,150.7,9.68,8.50,0.8430,12.96,0.353,674,38405,3008,6,1.39,37.496484,126.958070,788,31,41,1,-67,-63.2,2776,87,2776
14:32:40,75.171,321045,321033,1,0,-1,1,921,1,37.496483,126.958069,0.045,0.0,0.051,1,220.9,"6.287,7.058,1.298","-1.229,0.824,-0.275","-69.900,61.950,-7.350",0,150.7,9.54,1.51,0.8461,12.96,0.353,674,38418,3009,6,1.39,37.496486,126.958070,789,31,41,1,-59,-62.3,2777,92,2777
14:32:40,75.280,321361,321349,1,0,-1,1,158,1,37.496487,126.958069,0.063,0.0,0.098,1,220.9,"6.335,7.001,1.221","-1.153,-0.802,0.183","-69.150,61.950,-6.000",0,150.7,9.52,1.42,0.8427,12.96,0.353,674,38457,3012,6,1.39,37.496489,126.958069,790,31,41,1,-57,-60.1,2780,92,2780
14:32:40,75.400,321467,321455,1,0,-1,1,264,1,37.496487,126.958069,0.079,0.0,0.108,1,220.9,"6.311,7.068,1.302","-0.954,2.122,-1.229","-69.300,61.050,-6.150",0,150.7,9.56,2.63,0.8463,12.96,0.353,674,38470,3013,6,1.39,37.496491,126.958068,791,31,41,1,-55,-59.0,2781,90,2781
14:32:40,75.478,321677,321665,1,0,-1,1,474,1,37.496490,126.958069,0.071,0.0,0.057,1,220.9,"6.211,7.202,1.235","-0.786,-2.550,0.542","-68.250,61.800,-7.950",0,150.7,9.59,2.72,0.8406,12.96,0.353,674,38496,3015,6,1.39,37.496493,126.958068,792,31,41,1,-53,-57.5,2783,95,2783
14:32:40,75.672,321782,321770,1,0,-1,1,579,1,37.496490,126.958069,0.068,0.0,0.062,1,220.9,"6.014,7.207,1.144","-1.557,1.794,-0.496","-69.750,62.250,-5.400",0,150.7,9.46,2.43,0.8346,12.96,0.353,674,38509,3016,6,1.38,37.496494,126.958067,793,31,41,1,-46,-55.2,2784,86,2784
14:32:40,75.694,321888,321876,1,0,-1,1,685,1,37.496490,126.958069,0.068,0.0,0.062,1,220.9,"6.067,7.389,1.274","0.565,-3.275,0.786","-67.650,61.650,-6.750",0,150.7,9.64,3.41,0.8395,12.96,0.353,674,38522,3017,6,1.38,37.496494,126.958067,793,31,41,1,-37,-49.1,2786,0,2786
14:32:41,75.763,321993,321981,1,0,-1,1,790,1,37.496494,126.958069,0.094,0.0,0.144,1,220.9,"6.120,7.245,1.446","-0.267,0.901,3.023","-70.050,62.550,-5.100",0,150.7,9.59,3.17,0.8510,12.96,0.353,674,38535,3018,6,1.38,37.496496,126.958065,794,31,41,1,-35,-46.3,2787,1,2787
14:32:41,75.939,322098,322086,1,0,-1,1,895,1,37.496494,126.958069,0.094,0.0,0.144,1,220.9,"6.369,7.240,1.355","-3.313,-1.611,-0.985","-70.200,60.900,-6.000",0,150.7,9.74,3.81,0.8471,12.96,0.353,674,38548,3019,6,1.38,37.496496,126.958065,794,31,41,1,-42,-45.4,2788,4,2788
14:32:41,76.279,322203,322191,1,0,-1,1,1000,1,37.496494,126.958069,0.083,0.0,0.062,1,220.9,"6.239,6.986,1.369","3.656,-2.366,1.519","-70.650,63.600,-4.800",0,150.7,9.47,4.61,0.8507,12.96,0.353,674,38561,3020,6,1.38,37.496497,126.958064,795,31,41,1,-44,-45.2,2789,7,2789
14:32:41,76.357,322520,322508,0,0,-1,0,71,1,37.496498,126.958061,0.090,0.0,0.103,1,220.9,"7.072,7.144,0.493","-4.718,-0.031,1.481","-70.050,59.850,-8.700",0,150.7,10.06,4.94,0.8011,12.96,0.353,674,38600,3023,6,1.38,37.496499,126.958064,796,31,41,1,-55,-50.6,2792,20,2792
14:32:41,76.432,322626,322614,0,0,-1,0,177,1,37.496498,126.958061,0.089,0.0,0.087,1,220.9,"6.115,7.096,0.972","-2.145,-1.901,0.290","-69.750,60.600,-5.400",0,150.7,9.42,2.88,0.8266,12.96,0.353,674,38613,3024,6,1.38,37.496500,126.958064,797,31,41,1,-57,-51.9,2793,20,2793
14:32:41,76.552,322731,322719,0,0,-1,0,282,1,37.496498,126.958061,0.089,0.0,0.087,1,220.9,"6.206,7.221,1.164","-1.046,-0.672,1.198","-71.550,60.600,-6.900",0,150.7,9.59,1.73,0.8364,12.96,0.353,674,38626,3025,6,1.38,37.496500,126.958064,797,31,41,1,-58,-53.1,2794,25,2794
14:32:41,76.683,322836,322824,0,0,-1,0,387,1,37.496498,126.958061,0.072,0.0,0.041,1,220.9,"6.048,7.106,1.135","-0.473,-2.092,0.290","-68.700,61.950,-9.300",0,150.7,9.40,2.16,0.8355,12.96,0.353,674,38639,3026,6,1.38,37.496502,126.958065,798,31,41,1,-67,-55.9,2795,30,2795
14:32:42,76.761,322941,322929,0,0,-1,0,492,1,37.496498,126.958061,0.072,0.0,0.041,1,220.9,"6.364,7.092,1.053","-2.069,-3.450,1.634","-69.300,60.600,-8.400",0,150.7,9.59,4.34,0.8323,12.96,0.353,674,38652,3027,6,1.38,37.496502,126.958065,798,31,41,1,-58,-56.3,2796,15,2796
14:32:42,76.821,323046,323034,0,0,-1,0,597,1,37.496502,126.958061,0.105,0.0,0.165,1,220.9,"6.416,7.168,1.269","-1.641,0.206,1.733","-69.750,61.500,-8.400",0,150.7,9.70,2.40,0.8435,12.96,0.353,674,38665,3028,6,1.38,37.496503,126.958065,799,31,41,1,-58,-56.6,2797,35,2797
14:32:42,76.940,323151,323139,0,0,-1,0,702,1,37.496502,126.958061,0.105,0.0,0.165,1,220.9,"6.211,7.192,1.106","0.954,0.000,-2.542","-71.250,60.600,-7.650",0,150.7,9.57,2.72,0.8335,12.96,0.353,674,38678,3029,6,1.38,37.496503,126.958065,799,31,41,1,-57,-56.7,2798,42,2798
14:32:42,77.072,323257,323245,0,0,-1,0,808,1,37.496502,126.958061,0.109,0.0,0.118,1,220.9,"6.287,6.996,1.336","-1.534,-2.611,0.069","-69.000,61.800,-6.450",0,150.7,9.50,3.03,0.8489,12.96,0.353,674,38691,3030,6,1.38,37.496505,126.958064,800,31,41,1,-62,-57.8,2799,45,2799
14:32:42,77.259,323362,323350,0,0,-1,0,913,1,37.496502,126.958061,0.109,0.0,0.118,1,220.9,"6.349,7.068,1.302","0.931,0.611,-2.076","-71.400,60.450,-8.550",0,150.7,9.59,2.36,0.8464,12.96,0.353,674,38704,3031,6,1.38,37.496505,126.958064,800,31,41,1,-58,-57.8,2800,44,2800
14:32:42,77.383,323573,323561,0,0,-1,0,119,1,37.496506,126.958061,0.109,0.0,0.108,1,220.9,"6.129,7.230,1.255","-1.405,0.321,1.038","-69.300,60.600,-6.900",0,150.7,9.56,1.78,0.8409,12.96,0.353,674,38730,3033,6,1.38,37.496506,126.958063,801,31,41,1,-58,-57.7,2802,53,2802
14:32:42,77.580,323679,323667,0,0,-1,0,225,1,37.496506,126.958061,0.116,0.0,0.129,1,220.9,"6.297,6.977,1.274","-0.336,-3.313,-0.885","-70.050,59.550,-7.200",0,150.7,9.48,3.45,0.8458,12.96,0.353,674,38743,3034,6,1.38,37.496508,126.958062,802,31,41,1,-57,-57.6,2803,54,2803
14:32:42,77.657,323784,323772,0,0,-1,0,330,1,37.496506,126.958061,0.115,0.0,0.113,1,220.9,"6.541,7.025,1.168","-1.458,0.176,1.221","-69.900,60.450,-7.350",0,150.7,9.67,1.91,0.8399,12.96,0.353,674,38756,3035,6,1.38,37.496509,126.958061,803,31,41,1,-55,-57.1,2804,59,2804
14:32:43,77.793,323890,323878,0,0,-1,0,436,1,37.496506,126.958061,0.115,0.0,0.113,1,220.9,"6.325,7.173,1.197","-1.908,1.557,-0.534","-69.450,61.650,-6.000",0,150.7,9.64,2.52,0.8393,12.96,0.353,674,38769,3036,6,1.38,37.496509,126.958061,803,31,41,1,-53,-56.3,2805,63,2805
14:32:43,77.856,323995,323983,0,0,-1,0,541,1,37.496510,126.958061,0.116,0.0,0.118,1,220.9,"6.254,7.221,1.149","-2.305,-1.664,-0.076","-70.200,60.450,-7.050",0,150.7,9.62,2.84,0.8358,12.96,0.353,674,38782,3037,6,1.42,37.496511,126.958059,804,31,41,1,-55,-56.0,2806,67,2806
14:32:43,77.994,324101,324089,0,0,-1,0,647,1,37.496510,126.958061,0.116,0.0,0.118,1,220.9,"6.483,7.058,1.106","-0.908,1.397,1.267","-71.400,61.950,-6.000",0,150.7,9.65,2.09,0.8359,12.96,0.353,674,38795,3038,6,1.42,37.496511,126.958059,804,31,41,1,-54,-55.6,2807,71,2807
14:32:43,78.116,324206,324194,0,0,-1,0,752,1,37.496510,126.958061,0.108,0.0,0.093,1,220.9,"6.302,7.044,1.154","1.229,-0.092,-0.695","-69.450,60.450,-7.800",0,150.7,9.52,1.41,0.8383,12.96,0.353,674,38808,3039,6,1.42,37.496511,126.958057,805,31,41,1,-53,-55.1,2808,75,2808
14:32:43,78.189,324311,324299,0,0,-1,0,857,1,37.496510,126.958061,0.108,0.0,0.093,1,220.9,"6.455,7.072,1.221","-1.779,-1.412,-1.046","-69.450,60.900,-5.250",0,150.7,9.65,2.50,0.8421,12.96,0.353,674,38821,3040,6,1.42,37.496511,126.958057,805,31,41,1,-52,-54.5,2809,70,2809
14:32:43,78.322,324416,324404,0,0,-1,0,962,1,37.496510,126.958061,0.101,0.0,0.087,1,220.9,"6.450,7.053,1.106","0.260,-2.702,-0.221","-70.050,60.600,-8.400",0,150.7,9.62,2.72,0.8359,12.96,0.353,674,38834,3041,6,1.42,37.496512,126.958056,806,31,41,1,-52,-54.0,2810,76,2810
14:32:43,78.394,324522,324510,0,0,-1,0,51,1,37.496510,126.958061,0.101,0.0,0.087,1,220.9,"6.292,7.063,1.144","-1.626,-1.626,-0.824","-70.800,61.800,-5.400",0,150.7,9.53,2.44,0.8375,12.96,0.353,674,38847,3042,6,1.42,37.496512,126.958056,806,31,41,1,-52,-53.6,2811,81,2811
14:32:43,78.504,324627,324615,0,0,-1,0,156,1,37.496513,126.958054,0.087,0.0,0.062,1,220.9,"6.349,7.106,1.235","-0.977,-0.863,1.366","-70.200,61.950,-6.000",0,150.7,9.61,1.89,0.8422,12.96,0.353,674,38860,3043,6,1.42,37.496513,126.958054,807,31,41,1,-52,-53.3,2812,81,2812
14:32:43,78.572,324732,324720,0,0,-1,0,261,1,37.496513,126.958054,0.087,0.0,0.062,1,220.9,"6.393,7.087,1.753","-3.412,-2.664,-0.053","-70.500,63.750,-5.850",0,150.7,9.70,4.33,0.8694,12.96,0.353,674,38873,3044,6,1.42,37.496513,126.958054,807,31,41,1,-52,-53.0,2813,85,2813
14:32:43,78.701,324838,324826,0,0,-1,0,367,1,37.496513,126.958054,0.069,0.0,0.036,1,220.9,"5.885,7.427,1.705","1.695,-1.504,1.595","-69.900,61.200,-8.550",0,150.7,9.63,2.77,0.8604,12.96,0.353,674,38886,3045,6,1.42,37.496514,126.958052,808,31,41,1,-51,-52.6,2814,90,2814
