pc_time,type,node_id,seq,gps_valid,lat,lng,speed_mps,heading_deg,node_risk,tx_ms,rx_ms,recv_count,lost_count,rssi,src_mac,source_mode
1784521002.6961071,cane,4125577512,33736,0,37.0,127.0,0.0,0.0,0,3442939,6380923,39132,60141,-33,30:76:F5:E7:51:28,test
1784521002.7980332,cane,4125577512,33737,0,37.0,127.0,0.0,0.0,0,3443041,6381025,39133,60141,-35,30:76:F5:E7:51:28,test
1784521002.9023702,cane,4125577512,33738,0,37.0,127.0,0.0,0.0,0,3443143,6381129,39134,60141,-34,30:76:F5:E7:51:28,test
1784521003.0019188,cane,4125577512,33739,0,37.0,127.0,0.0,0.0,0,3443245,6381229,39135,60141,-34,30:76:F5:E7:51:28,test
1784521003.1043303,cane,4125577512,33740,0,37.0,127.0,0.0,0.0,0,3443347,6381331,39136,60141,-34,30:76:F5:E7:51:28,test
1784521003.2059174,cane,4125577512,33741,0,37.0,127.0,0.0,0.0,0,3443449,6381433,39137,60141,-33,30:76:F5:E7:51:28,test
1784521003.3081157,cane,4125577512,33742,0,37.0,127.0,0.0,0.0,0,3443551,6381535,39138,60141,-33,30:76:F5:E7:51:28,test
1784521003.4100492,cane,4125577512,33743,0,37.0,127.0,0.0,0.0,0,3443653,6381637,39139,60141,-34,30:76:F5:E7:51:28,test
1784521003.5124323,cane,4125577512,33744,0,37.0,127.0,0.0,0.0,0,3443755,6381739,39140,60141,-37,30:76:F5:E7:51:28,test
1784521003.6141465,cane,4125577512,33745,0,37.0,127.0,0.0,0.0,0,3443857,6381841,39141,60141,-34,30:76:F5:E7:51:28,test
1784521003.716095,cane,4125577512,33746,0,37.0,127.0,0.0,0.0,0,3443959,6381943,39142,60141,-37,30:76:F5:E7:51:28,test
1784521003.8180857,cane,4125577512,33747,0,37.0,127.0,0.0,0.0,0,3444061,6382045,39143,60141,-34,30:76:F5:E7:51:28,test
1784521003.9201071,cane,4125577512,33748,0,37.0,127.0,0.0,0.0,0,3444163,6382147,39144,60141,-33,30:76:F5:E7:51:28,test
1784521004.022254,cane,4125577512,33749,0,37.0,127.0,0.0,0.0,0,3444265,6382249,39145,60141,-33,30:76:F5:E7:51:28,test
1784521004.1240988,cane,4125577512,33750,0,37.0,127.0,0.0,0.0,0,3444367,6382351,39146,60141,-33,30:76:F5:E7:51:28,test
1784521004.225977,cane,4125577512,33751,0,37.0,127.0,0.0,0.0,0,3444469,6382453,39147,60141,-37,30:76:F5:E7:51:28,test
1784521004.328036,cane,4125577512,33752,0,37.0,127.0,0.0,0.0,0,3444571,6382555,39148,60141,-33,30:76:F5:E7:51:28,test
1784521004.4299927,cane,4125577512,33753,0,37.0,127.0,0.0,0.0,0,3444673,6382657,39149,60141,-33,30:76:F5:E7:51:28,test
1784521004.532262,cane,4125577512,33754,0,37.0,127.0,0.0,0.0,0,3444775,6382759,39150,60141,-34,30:76:F5:E7:51:28,test
1784521004.6341255,cane,4125577512,33755,0,37.0,127.0,0.0,0.0,0,3444877,6382861,39151,60141,-33,30:76:F5:E7:51:28,test
1784521004.739512,cane,4125577512,33756,0,37.0,127.0,0.0,0.0,0,3444979,6382966,39152,60141,-33,30:76:F5:E7:51:28,test
1784521004.837989,cane,4125577512,33757,0,37.0,127.0,0.0,0.0,0,3445081,6383065,39153,60141,-33,30:76:F5:E7:51:28,test
1784521004.9405296,cane,4125577512,33758,0,37.0,127.0,0.0,0.0,0,3445183,6383167,39154,60141,-33,30:76:F5:E7:51:28,test
1784521005.0445101,cane,4125577512,33759,0,37.0,127.0,0.0,0.0,0,3445285,6383271,39155,60141,-34,30:76:F5:E7:51:28,test
1784521005.1439917,cane,4125577512,33760,0,37.0,127.0,0.0,0.0,0,3445387,6383371,39156,60141,-33,30:76:F5:E7:51:28,test
1784521005.2459648,cane,4125577512,33761,0,37.0,127.0,0.0,0.0,0,3445489,6383473,39157,60141,-33,30:76:F5:E7:51:28,test
1784521005.348082,cane,4125577512,33762,0,37.0,127.0,0.0,0.0,0,3445591,6383575,39158,60141,-33,30:76:F5:E7:51:28,test
1784521005.4503703,cane,4125577512,33763,0,37.0,127.0,0.0,0.0,0,3445693,6383677,39159,60141,-33,30:76:F5:E7:51:28,test
1784521766.0494375,cane,4125577512,5620,0,37.0,127.0,0.0,0.0,0,575041,7144273,46590,90103,-35,30:76:F5:E7:51:28,test
1784521766.1520805,cane,4125577512,5621,0,37.0,127.0,0.0,0.0,0,575143,7144375,46591,90103,-37,30:76:F5:E7:51:28,test
1784521766.2532964,cane,4125577512,5622,0,37.0,127.0,0.0,0.0,0,575245,7144477,46592,90103,-36,30:76:F5:E7:51:28,test
1784521766.3553455,cane,4125577512,5623,0,37.0,127.0,0.0,0.0,0,575347,7144579,46593,90103,-36,30:76:F5:E7:51:28,test
1784521766.4572349,cane,4125577512,5624,0,37.0,127.0,0.0,0.0,0,575449,7144681,46594,90103,-36,30:76:F5:E7:51:28,test
1784521766.5591948,cane,4125577512,5625,0,37.0,127.0,0.0,0.0,0,575551,7144783,46595,90103,-36,30:76:F5:E7:51:28,test
1784521766.6612005,cane,4125577512,5626,0,37.0,127.0,0.0,0.0,0,575653,7144885,46596,90103,-36,30:76:F5:E7:51:28,test
1784521766.7631516,cane,4125577512,5627,0,37.0,127.0,0.0,0.0,0,575755,7144987,46597,90103,-37,30:76:F5:E7:51:28,test
1784521766.8654816,cane,4125577512,5628,0,37.0,127.0,0.0,0.0,0,575857,7145089,46598,90103,-36,30:76:F5:E7:51:28,test
1784521766.9673362,cane,4125577512,5629,0,37.0,127.0,0.0,0.0,0,575959,7145191,46599,90103,-39,30:76:F5:E7:51:28,test
1784521767.0694299,cane,4125577512,5630,0,37.0,127.0,0.0,0.0,0,576061,7145293,46600,90103,-36,30:76:F5:E7:51:28,test
1784521767.171366,cane,4125577512,5631,0,37.0,127.0,0.0,0.0,0,576163,7145395,46601,90103,-36,30:76:F5:E7:51:28,test
1784521889.776578,cane,4125577512,6833,0,37.0,127.0,0.0,0.0,0,698767,7267999,47801,90105,-37,30:76:F5:E7:51:28,test
1784521889.8774357,cane,4125577512,6834,0,37.0,127.0,0.0,0.0,0,698869,7268100,47802,90105,-38,30:76:F5:E7:51:28,test
1784521889.9794211,cane,4125577512,6835,0,37.0,127.0,0.0,0.0,0,698971,7268202,47803,90105,-42,30:76:F5:E7:51:28,test
1784521890.081426,cane,4125577512,6836,0,37.0,127.0,0.0,0.0,0,699073,7268304,47804,90105,-42,30:76:F5:E7:51:28,test
1784521890.183549,cane,4125577512,6837,0,37.0,127.0,0.0,0.0,0,699175,7268406,47805,90105,-42,30:76:F5:E7:51:28,test
1784521890.2853992,cane,4125577512,6838,0,37.0,127.0,0.0,0.0,0,699277,7268508,47806,90105,-38,30:76:F5:E7:51:28,test
1784521890.390053,cane,4125577512,6839,0,37.0,127.0,0.0,0.0,0,699379,7268613,47807,90105,-39,30:76:F5:E7:51:28,test
1784521890.489581,cane,4125577512,6840,0,37.0,127.0,0.0,0.0,0,699481,7268712,47808,90105,-38,30:76:F5:E7:51:28,test
1784521890.5916245,cane,4125577512,6841,0,37.0,127.0,0.0,0.0,0,699583,7268814,47809,90105,-40,30:76:F5:E7:51:28,test
1784521890.6952307,cane,4125577512,6842,0,37.0,127.0,0.0,0.0,0,699685,7268918,47810,90105,-41,30:76:F5:E7:51:28,test
1784521890.7961547,cane,4125577512,6843,0,37.0,127.0,0.0,0.0,0,699787,7269019,47811,90105,-41,30:76:F5:E7:51:28,test
1784521890.8973758,cane,4125577512,6844,0,37.0,127.0,0.0,0.0,0,699889,7269120,47812,90105,-41,30:76:F5:E7:51:28,test
1784521890.9993773,cane,4125577512,6845,0,37.0,127.0,0.0,0.0,0,699991,7269222,47813,90105,-42,30:76:F5:E7:51:28,test
1784521891.1014051,cane,4125577512,6846,0,37.0,127.0,0.0,0.0,0,700093,7269324,47814,90105,-41,30:76:F5:E7:51:28,test
1784521891.2035599,cane,4125577512,6847,0,37.0,127.0,0.0,0.0,0,700195,7269426,47815,90105,-38,30:76:F5:E7:51:28,test
1784521891.3054295,cane,4125577512,6848,0,37.0,127.0,0.0,0.0,0,700297,7269528,47816,90105,-41,30:76:F5:E7:51:28,test
1784521891.407639,cane,4125577512,6849,0,37.0,127.0,0.0,0.0,0,700399,7269631,47817,90105,-42,30:76:F5:E7:51:28,test
1784521891.5102937,cane,4125577512,6850,0,37.0,127.0,0.0,0.0,0,700501,7269733,47818,90105,-39,30:76:F5:E7:51:28,test
1784521891.6125374,cane,4125577512,6851,0,37.0,127.0,0.0,0.0,0,700603,7269835,47819,90105,-39,30:76:F5:E7:51:28,test
1784521891.7148373,cane,4125577512,6852,0,37.0,127.0,0.0,0.0,0,700705,7269938,47820,90105,-38,30:76:F5:E7:51:28,test
1784521891.8172593,cane,4125577512,6853,0,37.0,127.0,0.0,0.0,0,700807,7270040,47821,90105,-40,30:76:F5:E7:51:28,test
1784521891.9196017,cane,4125577512,6854,0,37.0,127.0,0.0,0.0,0,700909,7270143,47822,90105,-39,30:76:F5:E7:51:28,test
1784521892.0193624,cane,4125577512,6855,0,37.0,127.0,0.0,0.0,0,701011,7270242,47823,90105,-44,30:76:F5:E7:51:28,test
1784521892.1213949,cane,4125577512,6856,0,37.0,127.0,0.0,0.0,0,701113,7270344,47824,90105,-45,30:76:F5:E7:51:28,test
1784521892.2235005,cane,4125577512,6857,0,37.0,127.0,0.0,0.0,0,701215,7270446,47825,90105,-43,30:76:F5:E7:51:28,test
1784521892.32548,cane,4125577512,6858,0,37.0,127.0,0.0,0.0,0,701317,7270548,47826,90105,-41,30:76:F5:E7:51:28,test
1784521892.4273875,cane,4125577512,6859,0,37.0,127.0,0.0,0.0,0,701419,7270650,47827,90105,-44,30:76:F5:E7:51:28,test
1784521892.5302794,cane,4125577512,6860,0,37.0,127.0,0.0,0.0,0,701521,7270753,47828,90105,-44,30:76:F5:E7:51:28,test
1784521892.631385,cane,4125577512,6861,0,37.0,127.0,0.0,0.0,0,701623,7270854,47829,90105,-44,30:76:F5:E7:51:28,test
1784521892.7333555,cane,4125577512,6862,0,37.0,127.0,0.0,0.0,0,701725,7270956,47830,90105,-43,30:76:F5:E7:51:28,test
1784521892.8419776,cane,4125577512,6863,0,37.0,127.0,0.0,0.0,0,701827,7271065,47831,90105,-43,30:76:F5:E7:51:28,test
1784521892.937389,cane,4125577512,6864,0,37.0,127.0,0.0,0.0,0,701929,7271160,47832,90105,-43,30:76:F5:E7:51:28,test
1784521893.0393384,cane,4125577512,6865,0,37.0,127.0,0.0,0.0,0,702031,7271262,47833,90105,-43,30:76:F5:E7:51:28,test
1784521893.1413922,cane,4125577512,6866,0,37.0,127.0,0.0,0.0,0,702133,7271364,47834,90105,-43,30:76:F5:E7:51:28,test
1784521893.243423,cane,4125577512,6867,0,37.0,127.0,0.0,0.0,0,702235,7271466,47835,90105,-43,30:76:F5:E7:51:28,test
1784521893.3454251,cane,4125577512,6868,0,37.0,127.0,0.0,0.0,0,702337,7271568,47836,90105,-43,30:76:F5:E7:51:28,test
1784521893.4482203,cane,4125577512,6869,0,37.0,127.0,0.0,0.0,0,702439,7271671,47837,90105,-43,30:76:F5:E7:51:28,test
1784521893.549353,cane,4125577512,6870,0,37.0,127.0,0.0,0.0,0,702541,7271772,47838,90105,-43,30:76:F5:E7:51:28,test
1784521893.6514115,cane,4125577512,6871,0,37.0,127.0,0.0,0.0,0,702643,7271874,47839,90105,-44,30:76:F5:E7:51:28,test
1784521893.7533479,cane,4125577512,6872,0,37.0,127.0,0.0,0.0,0,702745,7271976,47840,90105,-45,30:76:F5:E7:51:28,test
1784521893.8555396,cane,4125577512,6873,0,37.0,127.0,0.0,0.0,0,702847,7272078,47841,90105,-44,30:76:F5:E7:51:28,test
1784521893.9573424,cane,4125577512,6874,0,37.0,127.0,0.0,0.0,0,702949,7272180,47842,90105,-44,30:76:F5:E7:51:28,test
1784521894.0593383,cane,4125577512,6875,0,37.0,127.0,0.0,0.0,0,703051,7272282,47843,90105,-44,30:76:F5:E7:51:28,test
1784521894.161662,cane,4125577512,6876,0,37.0,127.0,0.0,0.0,0,703153,7272385,47844,90105,-44,30:76:F5:E7:51:28,test
1784521908.7471666,cane,4125577512,7019,0,37.0,127.0,0.0,0.0,0,717739,7286970,47987,90105,-39,30:76:F5:E7:51:28,test
1784521908.849489,cane,4125577512,7020,0,37.0,127.0,0.0,0.0,0,717841,7287072,47988,90105,-43,30:76:F5:E7:51:28,test
1784521908.9513552,cane,4125577512,7021,0,37.0,127.0,0.0,0.0,0,717943,7287174,47989,90105,-39,30:76:F5:E7:51:28,test
1784521909.0533514,cane,4125577512,7022,0,37.0,127.0,0.0,0.0,0,718045,7287276,47990,90105,-39,30:76:F5:E7:51:28,test
1784521909.1553955,cane,4125577512,7023,0,37.0,127.0,0.0,0.0,0,718147,7287378,47991,90105,-39,30:76:F5:E7:51:28,test
1784521909.2573447,cane,4125577512,7024,0,37.0,127.0,0.0,0.0,0,718249,7287480,47992,90105,-39,30:76:F5:E7:51:28,test
1784521909.3593504,cane,4125577512,7025,0,37.0,127.0,0.0,0.0,0,718351,7287582,47993,90105,-41,30:76:F5:E7:51:28,test
1784521909.4616032,cane,4125577512,7026,0,37.0,127.0,0.0,0.0,0,718453,7287684,47994,90105,-40,30:76:F5:E7:51:28,test
1784521909.5635374,cane,4125577512,7027,0,37.0,127.0,0.0,0.0,0,718555,7287786,47995,90105,-42,30:76:F5:E7:51:28,test
1784521909.665474,cane,4125577512,7028,0,37.0,127.0,0.0,0.0,0,718657,7287888,47996,90105,-43,30:76:F5:E7:51:28,test
1784521909.7674263,cane,4125577512,7029,0,37.0,127.0,0.0,0.0,0,718759,7287990,47997,90105,-43,30:76:F5:E7:51:28,test
1784521909.8694544,cane,4125577512,7030,0,37.0,127.0,0.0,0.0,0,718861,7288092,47998,90105,-43,30:76:F5:E7:51:28,test
1784521909.9714346,cane,4125577512,7031,0,37.0,127.0,0.0,0.0,0,718963,7288194,47999,90105,-42,30:76:F5:E7:51:28,test
1784521910.0734563,cane,4125577512,7032,0,37.0,127.0,0.0,0.0,0,719065,7288296,48000,90105,-38,30:76:F5:E7:51:28,test
1784521910.1755621,cane,4125577512,7033,0,37.0,127.0,0.0,0.0,0,719167,7288398,48001,90105,-38,30:76:F5:E7:51:28,test
1784521910.2774696,cane,4125577512,7034,0,37.0,127.0,0.0,0.0,0,719269,7288500,48002,90105,-38,30:76:F5:E7:51:28,test
1784521910.3793986,cane,4125577512,7035,0,37.0,127.0,0.0,0.0,0,719371,7288602,48003,90105,-41,30:76:F5:E7:51:28,test
1784521910.4816988,cane,4125577512,7036,0,37.0,127.0,0.0,0.0,0,719473,7288705,48004,90105,-41,30:76:F5:E7:51:28,test
1784521910.58402,cane,4125577512,7037,0,37.0,127.0,0.0,0.0,0,719575,7288806,48005,90105,-37,30:76:F5:E7:51:28,test
1784521910.685538,cane,4125577512,7038,0,37.0,127.0,0.0,0.0,0,719677,7288908,48006,90105,-36,30:76:F5:E7:51:28,test
1784521910.7874706,cane,4125577512,7039,0,37.0,127.0,0.0,0.0,0,719779,7289010,48007,90105,-35,30:76:F5:E7:51:28,test
1784521910.889795,cane,4125577512,7040,0,37.0,127.0,0.0,0.0,0,719881,7289113,48008,90105,-36,30:76:F5:E7:51:28,test
1784521910.9913855,cane,4125577512,7041,0,37.0,127.0,0.0,0.0,0,719983,7289214,48009,90105,-36,30:76:F5:E7:51:28,test
1784521911.0934207,cane,4125577512,7042,0,37.0,127.0,0.0,0.0,0,720085,7289316,48010,90105,-37,30:76:F5:E7:51:28,test
1784521911.195534,cane,4125577512,7043,0,37.0,127.0,0.0,0.0,0,720187,7289418,48011,90105,-38,30:76:F5:E7:51:28,test
1784521911.2974153,cane,4125577512,7044,0,37.0,127.0,0.0,0.0,0,720289,7289520,48012,90105,-41,30:76:F5:E7:51:28,test
1784521911.3994012,cane,4125577512,7045,0,37.0,127.0,0.0,0.0,0,720391,7289622,48013,90105,-38,30:76:F5:E7:51:28,test
1784521911.501388,cane,4125577512,7046,0,37.0,127.0,0.0,0.0,0,720493,7289724,48014,90105,-38,30:76:F5:E7:51:28,test
1784521911.6033893,cane,4125577512,7047,0,37.0,127.0,0.0,0.0,0,720595,7289826,48015,90105,-37,30:76:F5:E7:51:28,test
1784521911.7054186,cane,4125577512,7048,0,37.0,127.0,0.0,0.0,0,720697,7289928,48016,90105,-38,30:76:F5:E7:51:28,test
1784521911.8074293,cane,4125577512,7049,0,37.0,127.0,0.0,0.0,0,720799,7290030,48017,90105,-37,30:76:F5:E7:51:28,test
1784521911.9093835,cane,4125577512,7050,0,37.0,127.0,0.0,0.0,0,720901,7290132,48018,90105,-41,30:76:F5:E7:51:28,test
1784521912.0113876,cane,4125577512,7051,0,37.0,127.0,0.0,0.0,0,721003,7290234,48019,90105,-37,30:76:F5:E7:51:28,test
1784521912.1134348,cane,4125577512,7052,0,37.0,127.0,0.0,0.0,0,721105,7290336,48020,90105,-40,30:76:F5:E7:51:28,test
1784521912.2154357,cane,4125577512,7053,0,37.0,127.0,0.0,0.0,0,721207,7290438,48021,90105,-36,30:76:F5:E7:51:28,test
1784521912.3174636,cane,4125577512,7054,0,37.0,127.0,0.0,0.0,0,721309,7290540,48022,90105,-37,30:76:F5:E7:51:28,test
1784521912.419431,cane,4125577512,7055,0,37.0,127.0,0.0,0.0,0,721411,7290642,48023,90105,-37,30:76:F5:E7:51:28,test
1784521912.521426,cane,4125577512,7056,0,37.0,127.0,0.0,0.0,0,721513,7290744,48024,90105,-36,30:76:F5:E7:51:28,test
1784521912.6234243,cane,4125577512,7057,0,37.0,127.0,0.0,0.0,0,721615,7290846,48025,90105,-37,30:76:F5:E7:51:28,test
1784521912.725427,cane,4125577512,7058,0,37.0,127.0,0.0,0.0,0,721717,7290948,48026,90105,-38,30:76:F5:E7:51:28,test
1784521912.8274503,cane,4125577512,7059,0,37.0,127.0,0.0,0.0,0,721819,7291050,48027,90105,-38,30:76:F5:E7:51:28,test
1784521912.929447,cane,4125577512,7060,0,37.0,127.0,0.0,0.0,0,721921,7291152,48028,90105,-41,30:76:F5:E7:51:28,test
1784521913.0314512,cane,4125577512,7061,0,37.0,127.0,0.0,0.0,0,722023,7291254,48029,90105,-39,30:76:F5:E7:51:28,test
1784521913.1334665,cane,4125577512,7062,0,37.0,127.0,0.0,0.0,0,722125,7291356,48030,90105,-40,30:76:F5:E7:51:28,test
1784521913.2353694,cane,4125577512,7063,0,37.0,127.0,0.0,0.0,0,722227,7291458,48031,90105,-37,30:76:F5:E7:51:28,test
1784521913.3374705,cane,4125577512,7064,0,37.0,127.0,0.0,0.0,0,722329,7291560,48032,90105,-39,30:76:F5:E7:51:28,test
1784521913.4393835,cane,4125577512,7065,0,37.0,127.0,0.0,0.0,0,722431,7291662,48033,90105,-38,30:76:F5:E7:51:28,test
1784527638.167264,cane,4125577512,295,0,37.0,127.0,0.0,0.0,0,31882,33608,296,0,-35,30:76:F5:E7:51:28,fallback
1784527638.265923,cane,4125577512,296,0,37.0,127.0,0.0,0.0,0,31984,33707,297,0,-34,30:76:F5:E7:51:28,fallback
1784527638.3692532,cane,4125577512,297,0,37.0,127.0,0.0,0.0,0,32086,33810,298,0,-34,30:76:F5:E7:51:28,fallback
1784527638.469884,cane,4125577512,298,0,37.0,127.0,0.0,0.0,0,32188,33911,299,0,-34,30:76:F5:E7:51:28,fallback
1784527638.571887,cane,4125577512,299,0,37.0,127.0,0.0,0.0,0,32290,34013,300,0,-34,30:76:F5:E7:51:28,fallback
1784527638.67381,cane,4125577512,300,0,37.0,127.0,0.0,0.0,0,32392,34115,301,0,-37,30:76:F5:E7:51:28,fallback
1784527638.775823,cane,4125577512,301,0,37.0,127.0,0.0,0.0,0,32494,34217,302,0,-34,30:76:F5:E7:51:28,fallback
1784527638.8777952,cane,4125577512,302,0,37.0,127.0,0.0,0.0,0,32596,34319,303,0,-34,30:76:F5:E7:51:28,fallback
1784527638.9799159,cane,4125577512,303,0,37.0,127.0,0.0,0.0,0,32698,34421,304,0,-34,30:76:F5:E7:51:28,fallback
1784527639.0821846,cane,4125577512,304,0,37.0,127.0,0.0,0.0,0,32800,34523,305,0,-34,30:76:F5:E7:51:28,fallback
1784527639.183999,cane,4125577512,305,0,37.0,127.0,0.0,0.0,0,32902,34625,306,0,-34,30:76:F5:E7:51:28,fallback
1784527639.2858505,cane,4125577512,306,0,37.0,127.0,0.0,0.0,0,33004,34727,307,0,-34,30:76:F5:E7:51:28,fallback
1784527639.3906755,cane,4125577512,307,0,37.0,127.0,0.0,0.0,0,33106,34832,308,0,-34,30:76:F5:E7:51:28,fallback
1784527639.4899428,cane,4125577512,308,0,37.0,127.0,0.0,0.0,0,33208,34931,309,0,-38,30:76:F5:E7:51:28,fallback
1784527639.5924277,cane,4125577512,309,0,37.0,127.0,0.0,0.0,0,33310,35033,310,0,-34,30:76:F5:E7:51:28,fallback
1784527639.6938038,cane,4125577512,310,0,37.0,127.0,0.0,0.0,0,33412,35135,311,0,-34,30:76:F5:E7:51:28,fallback
1784527639.7962565,cane,4125577512,311,0,37.0,127.0,0.0,0.0,0,33514,35237,312,0,-34,30:76:F5:E7:51:28,fallback
1784527639.8978314,cane,4125577512,312,0,37.0,127.0,0.0,0.0,0,33616,35339,313,0,-35,30:76:F5:E7:51:28,fallback
1784527639.9997895,cane,4125577512,313,0,37.0,127.0,0.0,0.0,0,33718,35441,314,0,-34,30:76:F5:E7:51:28,fallback
1784527640.1018798,cane,4125577512,314,0,37.0,127.0,0.0,0.0,0,33820,35543,315,0,-33,30:76:F5:E7:51:28,fallback
1784527640.2070878,cane,4125577512,315,0,37.0,127.0,0.0,0.0,0,33922,35648,316,0,-34,30:76:F5:E7:51:28,fallback
1784527640.305793,cane,4125577512,316,0,37.0,127.0,0.0,0.0,0,34024,35747,317,0,-36,30:76:F5:E7:51:28,fallback
1784527640.407832,cane,4125577512,317,0,37.0,127.0,0.0,0.0,0,34126,35849,318,0,-34,30:76:F5:E7:51:28,fallback
1784527640.5097687,cane,4125577512,318,0,37.0,127.0,0.0,0.0,0,34228,35951,319,0,-34,30:76:F5:E7:51:28,fallback
1784527640.6119106,cane,4125577512,319,0,37.0,127.0,0.0,0.0,0,34330,36053,320,0,-34,30:76:F5:E7:51:28,fallback
1784527640.7142792,cane,4125577512,320,0,37.0,127.0,0.0,0.0,0,34432,36155,321,0,-36,30:76:F5:E7:51:28,fallback
1784527640.8169842,cane,4125577512,321,0,37.0,127.0,0.0,0.0,0,34534,36258,322,0,-34,30:76:F5:E7:51:28,fallback
1784527640.9190474,cane,4125577512,322,0,37.0,127.0,0.0,0.0,0,34636,36360,323,0,-34,30:76:F5:E7:51:28,fallback
1784527641.0271275,cane,4125577512,323,0,37.0,127.0,0.0,0.0,0,34738,36468,324,0,-34,30:76:F5:E7:51:28,fallback
1784527641.1239104,cane,4125577512,324,0,37.0,127.0,0.0,0.0,0,34840,36565,325,0,-34,30:76:F5:E7:51:28,fallback
1784527641.2262938,cane,4125577512,325,0,37.0,127.0,0.0,0.0,0,34942,36667,326,0,-34,30:76:F5:E7:51:28,fallback
1784527641.3258452,cane,4125577512,326,0,37.0,127.0,0.0,0.0,0,35044,36767,327,0,-33,30:76:F5:E7:51:28,fallback
1784527641.4278228,cane,4125577512,327,0,37.0,127.0,0.0,0.0,0,35146,36869,328,0,-34,30:76:F5:E7:51:28,fallback
1784527641.5298038,cane,4125577512,328,0,37.0,127.0,0.0,0.0,0,35248,36971,329,0,-34,30:76:F5:E7:51:28,fallback
1784527641.6318095,cane,4125577512,329,0,37.0,127.0,0.0,0.0,0,35350,37073,330,0,-34,30:76:F5:E7:51:28,fallback
1784527641.7345889,cane,4125577512,330,0,37.0,127.0,0.0,0.0,0,35452,37176,331,0,-33,30:76:F5:E7:51:28,fallback
1784527641.8358016,cane,4125577512,331,0,37.0,127.0,0.0,0.0,0,35554,37277,332,0,-34,30:76:F5:E7:51:28,fallback
1784527641.9377928,cane,4125577512,332,0,37.0,127.0,0.0,0.0,0,35656,37379,333,0,-34,30:76:F5:E7:51:28,fallback
1784527642.039775,cane,4125577512,333,0,37.0,127.0,0.0,0.0,0,35758,37481,334,0,-34,30:76:F5:E7:51:28,fallback
1784527642.1427798,cane,4125577512,334,0,37.0,127.0,0.0,0.0,0,35860,37584,335,0,-33,30:76:F5:E7:51:28,fallback
1784527642.24455,cane,4125577512,335,0,37.0,127.0,0.0,0.0,0,35962,37686,336,0,-34,30:76:F5:E7:51:28,fallback
1784527642.3458319,cane,4125577512,336,0,37.0,127.0,0.0,0.0,0,36064,37787,337,0,-34,30:76:F5:E7:51:28,fallback
1784527642.4482925,cane,4125577512,337,0,37.0,127.0,0.0,0.0,0,36166,37889,338,0,-34,30:76:F5:E7:51:28,fallback
1784527642.5497746,cane,4125577512,338,0,37.0,127.0,0.0,0.0,0,36268,37991,339,0,-35,30:76:F5:E7:51:28,fallback
1784527642.6517973,cane,4125577512,339,0,37.0,127.0,0.0,0.0,0,36370,38093,340,0,-34,30:76:F5:E7:51:28,fallback
1784527642.753758,cane,4125577512,340,0,37.0,127.0,0.0,0.0,0,36472,38195,341,0,-37,30:76:F5:E7:51:28,fallback
1784527642.855789,cane,4125577512,341,0,37.0,127.0,0.0,0.0,0,36574,38297,342,0,-34,30:76:F5:E7:51:28,fallback
1784527642.958203,cane,4125577512,342,0,37.0,127.0,0.0,0.0,0,36676,38399,343,0,-35,30:76:F5:E7:51:28,fallback
1784709196.2373765,cane,4125577512,11163,0,37.0,127.0,0.0,0.0,0,1143117,4338632,41824,165948,-14,30:76:F5:E7:51:28,fallback
1784709196.339274,cane,4125577512,11164,0,37.0,127.0,0.0,0.0,0,1143219,4338734,41825,165948,-15,30:76:F5:E7:51:28,fallback
1784709196.441216,cane,4125577512,11165,0,37.0,127.0,0.0,0.0,0,1143321,4338836,41826,165948,-14,30:76:F5:E7:51:28,fallback
1784709196.54314,cane,4125577512,11166,0,37.0,127.0,0.0,0.0,0,1143423,4338938,41827,165948,-15,30:76:F5:E7:51:28,fallback
1784709196.6451082,cane,4125577512,11167,0,37.0,127.0,0.0,0.0,0,1143525,4339040,41828,165948,-14,30:76:F5:E7:51:28,fallback
1784709196.7471778,cane,4125577512,11168,0,37.0,127.0,0.0,0.0,0,1143627,4339142,41829,165948,-14,30:76:F5:E7:51:28,fallback
1784709196.8495033,cane,4125577512,11169,0,37.0,127.0,0.0,0.0,0,1143729,4339245,41830,165948,-14,30:76:F5:E7:51:28,fallback
1784709196.9511783,cane,4125577512,11170,0,37.0,127.0,0.0,0.0,0,1143831,4339346,41831,165948,-14,30:76:F5:E7:51:28,fallback
1784709197.0558686,cane,4125577512,11171,0,37.0,127.0,0.0,0.0,0,1143933,4339451,41832,165948,-15,30:76:F5:E7:51:28,fallback
1784709197.155102,cane,4125577512,11172,0,37.0,127.0,0.0,0.0,0,1144035,4339550,41833,165948,-14,30:76:F5:E7:51:28,fallback
1784709197.2571297,cane,4125577512,11173,0,37.0,127.0,0.0,0.0,0,1144137,4339652,41834,165948,-15,30:76:F5:E7:51:28,fallback
1784709197.359097,cane,4125577512,11174,0,37.0,127.0,0.0,0.0,0,1144239,4339754,41835,165948,-13,30:76:F5:E7:51:28,fallback
1784709197.46108,cane,4125577512,11175,0,37.0,127.0,0.0,0.0,0,1144341,4339856,41836,165948,-15,30:76:F5:E7:51:28,fallback
1784709197.563058,cane,4125577512,11176,0,37.0,127.0,0.0,0.0,0,1144443,4339958,41837,165948,-13,30:76:F5:E7:51:28,fallback
1784709197.665124,cane,4125577512,11177,0,37.0,127.0,0.0,0.0,0,1144545,4340060,41838,165948,-15,30:76:F5:E7:51:28,fallback
1784709197.7690358,cane,4125577512,11178,0,37.0,127.0,0.0,0.0,0,1144647,4340164,41839,165948,-15,30:76:F5:E7:51:28,fallback
1784709197.8693862,cane,4125577512,11179,0,37.0,127.0,0.0,0.0,0,1144749,4340264,41840,165948,-14,30:76:F5:E7:51:28,fallback
1784709197.971179,cane,4125577512,11180,0,37.0,127.0,0.0,0.0,0,1144851,4340366,41841,165948,-13,30:76:F5:E7:51:28,fallback
1784709198.073114,cane,4125577512,11181,0,37.0,127.0,0.0,0.0,0,1144953,4340468,41842,165948,-14,30:76:F5:E7:51:28,fallback
1784709198.1754594,cane,4125577512,11182,0,37.0,127.0,0.0,0.0,0,1145055,4340571,41843,165948,-14,30:76:F5:E7:51:28,fallback
1784709198.2771578,cane,4125577512,11183,0,37.0,127.0,0.0,0.0,0,1145157,4340672,41844,165948,-15,30:76:F5:E7:51:28,fallback
1784709198.379195,cane,4125577512,11184,0,37.0,127.0,0.0,0.0,0,1145259,4340774,41845,165948,-15,30:76:F5:E7:51:28,fallback
1784709198.482763,cane,4125577512,11185,0,37.0,127.0,0.0,0.0,0,1145361,4340878,41846,165948,-16,30:76:F5:E7:51:28,fallback
1784709198.5842917,cane,4125577512,11186,0,37.0,127.0,0.0,0.0,0,1145463,4340980,41847,165948,-15,30:76:F5:E7:51:28,fallback
1784709198.6851418,cane,4125577512,11187,0,37.0,127.0,0.0,0.0,0,1145565,4341080,41848,165948,-15,30:76:F5:E7:51:28,fallback
1784709198.787149,cane,4125577512,11188,0,37.0,127.0,0.0,0.0,0,1145667,4341182,41849,165948,-17,30:76:F5:E7:51:28,fallback
1784709198.8890758,cane,4125577512,11189,0,37.0,127.0,0.0,0.0,0,1145769,4341284,41850,165948,-14,30:76:F5:E7:51:28,fallback
1784709198.9910786,cane,4125577512,11190,0,37.0,127.0,0.0,0.0,0,1145871,4341386,41851,165948,-16,30:76:F5:E7:51:28,fallback
1784709199.0931032,cane,4125577512,11191,0,37.0,127.0,0.0,0.0,0,1145973,4341488,41852,165948,-14,30:76:F5:E7:51:28,fallback
1784709199.1951532,cane,4125577512,11192,0,37.0,127.0,0.0,0.0,0,1146075,4341590,41853,165948,-15,30:76:F5:E7:51:28,fallback
1784709199.2971673,cane,4125577512,11193,0,37.0,127.0,0.0,0.0,0,1146177,4341692,41854,165948,-15,30:76:F5:E7:51:28,fallback
1784709199.400719,cane,4125577512,11194,0,37.0,127.0,0.0,0.0,0,1146279,4341796,41855,165948,-15,30:76:F5:E7:51:28,fallback
1784709199.5011084,cane,4125577512,11195,0,37.0,127.0,0.0,0.0,0,1146381,4341896,41856,165948,-15,30:76:F5:E7:51:28,fallback
1784709199.604386,cane,4125577512,11196,0,37.0,127.0,0.0,0.0,0,1146483,4342000,41857,165948,-15,30:76:F5:E7:51:28,fallback
1784709199.7050867,cane,4125577512,11197,0,37.0,127.0,0.0,0.0,0,1146585,4342100,41858,165948,-15,30:76:F5:E7:51:28,fallback
1784709199.8071349,cane,4125577512,11198,0,37.0,127.0,0.0,0.0,0,1146687,4342202,41859,165948,-16,30:76:F5:E7:51:28,fallback
1784709199.9096968,cane,4125577512,11199,0,37.0,127.0,0.0,0.0,0,1146789,4342305,41860,165948,-15,30:76:F5:E7:51:28,fallback
1784709200.011127,cane,4125577512,11200,0,37.0,127.0,0.0,0.0,0,1146891,4342406,41861,165948,-14,30:76:F5:E7:51:28,fallback
1784709200.11313,cane,4125577512,11201,0,37.0,127.0,0.0,0.0,0,1146993,4342508,41862,165948,-15,30:76:F5:E7:51:28,fallback
1784709200.2168899,cane,4125577512,11202,0,37.0,127.0,0.0,0.0,0,1147095,4342612,41863,165948,-25,30:76:F5:E7:51:28,fallback
1784709200.3171234,cane,4125577512,11203,0,37.0,127.0,0.0,0.0,0,1147197,4342712,41864,165948,-15,30:76:F5:E7:51:28,fallback
1784709200.4194696,cane,4125577512,11204,0,37.0,127.0,0.0,0.0,0,1147299,4342814,41865,165948,-24,30:76:F5:E7:51:28,fallback
1784709200.5211022,cane,4125577512,11205,0,37.0,127.0,0.0,0.0,0,1147401,4342916,41866,165948,-15,30:76:F5:E7:51:28,fallback
1784709200.6230943,cane,4125577512,11206,0,37.0,127.0,0.0,0.0,0,1147503,4343018,41867,165948,-15,30:76:F5:E7:51:28,fallback
1784709200.725166,cane,4125577512,11207,0,37.0,127.0,0.0,0.0,0,1147605,4343120,41868,165948,-16,30:76:F5:E7:51:28,fallback
1784709200.8273244,cane,4125577512,11208,0,37.0,127.0,0.0,0.0,0,1147707,4343223,41869,165948,-15,30:76:F5:E7:51:28,fallback
1784709200.9290643,cane,4125577512,11209,0,37.0,127.0,0.0,0.0,0,1147809,4343324,41870,165948,-15,30:76:F5:E7:51:28,fallback
1784709201.0310738,cane,4125577512,11210,0,37.0,127.0,0.0,0.0,0,1147911,4343426,41871,165948,-17,30:76:F5:E7:51:28,fallback
1784709201.1334047,cane,4125577512,11211,0,37.0,127.0,0.0,0.0,0,1148013,4343528,41872,165948,-15,30:76:F5:E7:51:28,fallback
1784709201.2352512,cane,4125577512,11212,0,37.0,127.0,0.0,0.0,0,1148115,4343630,41873,165948,-15,30:76:F5:E7:51:28,fallback
1784709201.337116,cane,4125577512,11213,0,37.0,127.0,0.0,0.0,0,1148217,4343732,41874,165948,-15,30:76:F5:E7:51:28,fallback
1784709201.4390702,cane,4125577512,11214,0,37.0,127.0,0.0,0.0,0,1148319,4343834,41875,165948,-15,30:76:F5:E7:51:28,fallback
1784709201.5410929,cane,4125577512,11215,0,37.0,127.0,0.0,0.0,0,1148421,4343936,41876,165948,-15,30:76:F5:E7:51:28,fallback
1784709201.6442082,cane,4125577512,11216,0,37.0,127.0,0.0,0.0,0,1148523,4344039,41877,165948,-15,30:76:F5:E7:51:28,fallback
1784709201.7451112,cane,4125577512,11217,0,37.0,127.0,0.0,0.0,0,1148625,4344140,41878,165948,-15,30:76:F5:E7:51:28,fallback
1784709201.8471768,cane,4125577512,11218,0,37.0,127.0,0.0,0.0,0,1148727,4344242,41879,165948,-14,30:76:F5:E7:51:28,fallback
1784709201.9490724,cane,4125577512,11219,0,37.0,127.0,0.0,0.0,0,1148829,4344344,41880,165948,-24,30:76:F5:E7:51:28,fallback
1784709202.0510647,cane,4125577512,11220,0,37.0,127.0,0.0,0.0,0,1148931,4344446,41881,165948,-15,30:76:F5:E7:51:28,fallback
1784709202.1533804,cane,4125577512,11221,0,37.0,127.0,0.0,0.0,0,1149033,4344548,41882,165948,-14,30:76:F5:E7:51:28,fallback
1784709202.255187,cane,4125577512,11222,0,37.0,127.0,0.0,0.0,0,1149135,4344650,41883,165948,-15,30:76:F5:E7:51:28,fallback
1784709202.3570912,cane,4125577512,11223,0,37.0,127.0,0.0,0.0,0,1149237,4344752,41884,165948,-15,30:76:F5:E7:51:28,fallback
1784709202.4590862,cane,4125577512,11224,0,37.0,127.0,0.0,0.0,0,1149339,4344854,41885,165948,-14,30:76:F5:E7:51:28,fallback
1784709202.5610893,cane,4125577512,11225,0,37.0,127.0,0.0,0.0,0,1149441,4344956,41886,165948,-15,30:76:F5:E7:51:28,fallback
1784709202.6630895,cane,4125577512,11226,0,37.0,127.0,0.0,0.0,0,1149543,4345058,41887,165948,-14,30:76:F5:E7:51:28,fallback
1784709202.7651236,cane,4125577512,11227,0,37.0,127.0,0.0,0.0,0,1149645,4345160,41888,165948,-15,30:76:F5:E7:51:28,fallback
1784709202.8670707,cane,4125577512,11228,0,37.0,127.0,0.0,0.0,0,1149747,4345262,41889,165948,-15,30:76:F5:E7:51:28,fallback
1784709202.9690464,cane,4125577512,11229,0,37.0,127.0,0.0,0.0,0,1149849,4345364,41890,165948,-15,30:76:F5:E7:51:28,fallback
1784709203.0710638,cane,4125577512,11230,0,37.0,127.0,0.0,0.0,0,1149951,4345466,41891,165948,-15,30:76:F5:E7:51:28,fallback
1784709203.1732488,cane,4125577512,11231,0,37.0,127.0,0.0,0.0,0,1150053,4345568,41892,165948,-15,30:76:F5:E7:51:28,fallback
1784709203.275116,cane,4125577512,11232,0,37.0,127.0,0.0,0.0,0,1150155,4345670,41893,165948,-15,30:76:F5:E7:51:28,fallback
1784709203.3773384,cane,4125577512,11233,0,37.0,127.0,0.0,0.0,0,1150257,4345773,41894,165948,-15,30:76:F5:E7:51:28,fallback
1784709203.4790432,cane,4125577512,11234,0,37.0,127.0,0.0,0.0,0,1150359,4345874,41895,165948,-14,30:76:F5:E7:51:28,fallback
1784709203.5830514,cane,4125577512,11235,0,37.0,127.0,0.0,0.0,0,1150461,4345978,41896,165948,-15,30:76:F5:E7:51:28,fallback
1784709203.6831434,cane,4125577512,11236,0,37.0,127.0,0.0,0.0,0,1150563,4346078,41897,165948,-15,30:76:F5:E7:51:28,fallback
1784709203.7862096,cane,4125577512,11237,0,37.0,127.0,0.0,0.0,0,1150665,4346181,41898,165948,-15,30:76:F5:E7:51:28,fallback
1784709203.887067,cane,4125577512,11238,0,37.0,127.0,0.0,0.0,0,1150767,4346282,41899,165948,-17,30:76:F5:E7:51:28,fallback
1784709203.98905,cane,4125577512,11239,0,37.0,127.0,0.0,0.0,0,1150869,4346384,41900,165948,-13,30:76:F5:E7:51:28,fallback
1784709204.0910556,cane,4125577512,11240,0,37.0,127.0,0.0,0.0,0,1150971,4346486,41901,165948,-17,30:76:F5:E7:51:28,fallback
1784709204.1930938,cane,4125577512,11241,0,37.0,127.0,0.0,0.0,0,1151073,4346588,41902,165948,-14,30:76:F5:E7:51:28,fallback
1784709204.2951038,cane,4125577512,11242,0,37.0,127.0,0.0,0.0,0,1151175,4346690,41903,165948,-15,30:76:F5:E7:51:28,fallback
1784709204.3970368,cane,4125577512,11243,0,37.0,127.0,0.0,0.0,0,1151277,4346792,41904,165948,-17,30:76:F5:E7:51:28,fallback
1784709204.4990602,cane,4125577512,11244,0,37.0,127.0,0.0,0.0,0,1151379,4346894,41905,165948,-15,30:76:F5:E7:51:28,fallback
1784709204.6010742,cane,4125577512,11245,0,37.0,127.0,0.0,0.0,0,1151481,4346996,41906,165948,-15,30:76:F5:E7:51:28,fallback
1784709204.7030919,cane,4125577512,11246,0,37.0,127.0,0.0,0.0,0,1151583,4347098,41907,165948,-15,30:76:F5:E7:51:28,fallback
1784709204.8077936,cane,4125577512,11247,0,37.0,127.0,0.0,0.0,0,1151685,4347203,41908,165948,-15,30:76:F5:E7:51:28,fallback
1784709204.9071965,cane,4125577512,11248,0,37.0,127.0,0.0,0.0,0,1151787,4347302,41909,165948,-15,30:76:F5:E7:51:28,fallback
1784709205.0095632,cane,4125577512,11249,0,37.0,127.0,0.0,0.0,0,1151889,4347405,41910,165948,-15,30:76:F5:E7:51:28,fallback
1784709205.1112118,cane,4125577512,11250,0,37.0,127.0,0.0,0.0,0,1151991,4347506,41911,165948,-15,30:76:F5:E7:51:28,fallback
1784709205.2135623,cane,4125577512,11251,0,37.0,127.0,0.0,0.0,0,1152093,4347609,41912,165948,-14,30:76:F5:E7:51:28,fallback
1784709205.3159637,cane,4125577512,11252,0,37.0,127.0,0.0,0.0,0,1152195,4347711,41913,165948,-14,30:76:F5:E7:51:28,fallback
1784709205.4186265,cane,4125577512,11253,0,37.0,127.0,0.0,0.0,0,1152297,4347814,41914,165948,-15,30:76:F5:E7:51:28,fallback
1784709205.5214603,cane,4125577512,11254,0,37.0,127.0,0.0,0.0,0,1152399,4347917,41915,165948,-17,30:76:F5:E7:51:28,fallback
1784709205.6233773,cane,4125577512,11255,0,37.0,127.0,0.0,0.0,0,1152501,4348019,41916,165948,-16,30:76:F5:E7:51:28,fallback
1784709205.7274022,cane,4125577512,11256,0,37.0,127.0,0.0,0.0,0,1152603,4348123,41917,165948,-17,30:76:F5:E7:51:28,fallback
1784709205.8279405,cane,4125577512,11257,0,37.0,127.0,0.0,0.0,0,1152705,4348223,41918,165948,-14,30:76:F5:E7:51:28,fallback
1784709205.927463,cane,4125577512,11258,0,37.0,127.0,0.0,0.0,0,1152807,4348322,41919,165948,-15,30:76:F5:E7:51:28,fallback
1784709206.033324,cane,4125577512,11259,0,37.0,127.0,0.0,0.0,0,1152909,4348429,41920,165948,-15,30:76:F5:E7:51:28,fallback
1784709206.1313884,cane,4125577512,11260,0,37.0,127.0,0.0,0.0,0,1153011,4348526,41921,165948,-15,30:76:F5:E7:51:28,fallback
1784709206.2335746,cane,4125577512,11261,0,37.0,127.0,0.0,0.0,0,1153113,4348629,41922,165948,-15,30:76:F5:E7:51:28,fallback
1784709206.3351107,cane,4125577512,11262,0,37.0,127.0,0.0,0.0,0,1153215,4348730,41923,165948,-15,30:76:F5:E7:51:28,fallback
1784709206.4379685,cane,4125577512,11263,0,37.0,127.0,0.0,0.0,0,1153317,4348833,41924,165948,-15,30:76:F5:E7:51:28,fallback
1784709206.5390675,cane,4125577512,11264,0,37.0,127.0,0.0,0.0,0,1153419,4348934,41925,165948,-15,30:76:F5:E7:51:28,fallback
1784709206.6411722,cane,4125577512,11265,0,37.0,127.0,0.0,0.0,0,1153521,4349036,41926,165948,-16,30:76:F5:E7:51:28,fallback
1784709206.7431154,cane,4125577512,11266,0,37.0,127.0,0.0,0.0,0,1153623,4349138,41927,165948,-15,30:76:F5:E7:51:28,fallback
1784709206.845099,cane,4125577512,11267,0,37.0,127.0,0.0,0.0,0,1153725,4349240,41928,165948,-15,30:76:F5:E7:51:28,fallback
1784709206.947083,cane,4125577512,11268,0,37.0,127.0,0.0,0.0,0,1153827,4349342,41929,165948,-15,30:76:F5:E7:51:28,fallback
1784709207.0492582,cane,4125577512,11269,0,37.0,127.0,0.0,0.0,0,1153929,4349444,41930,165948,-16,30:76:F5:E7:51:28,fallback
1784709207.1513717,cane,4125577512,11270,0,37.0,127.0,0.0,0.0,0,1154031,4349546,41931,165948,-15,30:76:F5:E7:51:28,fallback
1784709207.2532845,cane,4125577512,11271,0,37.0,127.0,0.0,0.0,0,1154133,4349648,41932,165948,-15,30:76:F5:E7:51:28,fallback
1784709207.3551826,cane,4125577512,11272,0,37.0,127.0,0.0,0.0,0,1154235,4349750,41933,165948,-15,30:76:F5:E7:51:28,fallback
1784709207.457278,cane,4125577512,11273,0,37.0,127.0,0.0,0.0,0,1154337,4349852,41934,165948,-16,30:76:F5:E7:51:28,fallback
1784709207.562233,cane,4125577512,11274,0,37.0,127.0,0.0,0.0,0,1154439,4349957,41935,165948,-15,30:76:F5:E7:51:28,fallback
1784709207.6640074,cane,4125577512,11275,0,37.0,127.0,0.0,0.0,0,1154541,4350059,41936,165948,-15,30:76:F5:E7:51:28,fallback
1784709207.7631626,cane,4125577512,11276,0,37.0,127.0,0.0,0.0,0,1154643,4350158,41937,165948,-15,30:76:F5:E7:51:28,fallback
1784709207.8686738,cane,4125577512,11277,0,37.0,127.0,0.0,0.0,0,1154745,4350264,41938,165948,-15,30:76:F5:E7:51:28,fallback
1784709207.9716601,cane,4125577512,11278,0,37.0,127.0,0.0,0.0,0,1154847,4350367,41939,165948,-15,30:76:F5:E7:51:28,fallback
1784709208.0705113,cane,4125577512,11279,0,37.0,127.0,0.0,0.0,0,1154949,4350466,41940,165948,-15,30:76:F5:E7:51:28,fallback
1784709208.1710804,cane,4125577512,11280,0,37.0,127.0,0.0,0.0,0,1155051,4350566,41941,165948,-15,30:76:F5:E7:51:28,fallback
1784709208.273196,cane,4125577512,11281,0,37.0,127.0,0.0,0.0,0,1155153,4350668,41942,165948,-15,30:76:F5:E7:51:28,fallback
1784709208.375087,cane,4125577512,11282,0,37.0,127.0,0.0,0.0,0,1155255,4350770,41943,165948,-15,30:76:F5:E7:51:28,fallback
1784709208.4770336,cane,4125577512,11283,0,37.0,127.0,0.0,0.0,0,1155357,4350872,41944,165948,-15,30:76:F5:E7:51:28,fallback
1784709208.579735,cane,4125577512,11284,0,37.0,127.0,0.0,0.0,0,1155459,4350975,41945,165948,-15,30:76:F5:E7:51:28,fallback
1784709208.6810782,cane,4125577512,11285,0,37.0,127.0,0.0,0.0,0,1155561,4351076,41946,165948,-15,30:76:F5:E7:51:28,fallback
1784709208.7833006,cane,4125577512,11286,0,37.0,127.0,0.0,0.0,0,1155663,4351179,41947,165948,-16,30:76:F5:E7:51:28,fallback
1784709208.8850298,cane,4125577512,11287,0,37.0,127.0,0.0,0.0,0,1155765,4351280,41948,165948,-15,30:76:F5:E7:51:28,fallback
1784709208.9870133,cane,4125577512,11288,0,37.0,127.0,0.0,0.0,0,1155867,4351382,41949,165948,-24,30:76:F5:E7:51:28,fallback
1784709209.0905428,cane,4125577512,11289,0,37.0,127.0,0.0,0.0,0,1155969,4351486,41950,165948,-15,30:76:F5:E7:51:28,fallback
1784709209.1910691,cane,4125577512,11290,0,37.0,127.0,0.0,0.0,0,1156071,4351586,41951,165948,-15,30:76:F5:E7:51:28,fallback
1784709209.2930987,cane,4125577512,11291,0,37.0,127.0,0.0,0.0,0,1156173,4351688,41952,165948,-15,30:76:F5:E7:51:28,fallback
1784709209.3950546,cane,4125577512,11292,0,37.0,127.0,0.0,0.0,0,1156275,4351790,41953,165948,-17,30:76:F5:E7:51:28,fallback
1784709209.497064,cane,4125577512,11293,0,37.0,127.0,0.0,0.0,0,1156377,4351892,41954,165948,-16,30:76:F5:E7:51:28,fallback
1784709209.5996559,cane,4125577512,11294,0,37.0,127.0,0.0,0.0,0,1156479,4351995,41955,165948,-15,30:76:F5:E7:51:28,fallback
1784709209.701113,cane,4125577512,11295,0,37.0,127.0,0.0,0.0,0,1156581,4352096,41956,165948,-15,30:76:F5:E7:51:28,fallback
1784709209.8031068,cane,4125577512,11296,0,37.0,127.0,0.0,0.0,0,1156683,4352198,41957,165948,-15,30:76:F5:E7:51:28,fallback
1784709209.9050934,cane,4125577512,11297,0,37.0,127.0,0.0,0.0,0,1156785,4352300,41958,165948,-17,30:76:F5:E7:51:28,fallback
1784709210.0070653,cane,4125577512,11298,0,37.0,127.0,0.0,0.0,0,1156887,4352402,41959,165948,-15,30:76:F5:E7:51:28,fallback
1784709210.109051,cane,4125577512,11299,0,37.0,127.0,0.0,0.0,0,1156989,4352504,41960,165948,-15,30:76:F5:E7:51:28,fallback
1784709210.2110057,cane,4125577512,11300,0,37.0,127.0,0.0,0.0,0,1157091,4352606,41961,165948,-13,30:76:F5:E7:51:28,fallback
1784709210.3130634,cane,4125577512,11301,0,37.0,127.0,0.0,0.0,0,1157193,4352708,41962,165948,-15,30:76:F5:E7:51:28,fallback
1784709210.4150465,cane,4125577512,11302,0,37.0,127.0,0.0,0.0,0,1157295,4352810,41963,165948,-24,30:76:F5:E7:51:28,fallback
1784709210.5170503,cane,4125577512,11303,0,37.0,127.0,0.0,0.0,0,1157397,4352912,41964,165948,-15,30:76:F5:E7:51:28,fallback
1784709210.619038,cane,4125577512,11304,0,37.0,127.0,0.0,0.0,0,1157499,4353014,41965,165948,-15,30:76:F5:E7:51:28,fallback
1784709210.7212038,cane,4125577512,11305,0,37.0,127.0,0.0,0.0,0,1157601,4353116,41966,165948,-14,30:76:F5:E7:51:28,fallback
