시각,경과초,시각ms,IMU시각ms,위험,원시위험,GPS유효,위도,경도,속도,방향,GPS원시속도,GPS원시방향유효,GPS원시방향,가속도,자이로,자력계,충격값,충격피크,마지막충격발생값,마지막충격발생ms,송신,지팡이수신,GPS위성,GPS_HDOP,원시위도,원시경도,GPS채택,GPS이상치거부,GPS품질거부,GPS재기준,계산거리,접근속도,TTC,방향오차,전방여부,위험음성횟수,충격음성횟수,마지막위험음성,RSSI원시,RSSI평활,RSSI샘플,RSSI경과ms,위험송신
19:44:37,0.266,573378,573378,0,0,1,37.496783,126.957958,0.00,13.9,0.000,1,13.4,"-0.34,0.39,9.75","-1.3,0.5,-2.1","-33.600,-29.100,-8.250",0.12,0.12,30.02,532603,5512,0,5,1.60,37.496783,126.957958,735,21,8,4,-1.00,0.00,999.00,0.0,0,0,2,0,-127,-127.0,0,-1,0
19:44:37,0.382,573489,573489,0,0,1,37.496783,126.957958,0.00,13.9,0.000,1,13.4,"-0.43,0.45,9.72","1.2,-4.8,-1.1","-31.200,-29.400,-6.750",0.03,0.10,30.02,532603,5513,0,5,1.60,37.496783,126.957958,735,21,8,4,-1.00,0.00,999.00,0.0,0,0,2,0,-127,-127.0,0,-1,0
19:44:37,0.391,573650,573650,0,0,1,37.496783,126.957958,0.00,13.9,0.000,1,13.4,"-0.38,0.45,9.72","0.5,0.6,0.4","-34.050,-30.450,-5.400",0.05,0.08,30.02,532603,5515,0,5,1.60,37.496783,126.957958,736,21,8,4,-1.00,0.00,999.00,0.0,0,0,2,0,-127,-127.0,0,-1,0
19:44:37,0.497,573672,573672,0,0,1,37.496783,126.957958,0.00,13.9,0.000,1,13.4,"-0.43,0.51,9.76","1.6,-0.9,-0.3","-33.750,-30.000,-7.650",0.10,0.13,30.02,532603,5515,0,5,1.60,37.496783,126.957958,736,21,8,4,-1.00,0.00,999.00,0.0,0,0,2,0,-127,-127.0,0,-1,0
19:44:37,0.666,573806,573806,0,0,1,37.496783,126.957958,0.00,13.9,0.000,1,13.4,"-0.43,0.54,9.73","0.5,-1.4,-0.1","-34.350,-31.050,-6.300",0.10,0.10,30.02,532603,5516,0,5,1.60,37.496783,126.957958,737,21,8,4,-1.00,0.00,999.00,0.0,0,0,2,0,-127,-127.0,0,-1,0
19:44:37,0.747,573895,573895,0,0,1,37.496783,126.957958,0.00,13.9,0.000,1,13.4,"-0.50,0.52,9.71","-0.1,1.4,-0.7","-31.200,-30.300,-6.750",0.12,0.12,30.02,532603,5517,0,5,1.60,37.496783,126.957958,737,21,8,4,-1.00,0.00,999.00,0.0,0,0,2,0,-127,-127.0,0,-1,0
19:44:37,0.751,574028,574028,0,0,1,37.496783,126.957958,0.00,13.9,0.000,1,13.4,"-0.43,0.45,9.64","-0.1,0.3,0.3","-33.300,-29.700,-6.150",0.04,0.12,30.02,532603,5518,0,5,1.60,37.496783,126.957958,737,21,8,4,-1.00,0.00,999.00,0.0,0,0,2,0,-127,-127.0,0,-1,0
19:44:37,0.803,574050,574050,0,0,1,37.496783,126.957958,0.00,13.9,0.000,1,13.4,"-0.33,0.38,9.78","1.1,-1.6,1.4","-33.300,-29.700,-6.450",0.14,0.14,30.02,532603,5519,0,5,1.60,37.496783,126.957958,737,21,8,4,-1.00,0.00,999.00,0.0,0,0,2,0,-127,-127.0,0,-1,0
19:44:37,0.863,574116,574116,0,0,1,37.496783,126.957958,0.00,13.9,0.000,1,13.4,"-0.33,0.46,9.64","1.9,0.3,-1.7","-32.400,-29.100,-5.550",0.10,0.11,30.02,532603,5519,0,5,1.60,37.496783,126.957958,737,21,8,4,-1.00,0.00,999.00,0.0,0,0,2,0,-127,-127.0,0,-1,0
19:44:37,0.866,574138,574138,0,0,1,37.496783,126.957958,0.00,13.9,0.000,1,13.4,"-0.36,0.46,9.60","-1.4,-0.1,-0.9","-33.150,-27.900,-6.300",0.11,0.17,30.02,532603,5519,0,5,1.60,37.496783,126.957958,737,21,8,4,-1.00,0.00,999.00,0.0,0,0,2,0,-127,-127.0,0,-1,0
19:44:37,0.917,574161,574161,0,0,1,37.496783,126.957958,0.00,13.9,0.000,1,13.4,"-0.41,0.43,9.55","0.7,-1.1,-0.2","-33.300,-30.900,-6.450",0.12,0.15,30.02,532603,5520,0,5,1.60,37.496783,126.957958,737,21,8,4,-1.00,0.00,999.00,0.0,0,0,2,0,-127,-127.0,0,-1,0
19:44:37,0.920,574205,574205,0,0,1,37.496783,126.957958,0.00,13.9,0.000,1,13.4,"-0.31,0.56,9.71","-0.6,1.9,-2.6","-33.300,-31.200,-6.450",0.16,0.16,30.02,532603,5520,0,5,1.60,37.496783,126.957958,737,21,8,4,-1.00,0.00,999.00,0.0,0,0,2,0,-127,-127.0,0,-1,0
19:44:37,1.025,574227,574227,0,0,1,37.496783,126.957958,0.00,13.9,0.000,1,13.4,"-0.34,0.41,9.67","0.0,0.4,-1.6","-31.950,-29.850,-5.250",0.08,0.14,30.02,532603,5520,0,5,1.60,37.496783,126.957958,737,21,8,4,-1.00,0.00,999.00,0.0,0,0,2,0,-127,-127.0,0,-1,0
19:44:37,1.036,574249,574249,0,0,1,37.496783,126.957958,0.00,13.9,0.000,1,13.4,"-0.36,0.51,9.54","-0.3,-0.1,-1.9","-33.000,-30.000,-6.450",0.16,0.16,30.02,532603,5521,0,5,1.60,37.496783,126.957958,737,21,8,4,-1.00,0.00,999.00,0.0,0,0,2,0,-127,-127.0,0,-1,0
19:44:37,1.036,574272,574272,0,0,1,37.496783,126.957958,0.00,13.9,0.000,1,13.4,"-0.44,0.56,9.63","1.3,-0.3,-0.4","-31.950,-29.400,-7.050",0.13,0.13,30.02,532603,5521,0,5,1.60,37.496783,126.957958,737,21,8,4,-1.00,0.00,999.00,0.0,0,0,2,0,-127,-127.0,0,-1,0
19:44:37,1.088,574294,574294,0,0,1,37.496783,126.957958,0.00,13.9,0.000,1,13.4,"-0.36,0.47,9.69","0.4,2.7,-0.2","-33.300,-28.800,-4.950",0.06,0.19,30.02,532603,5521,0,5,1.60,37.496783,126.957958,737,21,8,4,-1.00,0.00,999.00,0.0,0,0,2,0,-127,-127.0,0,-1,0
19:44:38,1.146,574316,574316,0,0,1,37.496783,126.957958,0.00,13.9,0.000,1,13.4,"-0.48,0.37,9.66","1.8,-1.3,1.8","-32.850,-30.300,-6.300",0.10,0.14,30.02,532603,5521,0,5,1.60,37.496783,126.957958,737,21,8,4,-1.00,0.00,999.00,0.0,0,0,2,0,-127,-127.0,0,-1,0
19:44:38,1.149,574360,574360,0,0,1,37.496783,126.957958,0.00,13.9,0.000,1,13.4,"-0.37,0.39,9.69","2.6,-3.0,0.9","-32.250,-29.700,-4.650",0.06,0.10,30.02,532603,5522,0,5,1.60,37.496783,126.957958,737,21,8,4,-1.00,0.00,999.00,0.0,0,0,2,0,-127,-127.0,0,-1,0
19:44:38,1.200,574382,574382,0,0,1,37.496783,126.957958,0.00,13.9,0.000,1,13.4,"-0.51,0.44,9.67","-1.5,0.4,-4.1","-34.650,-31.050,-6.300",0.10,0.16,30.02,532603,5522,0,5,1.60,37.496783,126.957958,737,21,8,4,-1.00,0.00,999.00,0.0,0,0,2,0,-127,-127.0,0,-1,0
19:44:38,1.306,574426,574426,0,0,1,37.496783,126.957958,0.00,13.9,0.000,1,13.4,"-0.47,0.45,9.57","0.1,1.9,-0.8","-33.150,-29.850,-7.050",0.12,0.17,30.02,532603,5522,0,5,1.60,37.496783,126.957958,737,21,8,4,-1.00,0.00,999.00,0.0,0,0,2,0,-127,-127.0,0,-1,0
19:44:38,1.314,574515,574515,0,0,1,37.496783,126.957958,0.00,13.9,0.000,1,13.4,"-0.40,0.46,9.73","-0.8,-1.4,-2.4","-34.950,-30.900,-6.450",0.07,0.18,30.02,532603,5523,0,5,1.60,37.496783,126.957958,737,21,8,4,-1.00,0.00,999.00,0.0,0,0,2,0,-127,-127.0,0,-1,0
19:44:38,1.418,574537,574537,0,0,1,37.496783,126.957958,0.00,13.9,0.000,1,13.4,"-0.28,0.50,9.69","-0.3,-0.5,0.8","-33.600,-30.600,-7.050",0.14,0.14,30.02,532603,5523,0,5,1.60,37.496783,126.957958,737,21,8,4,-1.00,0.00,999.00,0.0,0,0,2,0,-127,-127.0,0,-1,0
19:44:38,1.426,574631,574619,0,0,1,37.496783,126.957958,0.00,13.9,0.000,1,13.4,"-0.42,0.48,9.72","-0.3,-1.2,5.0","-31.200,-28.650,-6.000",0.06,0.16,30.02,532603,5524,0,5,1.60,37.496783,126.957958,738,21,8,4,-1.00,0.00,999.00,0.0,0,0,2,0,-127,-127.0,0,-1,0
19:44:38,1.427,574653,574653,0,0,1,37.496783,126.957958,0.00,13.9,0.000,1,13.4,"-0.48,0.39,9.68","-0.7,1.2,-2.1","-31.800,-28.500,-5.700",0.08,0.15,30.02,532603,5524,0,5,1.60,37.496783,126.957958,738,21,8,4,-1.00,0.00,999.00,0.0,0,0,2,0,-127,-127.0,0,-1,0
19:44:38,1.531,574698,574698,0,0,1,37.496783,126.957958,0.00,13.9,0.000,1,13.4,"-0.42,0.39,9.71","1.3,-0.9,-0.9","-32.400,-28.650,-6.000",0.06,0.11,30.02,532603,5525,0,5,1.60,37.496783,126.957958,738,21,8,4,-1.00,0.00,999.00,0.0,0,0,2,0,-127,-127.0,0,-1,0
19:44:38,1.537,574720,574720,0,0,1,37.496783,126.957958,0.00,13.9,0.000,1,13.4,"-0.34,0.38,9.62","-1.0,-1.5,2.4","-32.400,-29.400,-7.050",0.11,0.12,30.02,532603,5525,0,5,1.60,37.496783,126.957958,738,21,8,4,-1.00,0.00,999.00,0.0,0,0,2,0,-127,-127.0,0,-1,0
19:44:38,1.640,574742,574742,0,0,1,37.496783,126.957958,0.00,13.9,0.000,1,13.4,"-0.43,0.47,9.64","0.4,1.1,-0.5","-31.800,-30.900,-7.200",0.04,0.16,30.02,532603,5525,0,5,1.60,37.496783,126.957958,739,21,8,4,-1.00,0.00,999.00,0.0,0,0,2,0,-127,-127.0,0,-1,0
19:44:38,1.700,574831,574831,0,0,1,37.496783,126.957958,0.00,13.9,0.000,1,13.4,"-0.44,0.37,9.66","-0.6,-1.3,-2.0","-32.400,-31.050,-6.300",0.08,0.15,30.02,532603,5526,0,5,1.60,37.496783,126.957958,739,21,8,4,-1.00,0.00,999.00,0.0,0,0,2,0,-127,-127.0,0,-1,0
19:44:38,1.907,574919,574919,0,0,1,37.496783,126.957958,0.00,13.9,0.000,1,13.4,"-0.32,0.43,9.57","1.2,-1.0,-0.7","-34.500,-31.200,-6.450",0.14,0.14,30.02,532603,5527,0,5,1.60,37.496783,126.957958,739,21,8,4,-1.00,0.00,999.00,0.0,0,0,2,0,-127,-127.0,0,-1,0
19:44:38,1.926,575163,575163,0,0,1,37.496783,126.957958,0.00,13.9,0.000,1,13.4,"-0.34,0.51,9.58","-1.0,-1.0,-2.5","-33.600,-29.100,-6.300",0.14,0.16,30.02,532603,5529,0,5,1.60,37.496783,126.957958,739,21,8,4,-1.00,0.00,999.00,0.0,0,0,2,0,-127,-127.0,0,-1,0
19:44:38,1.981,575229,575229,0,0,1,37.496783,126.957958,0.00,13.9,0.000,1,13.4,"-0.42,0.34,9.69","1.4,0.6,-1.3","-31.800,-29.700,-6.150",0.10,0.13,30.02,532603,5530,0,5,1.60,37.496783,126.957958,739,21,8,4,-1.00,0.00,999.00,0.0,0,0,2,0,-127,-127.0,0,-1,0
19:44:38,1.984,575251,575251,0,0,1,37.496783,126.957958,0.00,13.9,0.000,1,13.4,"-0.44,0.45,9.58","-1.0,-0.3,-3.4","-34.650,-30.300,-6.750",0.10,0.16,30.02,532603,5530,0,5,1.60,37.496783,126.957958,739,21,8,4,-1.00,0.00,999.00,0.0,0,0,2,0,-127,-127.0,0,-1,0
19:44:38,2.035,575273,575273,0,0,1,37.496783,126.957958,0.00,13.9,0.000,1,13.4,"-0.36,0.31,9.62","0.9,-2.0,2.4","-33.750,-28.500,-7.950",0.15,0.15,30.02,532603,5530,0,5,1.60,37.496783,126.957958,739,21,8,4,-1.00,0.00,999.00,0.0,0,0,2,0,-127,-127.0,0,-1,0
19:44:39,2.252,575340,575340,0,0,1,37.496783,126.957958,0.00,13.9,0.000,1,13.4,"-0.34,0.43,9.79","0.0,0.2,-1.4","-33.900,-29.400,-4.500",0.13,0.13,30.02,532603,5531,0,5,1.60,37.496783,126.957958,739,21,8,4,-1.00,0.00,999.00,0.0,0,0,2,0,-127,-127.0,0,-1,0
19:44:39,2.269,575451,575451,0,0,1,37.496783,126.957958,0.00,13.9,0.000,1,13.4,"-0.33,0.57,9.70","0.9,-3.6,0.7","-33.300,-29.700,-5.700",0.16,0.22,30.02,532603,5532,0,5,1.60,37.496783,126.957958,739,21,8,4,-1.00,0.00,999.00,0.0,0,0,2,0,-127,-127.0,0,-1,0
19:44:39,2.269,575473,575473,0,0,1,37.496783,126.957958,0.00,13.9,0.000,1,13.4,"-0.45,0.46,9.67","1.2,1.6,-3.6","-31.800,-30.900,-4.200",0.05,0.11,30.02,532603,5532,0,5,1.60,37.496783,126.957958,739,21,8,4,-1.00,0.00,999.00,0.0,0,0,2,0,-127,-127.0,0,-1,0
19:44:39,2.372,575495,575495,0,0,1,37.496783,126.957958,0.00,13.9,0.000,1,13.4,"-0.48,0.42,9.66","-2.6,-0.2,-0.7","-33.600,-28.650,-6.000",0.07,0.14,30.02,532603,5533,0,5,1.60,37.496783,126.957958,739,21,8,4,-1.00,0.00,999.00,0.0,0,0,2,0,-127,-127.0,0,-1,0
19:44:39,2.432,575606,575606,0,0,1,37.496783,126.957958,0.00,13.9,0.000,1,13.4,"-0.44,0.54,9.78","-0.8,1.9,-0.4","-32.550,-30.450,-6.450",0.14,0.14,30.02,532603,5534,0,5,1.60,37.496783,126.957958,740,21,8,4,-1.00,0.00,999.00,0.0,0,0,2,0,-127,-127.0,0,-1,0
19:44:39,2.538,575700,575700,0,0,1,37.496783,126.957958,0.00,13.9,0.000,1,13.4,"-0.43,0.46,9.70","-3.7,-0.7,-1.4","-33.000,-30.450,-6.900",0.04,0.08,30.02,532603,5535,0,5,1.60,37.496783,126.957958,740,21,8,4,-1.00,0.00,999.00,0.0,0,0,2,0,-127,-127.0,0,-1,0
19:44:39,2.546,575766,575766,0,0,1,37.496783,126.957958,0.00,13.9,0.000,1,13.4,"-0.55,0.50,9.65","-0.4,0.3,-0.4","-33.150,-29.400,-6.300",0.14,0.14,30.02,532603,5535,0,5,1.60,37.496783,126.957958,740,21,8,4,-1.00,0.00,999.00,0.0,0,0,2,0,-127,-127.0,0,-1,0
19:44:39,2.597,575788,575788,0,0,1,37.496783,126.957958,0.00,13.9,0.000,1,13.4,"-0.44,0.38,9.69","-0.7,1.9,-4.1","-31.950,-31.050,-6.000",0.06,0.12,30.02,532603,5535,0,5,1.60,37.496783,126.957958,740,21,8,4,-1.00,0.00,999.00,0.0,0,0,2,0,-127,-127.0,0,-1,0
19:44:39,2.652,575855,575855,0,0,1,37.496783,126.957958,0.00,13.9,0.000,1,13.4,"-0.38,0.40,9.70","2.9,0.2,-2.0","-31.650,-30.600,-6.300",0.07,0.10,30.02,532603,5536,0,5,1.60,37.496783,126.957958,740,21,8,4,-1.00,0.00,999.00,0.0,0,0,2,0,-127,-127.0,0,-1,0
19:44:39,2.656,575900,575899,0,0,1,37.496783,126.957958,0.00,13.9,0.000,1,13.4,"-0.43,0.37,9.80","1.9,-2.7,-1.2","-32.250,-28.500,-5.400",0.15,0.16,30.02,532603,5537,0,5,1.60,37.496783,126.957958,740,21,8,4,-1.00,0.00,999.00,0.0,0,0,2,0,-127,-127.0,0,-1,0
19:44:39,2.715,575944,575944,0,0,1,37.496783,126.957958,0.00,13.9,0.000,1,13.4,"-0.34,0.47,9.64","-0.6,1.7,-1.0","-34.350,-28.350,-6.000",0.08,0.14,30.02,532603,5537,0,5,1.60,37.496783,126.957958,740,21,8,4,-1.00,0.00,999.00,0.0,0,0,2,0,-127,-127.0,0,-1,0
19:44:39,2.718,575988,575988,0,0,1,37.496783,126.957958,0.00,13.9,0.000,1,13.4,"-0.32,0.56,9.62","2.4,-2.2,-3.5","-33.000,-30.450,-6.150",0.16,0.16,30.02,532603,5537,0,5,1.60,37.496783,126.957958,741,21,8,4,-1.00,0.00,999.00,0.0,0,0,2,0,-127,-127.0,0,-1,0
19:44:39,2.822,576010,576010,0,0,1,37.496783,126.957958,0.00,13.9,0.000,1,13.4,"-0.52,0.50,9.62","-1.2,-0.0,-1.0","-33.150,-29.400,-5.550",0.13,0.13,30.02,532603,5538,0,5,1.60,37.496783,126.957958,741,21,8,4,-1.00,0.00,999.00,0.0,0,0,2,0,-127,-127.0,0,-1,0
19:44:39,2.831,576098,576098,0,0,1,37.496783,126.957958,0.00,13.9,0.000,1,13.4,"-0.47,0.40,9.55","0.8,-0.6,1.0","-33.600,-30.300,-5.550",0.14,0.14,30.02,532603,5538,0,5,1.60,37.496783,126.957958,741,21,8,4,-1.00,0.00,999.00,0.0,0,0,2,0,-127,-127.0,0,-1,0
19:44:39,2.883,576143,576143,0,0,1,37.496783,126.957958,0.00,13.9,0.000,1,13.4,"-0.39,0.50,9.67","1.8,1.6,0.1","-33.000,-30.900,-5.700",0.06,0.14,30.02,532603,5539,0,5,1.60,37.496783,126.957958,741,21,8,4,-1.00,0.00,999.00,0.0,0,0,2,0,-127,-127.0,0,-1,0
19:44:39,2.937,576187,576187,0,0,1,37.496783,126.957958,0.00,13.9,0.000,1,13.4,"-0.36,0.54,9.69","-2.5,-0.3,-2.7","-31.650,-29.100,-6.750",0.11,0.11,30.02,532603,5539,0,5,1.60,37.496783,126.957958,741,21,8,4,-1.00,0.00,999.00,0.0,0,0,2,0,-127,-127.0,0,-1,0
19:44:39,3.050,576209,576209,0,0,1,37.496783,126.957958,0.00,13.9,0.000,1,13.4,"-0.35,0.49,9.84","2.1,-1.5,3.6","-32.400,-30.600,-6.000",0.17,0.17,30.02,532603,5540,0,5,1.60,37.496783,126.957958,741,21,8,4,-1.00,0.00,999.00,0.0,0,0,2,0,-127,-127.0,0,-1,0
19:44:39,3.060,576276,576276,0,0,1,37.496783,126.957958,0.00,13.9,0.000,1,13.4,"-0.46,0.48,9.70","-0.1,-0.7,-3.1","-33.600,-28.350,-6.000",0.07,0.16,30.02,532603,5540,0,5,1.60,37.496783,126.957958,741,21,8,4,-1.00,0.00,999.00,0.0,0,0,2,0,-127,-127.0,0,-1,0
19:44:39,3.113,576298,576298,0,0,1,37.496783,126.957958,0.00,13.9,0.000,1,13.4,"-0.39,0.39,9.66","-1.9,1.7,-2.1","-33.600,-31.500,-5.550",0.06,0.07,30.02,532603,5540,0,5,1.60,37.496783,126.957958,741,21,8,4,-1.00,0.00,999.00,0.0,0,0,2,0,-127,-127.0,0,-1,0
19:44:40,3.167,576320,576320,0,0,1,37.496783,126.957958,0.00,13.9,0.000,1,13.4,"-0.43,0.45,9.66","1.6,-0.9,-1.0","-32.550,-30.450,-6.150",0.02,0.12,30.02,532603,5541,0,5,1.60,37.496783,126.957958,741,21,8,4,-1.00,0.00,999.00,0.0,0,0,2,0,-127,-127.0,0,-1,0
19:44:40,3.274,576431,576431,0,0,1,37.496783,126.957958,0.00,13.9,0.000,1,13.4,"-0.57,0.46,9.63","-1.4,2.5,-1.6","-31.200,-30.300,-7.050",0.16,0.16,30.02,532603,5542,0,5,1.60,37.496783,126.957958,741,21,8,4,-1.00,0.00,999.00,0.0,0,0,2,0,-127,-127.0,0,-1,0
19:44:40,3.282,576497,576497,0,0,1,37.496783,126.957958,0.00,13.9,0.000,1,13.4,"-0.40,0.41,9.69","1.5,1.6,0.2","-31.800,-29.250,-6.150",0.04,0.07,30.02,532603,5542,0,5,1.60,37.496783,126.957958,741,21,8,4,-1.00,0.00,999.00,0.0,0,0,2,0,-127,-127.0,0,-1,0
19:44:40,3.283,576520,576519,0,0,1,37.496783,126.957958,0.00,13.9,0.000,1,13.4,"-0.39,0.45,9.61","1.3,-2.9,0.1","-33.300,-31.650,-5.700",0.08,0.15,30.02,532603,5543,0,5,1.60,37.496783,126.957958,741,21,8,4,-1.00,0.00,999.00,0.0,0,0,2,0,-127,-127.0,0,-1,0
19:44:40,3.283,576564,576564,0,0,1,37.496783,126.957958,0.00,13.9,0.000,1,13.4,"-0.36,0.52,9.74","-0.4,1.9,1.7","-34.050,-29.250,-5.400",0.10,0.15,30.02,532603,5543,0,5,1.60,37.496783,126.957958,741,21,8,4,-1.00,0.00,999.00,0.0,0,0,2,0,-127,-127.0,0,-1,0
19:44:40,3.335,576586,576586,0,0,1,37.496783,126.957958,0.00,13.9,0.000,1,13.4,"-0.38,0.42,9.64","-0.7,-1.5,-1.4","-32.850,-30.600,-5.250",0.06,0.11,30.02,532603,5543,0,5,1.60,37.496783,126.957958,741,21,8,4,-1.00,0.00,999.00,0.0,0,0,2,0,-127,-127.0,0,-1,0
19:44:40,3.440,576608,576608,0,0,1,37.496783,126.957958,0.00,13.9,0.000,1,13.4,"-0.39,0.57,9.60","-0.0,-2.2,2.2","-33.300,-31.200,-4.650",0.14,0.14,30.02,532603,5543,0,5,1.60,37.496783,126.957958,742,21,8,4,-1.00,0.00,999.00,0.0,0,0,2,0,-127,-127.0,0,-1,0
19:44:40,3.501,576747,576747,0,0,1,37.496783,126.957958,0.00,13.9,0.000,1,13.4,"-0.49,0.37,9.64","1.5,-2.9,-0.5","-31.950,-31.500,-4.800",0.12,0.12,30.02,532603,5545,0,5,1.60,37.496783,126.957958,743,21,8,4,-1.00,0.00,999.00,0.0,0,0,2,0,-127,-127.0,0,-1,0
19:44:40,3.504,576791,576791,0,0,1,37.496783,126.957958,0.00,13.9,0.000,1,13.4,"-0.37,0.44,9.72","1.4,-2.1,-0.2","-32.550,-31.200,-6.900",0.05,0.13,30.02,532603,5545,0,5,1.60,37.496783,126.957958,743,21,8,4,-1.00,0.00,999.00,0.0,0,0,2,0,-127,-127.0,0,-1,0
19:44:40,3.616,576813,576813,0,0,1,37.496783,126.957958,0.00,13.9,0.000,1,13.4,"-0.45,0.30,9.65","2.4,2.1,0.1","-33.600,-29.850,-6.750",0.16,0.16,30.02,532603,5545,0,5,1.60,37.496783,126.957958,743,21,8,4,-1.00,0.00,999.00,0.0,0,0,2,0,-127,-127.0,0,-1,0
19:44:40,3.625,576902,576902,0,0,1,37.496783,126.957958,0.00,13.9,0.000,1,13.4,"-0.39,0.38,9.70","1.3,-1.1,-3.1","-32.550,-29.700,-5.700",0.07,0.11,30.02,532603,5546,0,5,1.60,37.496783,126.957958,743,21,8,4,-1.00,0.00,999.00,0.0,0,0,2,0,-127,-127.0,0,-1,0
19:44:40,3.886,576924,576924,0,0,1,37.496783,126.957958,0.00,13.9,0.000,1,13.4,"-0.43,0.45,9.68","-0.7,1.3,-3.6","-35.700,-28.500,-5.700",0.02,0.12,30.02,532603,5546,0,5,1.60,37.496783,126.957958,743,21,8,4,-1.00,0.00,999.00,0.0,0,0,2,0,-127,-127.0,0,-1,0
19:44:40,3.906,577101,577101,0,0,1,37.496783,126.957958,0.00,13.9,0.000,1,13.4,"-0.36,0.53,9.75","0.3,1.9,-1.0","-33.000,-30.900,-4.950",0.11,0.24,30.02,532603,5548,0,5,1.60,37.496783,126.957958,743,21,8,4,-1.00,0.00,999.00,0.0,0,0,2,0,-127,-127.0,0,-1,0
19:44:40,3.964,577145,577145,0,0,1,37.496783,126.957958,0.00,13.9,0.000,1,13.4,"-0.40,0.35,9.69","1.3,-2.5,2.1","-32.550,-31.650,-6.900",0.11,0.14,30.02,532603,5548,0,5,1.60,37.496783,126.957958,743,21,8,4,-1.00,0.00,999.00,0.0,0,0,2,0,-127,-127.0,0,-1,0
19:44:40,4.019,577212,577212,0,0,1,37.496783,126.957958,0.00,13.9,0.000,1,13.4,"-0.38,0.35,9.70","1.0,-0.5,-1.7","-31.650,-30.600,-6.300",0.10,0.15,30.02,532603,5549,0,5,1.60,37.496783,126.957958,743,21,8,4,-1.00,0.00,999.00,0.0,0,0,2,0,-127,-127.0,0,-1,0
19:44:40,4.081,577256,577256,0,0,1,37.496783,126.957958,0.00,13.9,0.000,1,13.4,"-0.43,0.38,9.74","-1.1,-0.5,-2.3","-34.950,-30.450,-4.950",0.10,0.10,30.02,532603,5550,0,5,1.60,37.496783,126.957958,743,21,8,4,-1.00,0.00,999.00,0.0,0,0,2,0,-127,-127.0,0,-1,0
19:44:40,4.084,577301,577301,0,0,1,37.496783,126.957958,0.00,13.9,0.000,1,13.4,"-0.52,0.56,9.65","3.7,2.2,-0.6","-32.400,-31.500,-6.750",0.16,0.16,30.02,532603,5550,0,5,1.60,37.496783,126.957958,743,21,8,4,-1.00,0.00,999.00,0.0,0,0,2,0,-127,-127.0,0,-1,0
19:44:40,4.084,577345,577345,0,0,1,37.496783,126.957958,0.00,13.9,0.000,1,13.4,"-0.46,0.49,9.60","0.5,-0.0,-1.5","-32.550,-29.700,-5.700",0.11,0.19,30.02,532603,5550,0,5,1.60,37.496783,126.957958,743,21,8,4,-1.00,0.00,999.00,0.0,0,0,2,0,-127,-127.0,0,-1,0
19:44:41,4.395,577367,577367,0,0,1,37.496783,126.957958,0.00,13.9,0.000,1,13.4,"-0.47,0.56,9.68","3.4,1.6,1.8","-33.300,-30.450,-7.200",0.11,0.12,30.02,532603,5551,0,5,1.60,37.496783,126.957958,743,21,8,4,-1.00,0.00,999.00,0.0,0,0,2,0,-127,-127.0,0,-1,0
19:44:41,4.438,577638,577626,0,0,1,37.496783,126.957958,0.00,13.9,0.000,1,13.4,"-0.49,0.47,9.76","0.8,-1.1,0.0","-33.150,-29.400,-6.300",0.10,0.10,30.02,532603,5553,0,5,1.60,37.496783,126.957958,744,21,8,4,-1.00,0.00,999.00,0.0,0,0,2,0,-127,-127.0,0,-1,0
19:44:41,4.497,577660,577660,0,0,1,37.496783,126.957958,0.00,13.9,0.000,1,13.4,"-0.49,0.46,9.63","2.2,1.4,-1.9","-31.950,-27.900,-5.550",0.09,0.17,30.02,532603,5553,0,5,1.60,37.496783,126.957958,744,21,8,4,-1.00,0.00,999.00,0.0,0,0,2,0,-127,-127.0,0,-1,0
19:44:41,4.500,577705,577705,0,0,1,37.496783,126.957958,0.00,13.9,0.000,1,13.4,"-0.34,0.48,9.74","0.7,-2.4,1.8","-34.350,-29.400,-6.000",0.09,0.14,30.02,532603,5554,0,5,1.60,37.496783,126.957958,744,21,8,4,-1.00,0.00,999.00,0.0,0,0,2,0,-127,-127.0,0,-1,0
19:44:41,4.500,577727,577727,0,0,1,37.496783,126.957958,0.00,13.9,0.000,1,13.4,"-0.38,0.54,9.68","2.2,-2.4,-0.1","-34.500,-29.250,-6.450",0.09,0.13,30.02,532603,5554,0,5,1.60,37.496783,126.957958,744,21,8,4,-1.00,0.00,999.00,0.0,0,0,2,0,-127,-127.0,0,-1,0
19:44:41,4.500,577749,577749,0,0,1,37.496783,126.957958,0.00,13.9,0.000,1,13.4,"-0.39,0.40,9.70","1.6,0.2,1.2","-32.850,-29.400,-6.300",0.06,0.10,30.02,532603,5554,0,5,1.60,37.496783,126.957958,745,21,8,4,-1.00,0.00,999.00,0.0,0,0,2,0,-127,-127.0,0,-1,0
19:44:41,4.500,577771,577771,0,0,1,37.496783,126.957958,0.00,13.9,0.000,1,13.4,"-0.42,0.48,9.62","-1.0,-2.5,2.6","-34.950,-29.250,-4.650",0.07,0.16,30.02,532603,5555,0,5,1.60,37.496783,126.957958,745,21,8,4,-1.00,0.00,999.00,0.0,0,0,2,0,-127,-127.0,0,-1,0
19:44:41,4.655,577794,577794,0,0,1,37.496783,126.957958,0.00,13.9,0.000,1,13.4,"-0.34,0.45,9.65","-0.2,2.5,-1.9","-32.850,-30.300,-7.500",0.09,0.14,30.02,532603,5555,0,5,1.60,37.496783,126.957958,745,21,8,4,-1.00,0.00,999.00,0.0,0,0,2,0,-127,-127.0,0,-1,0
19:44:41,4.674,577926,577926,0,0,1,37.496783,126.957958,0.00,13.9,0.000,1,13.4,"-0.40,0.50,9.68","3.2,0.6,1.5","-31.800,-30.450,-6.900",0.06,0.14,30.02,532603,5556,0,5,1.60,37.496783,126.957958,745,21,8,4,-1.00,0.00,999.00,0.0,0,0,2,0,-127,-127.0,0,-1,0
19:44:41,4.782,577948,577948,0,0,1,37.496783,126.957958,0.00,13.9,0.000,1,13.4,"-0.39,0.61,9.74","3.9,-0.0,0.0","-31.500,-30.000,-4.950",0.17,0.17,30.02,532603,5556,0,5,1.60,37.496783,126.957958,745,21,8,4,-1.00,0.00,999.00,0.0,0,0,2,0,-127,-127.0,0,-1,0
19:44:41,4.899,577993,577993,0,0,1,37.496783,126.957958,0.00,13.9,0.000,1,13.4,"-0.31,0.39,9.71","1.1,-0.7,-1.4","-32.850,-28.350,-6.300",0.12,0.15,30.02,532603,5557,0,5,1.60,37.496783,126.957958,745,21,8,4,-1.00,0.00,999.00,0.0,0,0,2,0,-127,-127.0,0,-1,0
19:44:41,4.907,578126,578126,0,0,1,37.496783,126.957958,0.00,13.9,0.000,1,13.4,"-0.38,0.45,9.56","-0.7,2.0,1.4","-32.850,-29.400,-7.050",0.13,0.17,30.02,532603,5558,0,5,1.60,37.496783,126.957958,745,21,8,4,-1.00,0.00,999.00,0.0,0,0,2,0,-127,-127.0,0,-1,0
19:44:41,4.908,578170,578170,0,0,1,37.496783,126.957958,0.00,13.9,0.000,1,13.4,"-0.44,0.33,9.59","0.5,-0.8,-3.8","-34.650,-30.300,-6.300",0.14,0.16,30.02,532603,5558,0,5,1.60,37.496783,126.957958,745,21,8,4,-1.00,0.00,999.00,0.0,0,0,2,0,-127,-127.0,0,-1,0
19:44:41,4.964,578192,578192,0,0,1,37.496783,126.957958,0.00,13.9,0.000,1,13.4,"-0.50,0.38,9.73","3.2,-1.7,1.5","-32.850,-29.850,-6.300",0.11,0.11,30.02,532603,5559,0,5,1.60,37.496783,126.957958,745,21,8,4,-1.00,0.00,999.00,0.0,0,0,2,0,-127,-127.0,0,-1,0
19:44:41,4.967,578236,578236,0,0,1,37.496783,126.957958,0.00,13.9,0.000,1,13.4,"-0.44,0.40,9.66","-0.4,-1.7,0.0","-33.000,-31.650,-6.450",0.05,0.06,30.02,532603,5559,0,5,1.60,37.496783,126.957958,745,21,8,4,-1.00,0.00,999.00,0.0,0,0,2,0,-127,-127.0,0,-1,0
19:44:41,5.019,578258,578258,0,0,1,37.496783,126.957958,0.00,13.9,0.000,1,13.4,"-0.50,0.55,9.71","1.1,0.4,0.9","-33.300,-29.250,-5.400",0.14,0.14,30.02,532603,5559,0,5,1.60,37.496783,126.957958,745,21,8,4,-1.00,0.00,999.00,0.0,0,0,2,0,-127,-127.0,0,-1,0
19:44:41,5.024,578303,578303,0,0,1,37.496783,126.957958,0.00,13.9,0.000,1,13.4,"-0.59,0.43,9.68","3.6,0.9,-1.8","-33.900,-29.400,-5.550",0.16,0.16,30.02,532603,5560,0,5,1.60,37.496783,126.957958,745,21,8,4,-1.00,0.00,999.00,0.0,0,0,2,0,-127,-127.0,0,-1,0
19:44:41,5.081,578325,578325,0,0,1,37.496783,126.957958,0.00,13.9,0.000,1,13.4,"-0.45,0.43,9.66","0.3,0.2,-0.4","-32.250,-30.450,-6.150",0.04,0.12,30.02,532603,5560,0,5,1.60,37.496783,126.957958,745,21,8,4,-1.00,0.00,999.00,0.0,0,0,2,0,-127,-127.0,0,-1,0
19:44:41,5.086,578347,578347,0,0,1,37.496783,126.957958,0.00,13.9,0.000,1,13.4,"-0.46,0.41,9.76","-2.3,4.9,0.7","-33.000,-30.450,-4.650",0.10,0.13,30.02,532603,5560,0,5,1.60,37.496783,126.957958,745,21,8,4,-1.00,0.00,999.00,0.0,0,0,2,0,-127,-127.0,0,-1,0
19:44:42,5.138,578391,578391,0,0,1,37.496783,126.957958,0.00,13.9,0.000,1,13.4,"-0.33,0.43,9.67","-0.6,-1.1,-3.5","-34.050,-29.250,-6.150",0.09,0.18,30.02,532603,5561,0,5,1.60,37.496783,126.957958,745,21,8,4,-1.00,0.00,999.00,0.0,0,0,2,0,-127,-127.0,0,-1,0
19:44:42,5.142,578414,578414,0,0,1,37.496783,126.957958,0.00,13.9,0.000,1,13.4,"-0.43,0.36,9.68","1.4,-0.1,0.9","-31.950,-29.400,-5.250",0.08,0.11,30.02,532603,5561,0,5,1.60,37.496783,126.957958,745,21,8,4,-1.00,0.00,999.00,0.0,0,0,2,0,-127,-127.0,0,-1,0
19:44:42,5.197,578436,578436,0,0,1,37.496783,126.957958,0.00,13.9,0.000,1,13.4,"-0.34,0.44,9.70","0.3,0.0,-0.3","-32.250,-30.450,-6.450",0.08,0.14,30.02,532603,5561,0,5,1.60,37.496783,126.957958,745,21,8,4,-1.00,0.00,999.00,0.0,0,0,2,0,-127,-127.0,0,-1,0
19:44:42,5.303,578480,578480,0,0,1,37.496783,126.957958,0.00,13.9,0.000,1,13.4,"-0.46,0.57,9.74","1.8,0.5,-0.2","-34.650,-31.050,-4.800",0.14,0.21,30.02,532603,5561,0,5,1.60,37.496783,126.957958,745,21,8,4,-1.00,0.00,999.00,0.0,0,0,2,0,-127,-127.0,0,-1,0
19:44:42,5.313,578546,578546,0,0,1,37.496783,126.957958,0.00,13.9,0.000,1,13.4,"-0.37,0.41,9.64","0.2,-0.3,-3.5","-34.050,-30.450,-6.150",0.08,0.09,30.02,532603,5562,0,5,1.60,37.496783,126.957958,745,21,8,4,-1.00,0.00,999.00,0.0,0,0,2,0,-127,-127.0,0,-1,0
19:44:42,5.416,578568,578568,0,0,1,37.496783,126.957958,0.00,13.9,0.000,1,13.4,"-0.48,0.47,9.68","-3.2,0.3,-1.9","-33.900,-31.050,-5.700",0.07,0.12,30.02,532603,5562,0,5,1.60,37.496783,126.957958,745,21,8,4,-1.00,0.00,999.00,0.0,0,0,2,0,-127,-127.0,0,-1,0
19:44:42,5.531,578613,578613,0,0,1,37.496783,126.957958,0.00,13.9,0.000,1,13.4,"-0.39,0.31,9.69","0.5,-2.0,0.2","-33.150,-30.300,-6.000",0.13,0.13,30.02,532603,5563,0,5,1.60,37.496783,126.957958,746,21,8,4,-1.00,0.00,999.00,0.0,0,0,2,0,-127,-127.0,0,-1,0
19:44:42,5.743,578729,578729,0,0,1,37.496783,126.957958,0.00,13.9,0.000,1,13.4,"-0.38,0.41,9.69","1.9,0.5,0.0","-31.950,-30.300,-6.750",0.04,0.20,30.02,532603,5564,0,5,1.60,37.496783,126.957958,746,21,8,4,-1.00,0.00,999.00,0.0,0,0,2,0,-127,-127.0,0,-1,0
19:44:42,5.770,578951,578951,0,0,1,37.496783,126.957958,0.00,13.9,0.000,1,13.4,"-0.37,0.36,9.67","-1.0,-0.3,-2.5","-32.850,-29.100,-6.000",0.09,0.17,30.02,532603,5566,0,5,1.60,37.496783,126.957958,747,21,8,4,-1.00,0.00,999.00,0.0,0,0,2,0,-127,-127.0,0,-1,0
19:44:42,5.882,578973,578973,0,0,1,37.496783,126.957958,0.00,13.9,0.000,1,13.4,"-0.43,0.45,9.53","0.9,0.9,0.5","-33.150,-31.050,-7.050",0.14,0.16,30.02,532603,5566,0,5,1.60,37.496783,126.957958,747,21,8,4,-1.00,0.00,999.00,0.0,0,0,2,0,-127,-127.0,0,-1,0
19:44:42,5.947,579172,579172,0,0,1,37.496783,126.957958,0.00,13.9,0.000,1,13.4,"-0.44,0.43,9.58","0.1,1.9,-1.6","-31.200,-31.500,-6.300",0.09,0.17,30.02,532603,5568,0,5,1.60,37.496783,126.957958,747,21,8,4,-1.00,0.00,999.00,0.0,0,0,2,0,-127,-127.0,0,-1,0
19:44:42,5.950,579216,579216,0,0,1,37.496783,126.957958,0.00,13.9,0.000,1,13.4,"-0.43,0.52,9.63","-0.6,-2.4,-3.0","-33.000,-30.450,-6.150",0.09,0.18,30.02,532603,5569,0,5,1.60,37.496783,126.957958,747,21,8,4,-1.00,0.00,999.00,0.0,0,0,2,0,-127,-127.0,0,-1,0
19:44:42,5.951,579239,579239,0,0,1,37.496783,126.957958,0.00,13.9,0.000,1,13.4,"-0.45,0.42,9.73","1.4,0.8,-2.5","-32.400,-29.850,-6.000",0.07,0.11,30.02,532603,5569,0,5,1.60,37.496783,126.957958,747,21,8,4,-1.00,0.00,999.00,0.0,0,0,2,0,-127,-127.0,0,-1,0
19:44:42,6.002,579261,579261,0,0,1,37.496783,126.957958,0.00,13.9,0.000,1,13.4,"-0.58,0.39,9.81","-2.5,0.2,-2.9","-32.400,-29.400,-7.050",0.21,0.21,30.02,532603,5569,0,5,1.60,37.496783,126.957958,747,21,8,4,-1.00,0.00,999.00,0.0,0,0,2,0,-127,-127.0,0,-1,0
19:44:42,6.007,579283,579283,0,0,1,37.496783,126.957958,0.00,13.9,0.000,1,13.4,"-0.41,0.48,9.73","1.5,1.9,0.0","-33.300,-30.000,-6.150",0.08,0.13,30.02,532603,5569,0,5,1.60,37.496783,126.957958,747,21,8,4,-1.00,0.00,999.00,0.0,0,0,2,0,-127,-127.0,0,-1,0
19:44:42,6.115,579327,579327,0,0,1,37.496783,126.957958,0.00,13.9,0.000,1,13.4,"-0.27,0.50,9.75","0.7,-0.5,2.6","-33.750,-31.200,-5.700",0.18,0.18,30.02,532603,5570,0,5,1.60,37.496783,126.957958,747,21,8,4,-1.00,0.00,999.00,0.0,0,0,2,0,-127,-127.0,0,-1,0
19:44:42,6.124,579415,579415,0,0,1,37.496783,126.957958,0.00,13.9,0.000,1,13.4,"-0.48,0.37,9.55","1.6,-1.4,-1.2","-34.050,-30.900,-6.150",0.15,0.16,30.02,532603,5570,0,5,1.60,37.496783,126.957958,747,21,8,4,-1.00,0.00,999.00,0.0,0,0,2,0,-127,-127.0,0,-1,0
19:44:43,6.232,579438,579438,0,0,1,37.496783,126.957958,0.00,13.9,0.000,1,13.4,"-0.42,0.41,9.62","-1.6,1.7,-0.3","-33.150,-30.300,-7.050",0.07,0.17,30.02,532603,5571,0,5,1.60,37.496783,126.957958,747,21,8,4,-1.00,0.00,999.00,0.0,0,0,2,0,-127,-127.0,0,-1,0
19:44:43,6.350,579482,579482,0,0,1,37.496783,126.957958,0.00,13.9,0.000,1,13.4,"-0.35,0.39,9.78","1.1,0.1,-1.0","-34.500,-30.000,-5.400",0.13,0.14,30.02,532603,5571,0,5,1.60,37.496783,126.957958,747,21,8,4,-1.00,0.00,999.00,0.0,0,0,2,0,-127,-127.0,0,-1,0
19:44:43,6.358,579527,579526,0,0,1,37.496783,126.957958,0.00,13.9,0.000,1,13.4,"-0.32,0.50,9.70","1.2,-0.6,0.4","-32.850,-30.300,-4.800",0.13,0.15,30.02,532603,5572,0,5,1.60,37.496783,126.957958,747,21,8,4,-1.00,0.00,999.00,0.0,0,0,2,0,-127,-127.0,0,-1,0
19:44:43,6.359,579549,579549,0,0,1,37.496783,126.957958,0.00,13.9,0.000,1,13.4,"-0.44,0.38,9.72","2.0,-0.4,-0.3","-32.850,-29.100,-5.550",0.07,0.11,30.02,532603,5572,0,5,1.60,37.496783,126.957958,747,21,8,4,-1.00,0.00,999.00,0.0,0,0,2,0,-127,-127.0,0,-1,0
19:44:43,6.620,579571,579571,0,0,1,37.496783,126.957958,0.00,13.9,0.000,1,13.4,"-0.39,0.37,9.61","1.3,1.2,3.4","-34.950,-30.000,-5.400",0.09,0.11,30.02,532603,5572,0,5,1.60,37.496783,126.957958,747,21,8,4,-1.00,0.00,999.00,0.0,0,0,2,0,-127,-127.0,0,-1,0
19:44:43,6.697,579908,579908,0,0,1,37.496783,126.957958,0.00,13.9,0.000,1,13.4,"-0.97,-0.04,8.60","7.0,0.4,-3.4","-32.250,-30.450,-4.950",1.40,1.80,30.02,532603,5575,0,5,1.60,37.496783,126.957958,749,21,8,4,-1.00,0.00,999.00,0.0,0,0,2,0,-127,-127.0,0,-1,0
19:44:43,6.751,579997,579997,0,0,1,37.496783,126.957958,0.00,13.9,0.000,1,13.4,"0.54,-0.24,10.41","8.6,5.3,-3.3","-32.250,-30.900,-5.700",1.33,1.38,30.02,532603,5576,0,5,1.60,37.496783,126.957958,749,21,8,4,-1.00,0.00,999.00,0.0,0,0,2,0,-127,-127.0,0,-1,0
19:44:43,7.010,580063,580063,0,0,1,37.496783,126.957958,0.00,13.9,0.000,1,13.4,"1.59,-0.56,8.75","0.2,-2.6,-4.2","-31.500,-30.900,-4.950",2.29,2.29,30.02,532603,5577,0,5,1.60,37.496783,126.957958,749,21,8,4,-1.00,0.00,999.00,0.0,0,0,2,0,-127,-127.0,0,-1,0
19:44:43,7.037,580285,580285,0,0,1,37.496783,126.957958,0.00,13.9,0.000,1,13.4,"1.54,-0.57,7.17","19.7,29.9,-4.5","-31.950,-33.450,-6.300",2.96,5.83,30.02,532603,5579,0,5,1.60,37.496783,126.957958,749,21,8,4,-1.00,0.00,999.00,0.0,0,0,2,0,-127,-127.0,0,-1,0
19:44:43,7.097,580329,580329,0,0,1,37.496783,126.957958,0.00,13.9,0.000,1,13.4,"0.72,1.21,7.52","-23.3,9.8,-6.9","-33.600,-31.500,-5.250",2.14,3.68,30.02,532603,5579,0,5,1.60,37.496783,126.957958,749,21,8,4,-1.00,0.00,999.00,0.0,0,0,2,0,-127,-127.0,0,-1,0
19:44:43,7.103,580351,580351,0,0,1,37.496783,126.957958,0.00,13.9,0.000,1,13.4,"0.97,-3.72,6.96","-8.7,18.8,-4.1","-32.250,-30.900,-6.150",5.22,5.22,30.02,532603,5579,0,5,1.60,37.496783,126.957958,749,21,8,4,-1.00,0.00,999.00,0.0,0,0,2,0,-127,-127.0,0,-1,0
19:44:44,7.154,580373,580373,0,0,1,37.496783,126.957958,0.00,13.9,0.000,1,13.4,"0.08,3.34,10.06","1.8,-1.7,-3.4","-31.800,-30.450,-5.700",2.66,3.75,30.02,532603,5580,0,5,1.60,37.496783,126.957958,749,21,8,4,-1.00,0.00,999.00,0.0,0,0,2,0,-127,-127.0,0,-1,0
19:44:44,7.265,580461,580461,0,0,1,37.496783,126.957958,0.00,13.9,0.000,1,13.4,"1.94,-3.46,2.35","10.2,2.0,-1.3","-32.250,-30.000,-4.950",8.66,8.66,30.02,532603,5580,0,5,1.60,37.496783,126.957958,749,21,8,4,-1.00,0.00,999.00,0.0,0,0,2,0,-127,-127.0,0,-1,0
19:44:44,7.383,580550,580550,0,0,1,37.496783,126.957958,0.00,13.9,0.000,1,13.4,"5.54,-4.84,5.44","7.4,11.2,-31.1","-31.800,-30.900,-4.650",8.89,8.89,30.02,532603,5581,0,5,1.60,37.496783,126.957958,749,21,8,4,-1.00,0.00,999.00,0.0,0,0,2,0,-127,-127.0,0,-1,0
19:44:44,7.391,580617,580617,0,0,1,37.496783,126.957958,0.00,13.9,0.000,1,13.4,"-3.23,3.27,6.55","-6.1,-1.7,-29.8","-31.800,-31.200,-6.150",5.37,5.37,30.02,532603,5582,0,5,1.60,37.496777,126.957958,750,21,8,4,-1.00,0.00,999.00,0.0,0,0,2,0,-127,-127.0,0,-1,0
19:44:44,7.447,580644,580632,0,0,1,37.496783,126.957958,0.00,13.9,0.000,1,13.4,"0.75,0.31,6.23","-27.2,-36.4,-33.8","-30.900,-30.600,-4.800",3.71,6.74,30.02,532603,5582,0,5,1.60,37.496777,126.957958,750,21,8,4,-1.00,0.00,999.00,0.0,0,0,2,0,-127,-127.0,0,-1,0
19:44:44,7.450,580666,580666,0,0,1,37.496783,126.957958,0.00,13.9,0.000,1,13.4,"-1.01,2.28,16.50","-22.0,18.3,-28.2","-29.100,-30.900,-6.150",6.72,6.72,30.02,532603,5582,0,5,1.60,37.496777,126.957958,750,21,8,4,-1.00,0.00,999.00,0.0,0,0,2,0,-127,-127.0,0,-1,0
19:44:44,7.502,580689,580689,0,0,1,37.496783,126.957958,0.00,13.9,0.000,1,13.4,"-6.64,1.22,19.57","65.1,-46.1,-35.9","-30.150,-30.300,-4.800",11.53,11.53,30.02,532603,5583,0,5,1.60,37.496777,126.957958,750,21,8,4,-1.00,0.00,999.00,0.0,0,0,2,0,-127,-127.0,0,-1,0
19:44:44,7.564,580755,580755,0,0,1,37.496783,126.957958,0.00,13.9,0.000,1,13.4,"-0.49,3.75,12.52","71.8,-42.0,-7.1","-28.650,-30.600,-6.000",3.84,5.93,30.02,532603,5583,0,5,1.60,37.496777,126.957958,750,21,8,4,-1.00,0.00,999.00,0.0,0,0,2,0,-127,-127.0,0,-1,0
19:44:44,7.567,580844,580844,0,0,1,37.496783,126.957958,0.00,13.9,0.000,1,13.4,"-2.39,-2.69,-2.70","-19.5,19.3,-11.3","-27.000,-31.050,-4.500",13.08,13.08,30.02,532603,5584,0,5,1.60,37.496777,126.957958,750,21,8,4,-1.00,0.00,999.00,0.0,0,0,2,0,-127,-127.0,0,-1,0
19:44:44,7.722,580889,580889,0,0,1,37.496783,126.957958,0.00,13.9,0.000,1,13.4,"0.81,-3.02,6.45","12.0,9.6,-8.8","-27.600,-31.200,-4.950",4.98,7.17,30.02,532603,5585,0,5,1.60,37.496777,126.957958,750,21,8,4,-1.00,0.00,999.00,0.0,0,0,2,0,-127,-127.0,0,-1,0
19:44:44,7.797,581044,581044,0,0,1,37.496782,126.957958,0.10,13.9,0.195,1,13.4,"4.73,-1.84,4.11","6.2,-11.6,-4.0","-28.200,-31.500,-3.300",7.81,7.81,30.02,532603,5586,0,5,1.60,37.496777,126.957958,751,21,8,4,-1.00,0.00,999.00,0.0,0,0,2,0,-127,-127.0,0,-1,0
19:44:45,8.268,581111,581111,0,0,1,37.496782,126.957958,0.10,13.9,0.195,1,13.4,"7.55,7.09,12.52","45.7,-9.9,4.5","-26.250,-30.300,-3.750",9.83,9.83,30.02,532603,5587,0,5,1.60,37.496777,126.957958,751,21,8,4,-1.00,0.00,999.00,0.0,0,0,2,0,-127,-127.0,0,-1,0
19:44:45,8.483,581508,581508,0,0,1,37.496782,126.957958,0.10,13.9,0.195,1,13.4,"-4.66,4.05,11.09","-15.1,-2.7,-3.6","-24.150,-28.500,-1.200",5.52,7.51,30.02,532603,5591,0,5,1.60,37.496777,126.957958,751,21,8,4,-1.00,0.00,999.00,0.0,0,0,2,0,-127,-127.0,0,-1,0
19:44:45,8.650,581690,581690,0,0,1,37.496781,126.957958,0.15,13.9,0.195,1,13.4,"-0.57,15.30,19.61","-65.2,-0.1,4.1","-24.450,-27.450,-0.300",17.20,17.20,30.02,532603,5592,0,5,1.60,37.496770,126.957960,752,21,8,4,-1.00,0.00,999.00,0.0,0,0,2,0,-127,-127.0,0,-1,0
19:44:46,9.171,581935,581935,0,0,1,37.496780,126.957959,0.27,13.9,0.386,1,13.4,"-6.26,-13.18,-7.39","23.8,-18.0,-22.2","-24.450,-25.200,1.500",22.97,24.81,30.02,532603,5595,0,5,1.60,37.496770,126.957960,753,21,8,4,-1.00,0.00,999.00,0.0,0,0,2,0,-127,-127.0,0,-1,0
19:44:46,9.725,582487,582487,0,0,1,37.496781,126.957959,0.27,13.9,0.386,1,13.4,"2.14,-4.75,-2.36","47.7,-21.0,11.1","-14.400,-25.500,0.300",11.90,13.76,30.02,532603,5600,0,5,1.60,37.496770,126.957960,753,21,8,4,-1.00,0.00,999.00,0.0,0,0,2,0,-127,-127.0,0,-1,0
19:44:46,9.781,582935,582935,0,0,1,37.496768,126.957960,0.45,13.7,0.571,1,13.4,"-3.12,1.42,13.04","24.3,-23.1,-0.3","-15.450,-24.600,1.650",5.51,9.33,30.02,532603,5604,0,5,1.60,37.496760,126.957960,755,21,8,4,-1.00,0.00,999.00,0.0,0,0,2,0,-127,-127.0,0,-1,0
19:44:46,9.832,583002,583002,0,0,1,37.496768,126.957960,0.45,13.7,0.571,1,13.4,"-0.56,-0.47,9.91","14.4,-13.9,-48.5","-14.400,-24.000,1.800",0.99,12.11,30.02,532603,5605,0,5,1.60,37.496760,126.957960,755,21,8,4,-1.00,0.00,999.00,0.0,0,0,2,0,-127,-127.0,0,-1,0
19:44:46,9.835,583024,583024,0,0,1,37.496768,126.957960,0.45,13.7,0.571,1,13.4,"2.25,3.81,13.59","-27.6,-7.0,-56.2","-13.800,-26.550,0.900",6.49,11.56,30.02,532603,5605,0,5,1.60,37.496760,126.957960,755,21,8,4,-1.00,0.00,999.00,0.0,0,0,2,0,-127,-127.0,0,-1,0
19:44:46,10.093,583068,583068,0,0,1,37.496767,126.957960,0.45,13.7,0.571,1,13.4,"1.77,3.34,14.47","-32.9,-9.6,-44.4","-13.500,-23.400,0.150",6.72,12.24,30.02,532603,5606,0,5,1.60,37.496760,126.957960,755,21,8,4,-1.00,0.00,999.00,0.0,0,0,2,0,-127,-127.0,0,-1,0
19:44:47,10.353,583334,583334,0,0,1,37.496765,126.957960,0.45,13.7,0.571,1,13.4,"-2.42,3.47,9.44","5.4,-31.2,0.8","-8.100,-25.650,1.650",4.18,9.41,30.02,532603,5608,0,5,1.60,37.496760,126.957960,755,21,8,4,-1.00,0.00,999.00,0.0,0,0,2,0,-127,-127.0,0,-1,0
19:44:47,10.552,583600,583600,0,0,1,37.496765,126.957960,0.45,13.7,0.571,1,13.4,"3.41,3.09,19.61","35.9,-77.2,-15.3","-6.750,-23.550,0.300",10.71,10.71,30.02,532603,5611,0,5,1.60,37.496760,126.957960,755,21,8,4,-1.00,0.00,999.00,0.0,0,0,2,0,-127,-127.0,0,-1,0
19:44:47,10.720,583760,583760,0,0,1,37.496759,126.957959,0.44,13.6,0.370,1,13.4,"-4.02,-4.53,13.43","22.9,7.9,-48.3","-4.650,-27.300,0.450",7.07,7.07,30.02,532603,5612,0,5,1.60,37.496757,126.957958,757,21,8,4,-1.00,0.00,999.00,0.0,0,0,2,0,-127,-127.0,0,-1,0
19:44:47,10.735,584003,584003,0,0,1,37.496759,126.957959,0.44,13.6,0.370,1,13.4,"-4.25,-0.55,14.67","5.9,-4.9,-34.5","-1.050,-27.150,0.300",6.30,12.56,30.02,532603,5615,0,5,1.60,37.496757,126.957958,757,21,8,4,-1.00,0.00,999.00,0.0,0,0,2,0,-127,-127.0,0,-1,0
19:44:47,10.798,584047,584047,0,0,1,37.496759,126.957959,0.44,13.6,0.370,1,13.4,"-0.32,2.25,19.61","-4.1,-10.9,-55.8","-1.800,-25.950,0.750",9.64,9.64,30.02,532603,5615,0,5,1.60,37.496757,126.957958,757,21,8,4,-1.00,0.00,999.00,0.0,0,0,2,0,-127,-127.0,0,-1,0
19:44:47,10.802,584069,584069,0,0,1,37.496759,126.957959,0.44,13.6,0.370,1,13.4,"-1.02,-6.27,-2.18","-18.0,32.8,-51.8","-2.100,-29.250,0.450",13.72,13.72,30.02,532603,5615,0,5,1.60,37.496757,126.957958,757,21,8,4,-1.00,0.00,999.00,0.0,0,0,2,0,-127,-127.0,0,-1,0
19:44:47,10.854,584091,584091,0,0,1,37.496759,126.957959,0.44,13.6,0.370,1,13.4,"0.69,1.90,12.37","-29.6,-12.2,-66.6","-0.450,-26.100,1.200",2.84,10.44,30.02,532603,5616,0,5,1.60,37.496757,126.957958,757,21,8,4,-1.00,0.00,999.00,0.0,0,0,2,0,-127,-127.0,0,-1,0
19:44:47,10.858,584136,584136,0,0,1,37.496759,126.957959,0.44,13.6,0.370,1,13.4,"-0.67,-2.40,19.61","7.6,16.1,-41.1","0.150,-27.750,-0.150",9.82,9.87,30.02,532603,5616,0,5,1.60,37.496757,126.957958,757,21,8,4,-1.00,0.00,999.00,0.0,0,0,2,0,-127,-127.0,0,-1,0
19:44:48,11.175,584180,584180,0,0,1,37.496759,126.957959,0.44,13.6,0.370,1,13.4,"2.71,5.23,6.94","5.4,21.4,-35.5","2.250,-29.850,0.750",6.48,10.31,30.02,532603,5616,0,5,1.60,37.496757,126.957958,757,21,8,4,-1.00,0.00,999.00,0.0,0,0,2,0,-127,-127.0,0,-1,0
19:44:48,11.351,584379,584379,0,0,1,37.496759,126.957959,0.44,13.6,0.370,1,13.4,"-0.40,0.74,9.71","-0.5,17.3,-19.4","3.000,-30.300,0.000",0.90,11.97,30.02,532603,5618,0,5,1.60,37.496757,126.957958,757,21,8,4,-1.00,0.00,999.00,0.0,0,0,2,0,-127,-127.0,0,-1,0
19:44:48,11.586,584600,584600,0,0,1,37.496759,126.957959,0.44,13.6,0.370,1,13.4,"1.22,1.57,7.89","49.9,25.2,-50.9","6.450,-31.800,0.300",2.73,8.20,30.02,532603,5620,0,5,1.60,37.496757,126.957958,757,21,8,4,-1.00,0.00,999.00,0.0,0,0,2,0,-127,-127.0,0,-1,0
19:44:48,11.714,584872,584872,0,0,1,37.496758,126.957959,0.41,13.6,0.412,1,13.4,"-2.10,-1.74,13.14","25.3,-15.8,2.6","8.100,-34.800,0.900",4.35,7.54,30.02,532603,5623,0,5,1.60,37.496752,126.957957,759,21,8,4,-1.00,0.00,999.00,0.0,0,0,2,0,-127,-127.0,0,-1,0
19:44:48,11.721,584961,584961,0,0,1,37.496758,126.957959,0.41,13.6,0.412,1,13.4,"-4.25,7.51,19.61","-22.4,22.2,-48.1","8.400,-36.150,2.250",12.09,12.09,30.02,532603,5624,0,5,1.60,37.496752,126.957957,759,21,8,4,-1.00,0.00,999.00,0.0,0,0,2,0,-127,-127.0,0,-1,0
19:44:49,12.142,585005,585005,0,0,1,37.496758,126.957959,0.41,13.6,0.412,1,13.4,"2.34,-3.78,10.92","-19.0,0.7,-49.0","9.900,-38.100,1.500",4.95,7.11,30.02,532603,5624,0,5,1.60,37.496752,126.957957,759,21,8,4,-1.00,0.00,999.00,0.0,0,0,2,0,-127,-127.0,0,-1,0
19:44:49,12.246,585381,585381,0,0,1,37.496758,126.957959,0.41,13.6,0.412,1,13.4,"-2.02,-3.21,5.62","-2.9,37.5,-3.5","12.300,-43.050,0.450",5.01,8.20,30.02,532603,5628,0,5,1.60,37.496752,126.957957,759,21,8,4,-1.00,0.00,999.00,0.0,0,0,2,0,-127,-127.0,0,-1,0
19:44:49,12.403,585403,585403,0,0,1,37.496758,126.957959,0.41,13.6,0.412,1,13.4,"3.23,-2.46,-1.03","-30.3,7.6,-2.3","10.950,-42.450,1.800",11.19,11.19,30.02,532603,5628,0,5,1.60,37.496752,126.957957,759,21,8,4,-1.00,0.00,999.00,0.0,0,0,2,0,-127,-127.0,0,-1,0
19:44:49,12.421,585625,585625,0,0,1,37.496757,126.957959,0.41,13.6,0.412,1,13.4,"1.28,-4.28,9.94","-10.1,29.1,-44.8","12.900,-41.700,3.000",4.44,8.95,30.02,532603,5630,0,5,1.60,37.496747,126.957957,760,21,8,4,-1.00,0.00,999.00,0.0,0,0,2,0,-127,-127.0,0,-1,0
19:44:49,12.482,585652,585640,0,0,1,37.496757,126.957959,0.41,13.6,0.412,1,13.4,"0.21,-1.91,3.70","17.3,-28.8,-53.9","12.300,-42.600,0.900",5.42,5.42,30.02,532603,5631,0,5,1.60,37.496747,126.957957,760,21,8,4,-1.00,0.00,999.00,0.0,0,0,2,0,-127,-127.0,0,-1,0
19:44:49,12.487,585718,585718,0,0,1,37.496757,126.957959,0.41,13.6,0.412,1,13.4,"-1.12,2.84,10.07","-14.5,14.7,-41.3","11.550,-44.250,0.450",3.04,6.41,30.02,532603,5631,0,5,1.60,37.496747,126.957957,760,21,8,4,-1.00,0.00,999.00,0.0,0,0,2,0,-127,-127.0,0,-1,0
19:44:49,12.487,585740,585740,0,0,1,37.496757,126.957959,0.41,13.6,0.412,1,13.4,"0.92,-2.09,12.67","24.3,-13.7,-33.9","13.650,-46.350,1.800",4.09,7.79,30.02,532603,5631,0,5,1.60,37.496747,126.957957,760,21,8,4,-1.00,0.00,999.00,0.0,0,0,2,0,-127,-127.0,0,-1,0
19:44:49,12.849,585763,585763,0,0,1,37.496757,126.957959,0.41,13.6,0.412,1,13.4,"2.80,-0.01,8.54","21.8,1.7,-27.8","12.000,-45.450,2.400",3.31,6.47,30.02,532603,5632,0,5,1.60,37.496747,126.957957,760,21,8,4,-1.00,0.00,999.00,0.0,0,0,2,0,-127,-127.0,0,-1,0
19:44:49,12.964,586139,586139,0,0,1,37.496756,126.957959,0.28,13.6,0.149,1,13.4,"1.48,3.21,11.92","-0.0,-4.5,-0.3","12.000,-46.650,2.400",3.99,10.12,30.02,532603,5635,0,5,1.60,37.496747,126.957957,761,21,8,4,-1.00,0.00,999.00,0.0,0,0,2,0,-127,-127.0,0,-1,0
19:44:49,12.968,586206,586206,0,0,1,37.496756,126.957959,0.28,13.6,0.149,1,13.4,"-1.91,-5.20,3.20","7.9,-6.7,1.7","11.550,-46.950,-0.150",8.83,8.83,30.02,532603,5636,0,5,1.60,37.496747,126.957957,761,21,8,4,-1.00,0.00,999.00,0.0,0,0,2,0,-127,-127.0,0,-1,0
19:44:49,12.968,586228,586228,0,0,1,37.496756,126.957959,0.28,13.6,0.149,1,13.4,"2.43,3.56,14.50","-8.3,31.0,1.5","11.550,-44.250,1.200",6.26,7.73,30.02,532603,5636,0,5,1.60,37.496747,126.957957,761,21,8,4,-1.00,0.00,999.00,0.0,0,0,2,0,-127,-127.0,0,-1,0
19:44:50,13.132,586250,586250,0,0,1,37.496756,126.957959,0.28,13.6,0.149,1,13.4,"-0.24,-4.73,3.48","51.8,-6.9,8.0","13.350,-46.800,1.050",7.90,7.90,30.02,532603,5636,0,5,1.60,37.496747,126.957957,761,21,8,4,-1.00,0.00,999.00,0.0,0,0,2,0,-127,-127.0,0,-1,0
19:44:50,13.143,586383,586383,0,0,1,37.496756,126.957959,0.28,13.6,0.149,1,13.4,"1.05,2.45,19.47","-16.1,7.4,-9.0","10.800,-46.650,1.650",9.77,9.77,30.02,532603,5638,0,5,1.60,37.496747,126.957957,761,21,8,4,-1.00,0.00,999.00,0.0,0,0,2,0,-127,-127.0,0,-1,0
19:44:50,13.197,586427,586427,0,0,1,37.496756,126.957959,0.28,13.6,0.149,1,13.4,"2.15,-1.53,8.97","5.7,-13.3,3.1","12.000,-45.750,1.950",3.38,3.51,30.02,532603,5638,0,5,1.60,37.496747,126.957957,761,21,8,4,-1.00,0.00,999.00,0.0,0,0,2,0,-127,-127.0,0,-1,0
19:44:50,13.252,586494,586494,0,0,1,37.496756,126.957959,0.28,13.6,0.149,1,13.4,"-1.23,-0.30,8.43","-0.7,8.7,-1.4","14.250,-46.650,1.650",1.77,3.58,30.02,532603,5639,0,5,1.60,37.496747,126.957957,761,21,8,4,-1.00,0.00,999.00,0.0,0,0,2,0,-127,-127.0,0,-1,0
19:44:50,13.256,586516,586516,0,0,1,37.496756,126.957959,0.28,13.6,0.149,1,13.4,"-2.02,-0.85,11.95","29.8,-32.9,0.7","13.350,-47.250,0.750",2.51,4.57,30.02,532603,5639,0,5,1.60,37.496747,126.957957,761,21,8,4,-1.00,0.00,999.00,0.0,0,0,2,0,-127,-127.0,0,-1,0
19:44:50,13.256,586538,586538,0,0,1,37.496756,126.957959,0.28,13.6,0.149,1,13.4,"-0.31,-3.06,6.44","-10.0,20.0,-7.1","12.000,-45.450,2.400",4.63,5.20,30.02,532603,5639,0,5,1.60,37.496747,126.957957,761,21,8,4,-1.00,0.00,999.00,0.0,0,0,2,0,-127,-127.0,0,-1,0
19:44:50,13.417,586560,586560,0,0,1,37.496756,126.957959,0.28,13.6,0.149,1,13.4,"1.57,0.72,13.37","-10.5,5.9,-0.3","12.600,-45.600,0.300",4.08,4.08,30.02,532603,5639,0,5,1.60,37.496747,126.957957,761,21,8,4,-1.00,0.00,999.00,0.0,0,0,2,0,-127,-127.0,0,-1,0
19:44:50,13.498,586743,586743,0,0,1,37.496755,126.957958,0.26,13.6,0.304,1,13.4,"-2.74,3.85,13.85","37.2,-29.8,8.2","12.750,-46.650,1.650",5.89,5.89,30.02,532603,5641,0,5,1.60,37.496745,126.957957,763,21,8,4,-1.00,0.00,999.00,0.0,0,0,2,0,-127,-127.0,0,-1,0
19:44:50,13.605,586787,586787,0,0,1,37.496755,126.957958,0.26,13.6,0.304,1,13.4,"0.58,-3.21,8.37","8.0,-3.2,1.6","12.750,-45.750,3.450",3.77,3.95,30.02,532603,5642,0,5,1.60,37.496745,126.957957,763,21,8,4,-1.00,0.00,999.00,0.0,0,0,2,0,-127,-127.0,0,-1,0
19:44:50,13.822,586832,586832,0,0,1,37.496755,126.957958,0.26,13.6,0.304,1,13.4,"1.03,1.05,14.26","24.3,-10.8,-0.4","12.000,-47.400,1.950",4.65,6.67,30.02,532603,5642,0,5,1.60,37.496745,126.957957,763,21,8,4,-1.00,0.00,999.00,0.0,0,0,2,0,-127,-127.0,0,-1,0
19:44:50,13.849,587031,587031,0,0,1,37.496755,126.957958,0.26,13.6,0.304,1,13.4,"-5.95,-0.87,9.54","46.2,-8.7,-8.8","13.050,-46.950,1.200",5.39,5.39,30.02,532603,5644,0,5,1.60,37.496745,126.957957,763,21,8,4,-1.00,0.00,999.00,0.0,0,0,2,0,-127,-127.0,0,-1,0
19:44:50,13.849,587053,587053,0,0,1,37.496755,126.957958,0.26,13.6,0.304,1,13.4,"0.34,-1.54,5.35","-18.5,8.0,5.3","13.500,-45.750,2.400",4.85,7.02,30.02,532603,5644,0,5,1.60,37.496745,126.957957,763,21,8,4,-1.00,0.00,999.00,0.0,0,0,2,0,-127,-127.0,0,-1,0
19:44:50,13.850,587075,587075,0,0,1,37.496755,126.957958,0.26,13.6,0.304,1,13.4,"1.06,1.92,12.71","25.9,-14.1,-3.1","11.400,-47.250,0.750",3.97,8.26,30.02,532603,5644,0,5,1.60,37.496745,126.957957,763,21,8,4,-1.00,0.00,999.00,0.0,0,0,2,0,-127,-127.0,0,-1,0
19:44:50,13.917,587097,587097,0,0,1,37.496755,126.957958,0.26,13.6,0.304,1,13.4,"-1.81,-1.38,6.74","-12.1,17.4,1.7","11.550,-47.700,1.950",3.44,5.16,30.02,532603,5645,0,5,1.60,37.496745,126.957957,763,21,8,4,-1.00,0.00,999.00,0.0,0,0,2,0,-127,-127.0,0,-1,0
19:44:50,13.921,587142,587142,0,0,1,37.496755,126.957958,0.26,13.6,0.304,1,13.4,"-1.47,0.00,7.44","16.6,-9.1,1.4","11.550,-46.200,1.200",2.37,3.51,30.02,532603,5645,0,5,1.60,37.496745,126.957957,763,21,8,4,-1.00,0.00,999.00,0.0,0,0,2,0,-127,-127.0,0,-1,0
19:44:50,14.024,587186,587186,0,0,1,37.496755,126.957958,0.26,13.6,0.304,1,13.4,"0.15,-0.35,11.77","2.4,-7.0,-2.9","11.250,-46.200,1.650",2.21,2.21,30.02,532603,5645,0,5,1.60,37.496745,126.957957,763,21,8,4,-1.00,0.00,999.00,0.0,0,0,2,0,-127,-127.0,0,-1,0
19:44:50,14.034,587208,587208,0,0,1,37.496755,126.957958,0.26,13.6,0.304,1,13.4,"-0.57,-2.23,7.77","9.3,20.5,-3.7","12.900,-47.550,2.250",2.81,2.96,30.02,532603,5646,0,5,1.60,37.496745,126.957957,763,21,8,4,-1.00,0.00,999.00,0.0,0,0,2,0,-127,-127.0,0,-1,0
19:44:50,14.085,587230,587230,0,0,1,37.496755,126.957958,0.26,13.6,0.304,1,13.4,"-0.56,2.17,11.53","3.3,2.6,2.4","13.050,-46.200,1.650",2.89,2.89,30.02,532603,5646,0,5,1.60,37.496745,126.957957,763,21,8,4,-1.00,0.00,999.00,0.0,0,0,2,0,-127,-127.0,0,-1,0
19:44:51,14.140,587318,587318,0,0,1,37.496755,126.957958,0.26,13.6,0.304,1,13.4,"-0.98,-0.14,9.07","0.1,17.5,-2.7","11.550,-45.450,2.400",0.73,3.11,30.02,532603,5647,0,5,1.60,37.496745,126.957957,763,21,8,4,-1.00,0.00,999.00,0.0,0,0,2,0,-127,-127.0,0,-1,0
19:44:51,14.144,587340,587340,0,0,1,37.496755,126.957958,0.26,13.6,0.304,1,13.4,"-0.24,1.39,11.12","9.4,-5.8,4.4","12.300,-46.650,1.200",2.07,2.16,30.02,532603,5647,0,5,1.60,37.496745,126.957957,763,21,8,4,-1.00,0.00,999.00,0.0,0,0,2,0,-127,-127.0,0,-1,0
19:44:51,14.144,587362,587362,0,0,1,37.496755,126.957958,0.26,13.6,0.304,1,13.4,"-1.85,0.63,8.56","4.4,-8.5,-3.4","11.700,-46.050,1.500",1.73,1.73,30.02,532603,5647,0,5,1.60,37.496745,126.957957,763,21,8,4,-1.00,0.00,999.00,0.0,0,0,2,0,-127,-127.0,0,-1,0
19:44:51,14.144,587429,587429,0,0,1,37.496755,126.957958,0.26,13.6,0.304,1,13.4,"-0.75,-0.11,9.01","6.1,-1.5,-0.1","13.650,-46.050,2.550",0.63,1.21,30.02,532603,5648,0,5,1.60,37.496745,126.957957,763,21,8,4,-1.00,0.00,999.00,0.0,0,0,2,0,-127,-127.0,0,-1,0
19:44:51,14.197,587451,587451,0,0,1,37.496755,126.957958,0.26,13.6,0.304,1,13.4,"-1.13,0.62,8.45","-5.9,7.2,-2.6","13.050,-47.400,0.450",1.42,1.42,30.02,532603,5648,0,5,1.60,37.496745,126.957957,763,21,8,4,-1.00,0.00,999.00,0.0,0,0,2,0,-127,-127.0,0,-1,0
19:44:51,14.200,587473,587473,0,0,1,37.496755,126.957958,0.26,13.6,0.304,1,13.4,"-0.60,-1.12,9.72","-11.7,2.1,-2.7","13.500,-46.950,1.950",1.10,1.61,30.02,532603,5648,0,5,1.60,37.496745,126.957957,763,21,8,4,-1.00,0.00,999.00,0.0,0,0,2,0,-127,-127.0,0,-1,0
19:44:51,14.252,587495,587495,0,0,1,37.496755,126.957958,0.26,13.6,0.304,1,13.4,"0.41,-1.22,8.60","6.0,1.3,-2.7","12.750,-45.450,1.650",1.82,2.03,30.02,532603,5648,0,5,1.60,37.496745,126.957957,763,21,8,4,-1.00,0.00,999.00,0.0,0,0,2,0,-127,-127.0,0,-1,0
19:44:51,14.314,587539,587539,0,0,1,37.496755,126.957958,0.26,13.6,0.304,1,13.4,"-0.92,-0.03,9.58","-1.9,-1.1,-1.4","13.050,-48.150,2.400",0.22,1.29,30.02,532603,5649,0,5,1.60,37.496745,126.957957,763,21,8,4,-1.00,0.00,999.00,0.0,0,0,2,0,-127,-127.0,0,-1,0
19:44:51,14.368,587605,587605,0,0,1,37.496754,126.957959,0.28,13.6,0.304,1,13.4,"-1.52,0.91,9.95","0.1,2.3,-3.3","12.000,-46.200,1.650",1.31,1.31,30.02,532603,5649,0,5,1.60,37.496743,126.957960,764,21,8,4,-1.00,0.00,999.00,0.0,0,0,2,0,-127,-127.0,0,-1,0
19:44:51,14.373,587655,587643,0,0,1,37.496754,126.957959,0.28,13.6,0.304,1,13.4,"-0.62,-0.22,9.56","-3.5,-5.8,-3.0","13.650,-46.350,1.800",0.22,0.24,30.02,532603,5650,0,5,1.60,37.496743,126.957960,764,21,8,4,-1.00,0.00,999.00,0.0,0,0,2,0,-127,-127.0,0,-1,0
19:44:51,14.534,587677,587677,0,0,1,37.496754,126.957959,0.28,13.6,0.304,1,13.4,"-0.96,-0.96,9.15","0.4,-0.9,0.5","12.900,-46.350,1.800",1.01,1.01,30.02,532603,5650,0,5,1.60,37.496743,126.957960,764,21,8,4,-1.00,0.00,999.00,0.0,0,0,2,0,-127,-127.0,0,-1,0
19:44:51,14.548,587722,587722,0,0,1,37.496754,126.957959,0.28,13.6,0.304,1,13.4,"-0.62,-0.18,9.83","4.1,0.1,-2.6","12.300,-45.750,0.450",0.26,0.46,30.02,532603,5651,0,5,1.60,37.496743,126.957960,764,21,8,4,-1.00,0.00,999.00,0.0,0,0,2,0,-127,-127.0,0,-1,0
19:44:51,14.548,587744,587744,0,0,1,37.496753,126.957959,0.28,13.6,0.273,1,13.4,"-0.45,0.04,9.80","2.8,-0.6,-1.7","12.300,-46.950,1.950",0.39,0.40,30.02,532603,5651,0,5,1.60,37.496743,126.957960,765,21,8,4,-1.00,0.00,999.00,0.0,0,0,2,0,-127,-127.0,0,-1,0
19:44:51,14.548,587766,587766,0,0,1,37.496753,126.957959,0.28,13.6,0.273,1,13.4,"-0.31,0.28,9.65","1.0,2.8,-1.1","12.900,-47.250,1.500",0.58,0.59,30.02,532603,5651,0,5,1.60,37.496743,126.957960,765,21,8,4,-1.00,0.00,999.00,0.0,0,0,2,0,-127,-127.0,0,-1,0
19:44:51,14.549,587788,587788,0,0,1,37.496753,126.957959,0.28,13.6,0.273,1,13.4,"-0.32,0.50,9.70","1.3,-2.0,-2.0","12.900,-46.350,1.500",0.69,0.69,30.02,532603,5651,0,5,1.60,37.496743,126.957960,765,21,8,4,-1.00,0.00,999.00,0.0,0,0,2,0,-127,-127.0,0,-1,0
19:44:51,14.651,587810,587810,0,0,1,37.496753,126.957959,0.28,13.6,0.273,1,13.4,"-0.20,0.30,9.65","1.3,2.6,-1.6","14.400,-48.000,2.250",0.61,0.61,30.02,532603,5651,0,5,1.60,37.496743,126.957960,765,21,8,4,-1.00,0.00,999.00,0.0,0,0,2,0,-127,-127.0,0,-1,0
19:44:51,14.714,587899,587899,0,0,1,37.496753,126.957959,0.28,13.6,0.273,1,13.4,"-0.37,0.25,9.62","0.9,-1.7,-0.5","11.700,-45.600,3.000",0.33,0.37,30.02,532603,5652,0,5,1.60,37.496743,126.957960,765,21,8,4,-1.00,0.00,999.00,0.0,0,0,2,0,-127,-127.0,0,-1,0
19:44:51,14.717,587944,587944,0,0,1,37.496753,126.957959,0.28,13.6,0.273,1,13.4,"-0.43,0.21,9.63","2.2,-1.8,1.9","12.600,-46.050,1.800",0.22,0.24,30.02,532603,5653,0,5,1.60,37.496743,126.957960,765,21,8,4,-1.00,0.00,999.00,0.0,0,0,2,0,-127,-127.0,0,-1,0
19:44:51,14.768,587966,587966,0,0,1,37.496753,126.957959,0.28,13.6,0.273,1,13.4,"-0.39,0.30,9.76","2.1,-1.1,-0.5","14.100,-47.250,3.300",0.31,0.32,30.02,532603,5653,0,5,1.60,37.496743,126.957960,765,21,8,4,-1.00,0.00,999.00,0.0,0,0,2,0,-127,-127.0,0,-1,0
19:44:51,14.830,588010,588010,0,0,1,37.496753,126.957959,0.28,13.6,0.273,1,13.4,"-0.46,0.15,9.73","3.4,-2.4,-2.4","12.750,-46.950,1.650",0.14,0.23,30.02,532603,5653,0,5,1.60,37.496743,126.957960,765,21,8,4,-1.00,0.00,999.00,0.0,0,0,2,0,-127,-127.0,0,-1,0
19:44:51,14.937,588076,588076,0,0,1,37.496753,126.957959,0.28,13.6,0.273,1,13.4,"-0.36,0.22,9.62","1.3,-1.9,1.1","12.300,-47.400,0.150",0.21,0.21,30.02,532603,5654,0,5,1.60,37.496743,126.957960,765,21,8,4,-1.00,0.00,999.00,0.0,0,0,2,0,-127,-127.0,0,-1,0
19:44:51,15.048,588187,588187,0,0,1,37.496753,126.957959,0.28,13.6,0.273,1,13.4,"-0.50,0.13,9.68","1.4,-0.6,-1.7","12.150,-48.000,1.050",0.02,0.32,30.02,532603,5655,0,5,1.60,37.496743,126.957960,765,21,8,4,-1.00,0.00,999.00,0.0,0,0,2,0,-127,-127.0,0,-1,0
19:44:51,15.057,588254,588254,0,0,1,37.496753,126.957959,0.28,13.6,0.273,1,13.4,"-0.31,0.20,9.71","0.7,-1.1,-0.1","13.650,-46.350,1.500",0.19,0.19,30.02,532603,5656,0,5,1.60,37.496743,126.957960,765,21,8,4,-1.00,0.00,999.00,0.0,0,0,2,0,-127,-127.0,0,-1,0
19:44:52,15.218,588298,588298,0,0,1,37.496753,126.957959,0.28,13.6,0.273,1,13.4,"-0.43,0.20,9.80","0.9,1.3,-2.3","13.800,-47.700,3.150",0.13,0.17,30.02,532603,5656,0,5,1.60,37.496743,126.957960,765,21,8,4,-1.00,0.00,999.00,0.0,0,0,2,0,-127,-127.0,0,-1,0
19:44:52,15.286,588453,588453,0,0,1,37.496753,126.957959,0.28,13.6,0.273,1,13.4,"-0.43,0.18,9.70","1.4,1.4,-0.3","12.900,-46.050,3.000",0.03,0.08,30.02,532603,5658,0,5,1.60,37.496743,126.957960,765,21,8,4,-1.00,0.00,999.00,0.0,0,0,2,0,-127,-127.0,0,-1,0
19:44:52,15.342,588519,588519,0,0,1,37.496753,126.957959,0.28,13.6,0.273,1,13.4,"-0.46,0.23,9.78","1.7,0.1,0.0","12.900,-47.550,2.550",0.10,0.15,30.02,532603,5658,0,5,1.60,37.496743,126.957960,765,21,8,4,-1.00,0.00,999.00,0.0,0,0,2,0,-127,-127.0,0,-1,0
19:44:52,15.345,588564,588564,0,0,1,37.496753,126.957959,0.28,13.6,0.273,1,13.4,"-0.36,0.25,9.73","-0.4,1.1,0.7","11.550,-46.950,1.950",0.11,0.11,30.02,532603,5659,0,5,1.60,37.496743,126.957960,765,21,8,4,-1.00,0.00,999.00,0.0,0,0,2,0,-127,-127.0,0,-1,0
19:44:52,15.397,588586,588586,0,0,1,37.496753,126.957959,0.28,13.6,0.273,1,13.4,"-0.50,0.23,9.71","-0.6,-0.4,-3.7","12.000,-46.650,2.400",0.07,0.10,30.02,532603,5659,0,5,1.60,37.496743,126.957960,765,21,8,4,-1.00,0.00,999.00,0.0,0,0,2,0,-127,-127.0,0,-1,0
19:44:52,15.450,588630,588630,0,0,1,37.496752,126.957959,0.27,13.6,0.273,1,13.4,"-0.40,0.32,9.64","-1.0,0.6,-2.6","12.600,-48.300,1.050",0.13,0.13,30.02,532603,5659,0,5,1.60,37.496740,126.957963,766,21,8,4,-1.00,0.00,999.00,0.0,0,0,2,0,-127,-127.0,0,-1,0
19:44:52,15.608,588680,588680,0,0,1,37.496752,126.957959,0.27,13.6,0.273,1,13.4,"-0.43,0.34,9.63","-0.8,0.1,-1.5","12.900,-46.800,1.050",0.14,0.14,30.02,532603,5660,0,5,1.60,37.496740,126.957963,766,21,8,4,-1.00,0.00,999.00,0.0,0,0,2,0,-127,-127.0,0,-1,0
19:44:52,15.671,588900,588900,0,0,1,37.496751,126.957959,0.15,13.6,0.021,1,13.4,"-0.42,0.31,9.58","1.2,1.1,2.2","13.650,-45.600,1.500",0.14,0.22,30.02,532603,5662,0,5,1.60,37.496740,126.957963,767,21,8,4,-1.00,0.00,999.00,0.0,0,0,2,0,-127,-127.0,0,-1,0
19:44:52,15.674,588944,588944,0,0,1,37.496751,126.957959,0.15,13.6,0.021,1,13.4,"-0.37,0.33,9.64","0.3,-2.8,1.2","12.750,-46.200,1.950",0.12,0.12,30.02,532603,5662,0,5,1.60,37.496740,126.957963,767,21,8,4,-1.00,0.00,999.00,0.0,0,0,2,0,-127,-127.0,0,-1,0
19:44:52,15.833,588966,588966,0,0,1,37.496751,126.957959,0.15,13.6,0.021,1,13.4,"-0.31,0.29,9.75","1.5,-0.9,0.4","13.050,-46.650,1.650",0.13,0.13,30.02,532603,5663,0,5,1.60,37.496740,126.957963,767,21,8,4,-1.00,0.00,999.00,0.0,0,0,2,0,-127,-127.0,0,-1,0
19:44:52,15.915,589055,589055,0,0,1,37.496751,126.957959,0.15,13.6,0.021,1,13.4,"-0.31,0.30,9.81","2.3,-1.9,4.1","13.350,-45.600,1.500",0.17,0.17,30.02,532603,5663,0,5,1.60,37.496740,126.957963,767,21,8,4,-1.00,0.00,999.00,0.0,0,0,2,0,-127,-127.0,0,-1,0
19:44:52,15.970,589121,589121,0,0,1,37.496751,126.957959,0.15,13.6,0.021,1,13.4,"-0.37,0.17,9.65","1.7,-3.7,2.9","13.800,-46.950,3.150",0.08,0.11,30.02,532603,5664,0,5,1.60,37.496740,126.957963,767,21,8,4,-1.00,0.00,999.00,0.0,0,0,2,0,-127,-127.0,0,-1,0
19:44:52,15.974,589187,589187,0,0,1,37.496751,126.957959,0.15,13.6,0.021,1,13.4,"-0.41,0.19,9.69","0.6,-0.4,0.3","13.350,-47.250,0.300",0.04,0.15,30.02,532603,5665,0,5,1.60,37.496740,126.957963,767,21,8,4,-1.00,0.00,999.00,0.0,0,0,2,0,-127,-127.0,0,-1,0
19:44:53,16.133,589231,589231,0,0,1,37.496751,126.957959,0.15,13.6,0.021,1,13.4,"-0.34,0.40,9.75","-2.0,2.1,0.6","12.900,-47.550,1.800",0.19,0.19,30.02,532603,5665,0,5,1.60,37.496740,126.957963,767,21,8,4,-1.00,0.00,999.00,0.0,0,0,2,0,-127,-127.0,0,-1,0
19:44:53,16.473,589364,589364,0,0,1,37.496751,126.957959,0.15,13.6,0.021,1,13.4,"-0.28,0.33,9.63","3.2,-2.3,1.5","12.000,-47.400,1.200",0.17,0.17,30.02,532603,5666,0,5,1.60,37.496740,126.957963,767,21,8,4,-1.00,0.00,999.00,0.0,0,0,2,0,-127,-127.0,0,-1,0
19:44:53,16.562,589686,589685,0,0,1,37.496750,126.957960,0.08,13.6,0.021,1,13.4,"-0.41,0.11,9.80","1.6,-2.9,1.1","13.350,-46.800,3.000",0.16,0.16,30.02,532603,5670,0,5,1.60,37.496735,126.957965,768,21,8,4,-1.00,0.00,999.00,0.0,0,0,2,0,-127,-127.0,0,-1,0
19:44:53,16.617,589796,589796,0,0,1,37.496748,126.957960,0.09,13.6,0.098,1,13.4,"-0.40,0.11,9.57","1.8,-3.6,-1.7","12.600,-47.250,1.500",0.16,0.16,30.02,532603,5671,0,5,1.60,37.496735,126.957965,769,21,8,4,-1.00,0.00,999.00,0.0,0,0,2,0,-127,-127.0,0,-1,0
19:44:53,16.620,589818,589818,0,0,1,37.496748,126.957960,0.09,13.6,0.098,1,13.4,"-0.41,0.34,9.64","0.2,0.6,0.6","11.400,-46.800,0.750",0.12,0.12,30.02,532603,5671,0,5,1.60,37.496735,126.957965,769,21,8,4,-1.00,0.00,999.00,0.0,0,0,2,0,-127,-127.0,0,-1,0
19:44:53,16.620,589840,589840,0,0,1,37.496748,126.957960,0.09,13.6,0.098,1,13.4,"-0.46,0.31,9.73","0.0,-0.6,-2.0","12.750,-46.950,1.950",0.11,0.13,30.02,532603,5671,0,5,1.60,37.496735,126.957965,769,21,8,4,-1.00,0.00,999.00,0.0,0,0,2,0,-127,-127.0,0,-1,0
19:44:53,16.672,589862,589862,0,0,1,37.496748,126.957960,0.09,13.6,0.098,1,13.4,"-0.44,0.19,9.69","1.1,1.9,-0.6","12.300,-48.150,1.950",0.05,0.08,30.02,532603,5671,0,5,1.60,37.496735,126.957965,769,21,8,4,-1.00,0.00,999.00,0.0,0,0,2,0,-127,-127.0,0,-1,0
19:44:53,16.781,589950,589950,0,0,1,37.496748,126.957960,0.09,13.6,0.098,1,13.4,"-0.37,0.31,9.68","1.5,-1.5,1.6","12.150,-46.800,1.800",0.08,0.15,30.02,532603,5672,0,5,1.60,37.496735,126.957965,769,21,8,4,-1.00,0.00,999.00,0.0,0,0,2,0,-127,-127.0,0,-1,0
19:44:54,17.388,590105,590105,0,0,1,37.496748,126.957960,0.09,13.6,0.098,1,13.4,"-0.35,0.21,9.65","-0.4,-1.1,-1.6","12.750,-46.200,1.200",0.06,0.08,30.02,532603,5674,0,5,1.60,37.496735,126.957965,769,21,8,4,-1.00,0.00,999.00,0.0,0,0,2,0,-127,-127.0,0,-1,0
19:44:54,17.621,590590,590590,0,0,1,37.496748,126.957960,0.09,13.6,0.098,1,13.4,"-0.32,0.19,9.63","1.5,0.8,1.2","11.700,-45.600,4.800",0.12,0.17,30.02,532603,5678,0,5,1.60,37.496735,126.957965,769,21,8,4,-1.00,0.00,999.00,0.0,0,0,2,0,-127,-127.0,0,-1,0
19:44:54,17.685,590825,590825,0,0,1,37.496747,126.957961,0.09,13.6,0.098,1,13.4,"-0.54,0.25,9.85","3.3,-0.7,-0.3","12.750,-46.950,1.650",0.21,0.21,30.02,532603,5681,0,5,1.60,37.496728,126.957965,770,21,8,4,-1.00,0.00,999.00,0.0,0,0,2,0,-127,-127.0,0,-1,0
19:44:54,17.791,590980,590980,0,0,1,37.496745,126.957961,0.15,13.6,0.211,1,13.4,"-0.36,0.27,9.69","0.1,0.1,1.1","12.750,-46.650,1.650",0.07,0.09,30.02,532603,5682,0,5,1.60,37.496728,126.957965,771,21,8,4,-1.00,0.00,999.00,0.0,0,0,2,0,-127,-127.0,0,-1,0
19:44:54,17.903,591113,591113,0,0,1,37.496745,126.957961,0.15,13.6,0.211,1,13.4,"-0.43,0.29,9.66","2.4,0.6,2.5","12.750,-46.650,0.450",0.06,0.06,30.02,532603,5683,0,5,1.60,37.496728,126.957965,771,21,8,4,-1.00,0.00,999.00,0.0,0,0,2,0,-127,-127.0,0,-1,0
19:44:54,18.021,591201,591201,0,0,1,37.496745,126.957961,0.15,13.6,0.211,1,13.4,"-0.35,0.19,9.65","0.5,-1.8,0.5","12.600,-47.550,0.750",0.08,0.08,30.02,532603,5684,0,5,1.60,37.496728,126.957965,771,21,8,4,-1.00,0.00,999.00,0.0,0,0,2,0,-127,-127.0,0,-1,0
19:44:54,18.129,591311,591311,0,0,1,37.496745,126.957961,0.15,13.6,0.211,1,13.4,"-0.40,0.22,9.68","0.6,1.3,0.0","12.150,-47.550,1.500",0.01,0.11,30.02,532603,5685,0,5,1.60,37.496728,126.957965,771,21,8,4,-1.00,0.00,999.00,0.0,0,0,2,0,-127,-127.0,0,-1,0
19:44:55,18.184,591356,591356,0,0,1,37.496745,126.957961,0.15,13.6,0.211,1,13.4,"-0.38,0.10,9.69","4.1,-3.0,1.5","11.700,-48.000,1.800",0.13,0.19,30.02,532603,5686,0,5,1.60,37.496728,126.957965,771,21,8,4,-1.00,0.00,999.00,0.0,0,0,2,0,-127,-127.0,0,-1,0
19:44:55,18.288,591422,591422,0,0,1,37.496745,126.957961,0.15,13.6,0.211,1,13.4,"-0.40,0.30,9.65","3.3,-0.5,0.5","13.350,-46.350,1.500",0.08,0.08,30.02,532603,5686,0,5,1.60,37.496728,126.957965,771,21,8,4,-1.00,0.00,999.00,0.0,0,0,2,0,-127,-127.0,0,-1,0
19:44:55,18.345,591532,591532,0,0,1,37.496745,126.957961,0.15,13.6,0.211,1,13.4,"-0.45,0.24,9.71","-0.5,-0.1,-1.3","12.750,-46.200,2.400",0.04,0.05,30.02,532603,5687,0,5,1.60,37.496728,126.957965,771,21,8,4,-1.00,0.00,999.00,0.0,0,0,2,0,-127,-127.0,0,-1,0
19:44:55,18.399,591577,591577,0,0,1,37.496745,126.957961,0.15,13.6,0.211,1,13.4,"-0.38,0.32,9.74","-1.3,-1.0,-1.0","12.150,-47.250,1.800",0.11,0.11,30.02,532603,5688,0,5,1.60,37.496728,126.957965,771,21,8,4,-1.00,0.00,999.00,0.0,0,0,2,0,-127,-127.0,0,-1,0
19:44:55,18.608,591715,591715,0,0,1,37.496744,126.957962,0.18,13.6,0.211,1,13.4,"-0.50,0.30,9.65","2.0,-0.7,2.3","11.700,-46.050,2.250",0.13,0.13,30.02,532603,5689,0,5,1.60,37.496728,126.957967,772,21,8,4,-1.00,0.00,999.00,0.0,0,0,2,0,-127,-127.0,0,-1,0
19:44:55,18.917,591893,591893,0,0,1,37.496743,126.957962,0.09,13.6,0.000,1,13.4,"-0.43,0.27,9.67","2.0,0.9,-3.2","13.800,-46.200,2.400",0.06,0.09,30.02,532603,5691,0,5,1.60,37.496728,126.957967,773,21,8,4,-1.00,0.00,999.00,0.0,0,0,2,0,-127,-127.0,0,-1,0
19:44:55,19.034,592136,592136,0,0,1,37.496743,126.957962,0.09,13.6,0.000,1,13.4,"-0.38,0.23,9.66","0.1,1.7,-3.1","13.500,-47.400,3.150",0.04,0.13,30.02,532603,5693,0,5,1.60,37.496728,126.957967,773,21,8,4,-1.00,0.00,999.00,0.0,0,0,2,0,-127,-127.0,0,-1,0
19:44:55,19.096,592247,592247,0,0,1,37.496743,126.957962,0.09,13.6,0.000,1,13.4,"-0.50,0.22,9.57","0.6,-0.8,-1.9","13.800,-46.950,1.650",0.16,0.18,30.02,532603,5694,0,5,1.60,37.496728,126.957967,773,21,8,4,-1.00,0.00,999.00,0.0,0,0,2,0,-127,-127.0,0,-1,0
19:44:56,19.155,592335,592335,0,0,1,37.496743,126.957962,0.09,13.6,0.000,1,13.4,"-0.38,0.35,9.66","-2.3,0.1,-2.8","13.500,-46.650,2.400",0.13,0.16,30.02,532603,5695,0,5,1.60,37.496728,126.957967,773,21,8,4,-1.00,0.00,999.00,0.0,0,0,2,0,-127,-127.0,0,-1,0
19:44:56,19.214,592467,592467,0,0,1,37.496743,126.957962,0.09,13.6,0.000,1,13.4,"-0.32,0.20,9.68","1.1,-0.9,0.3","13.050,-47.400,1.650",0.08,0.14,30.02,532603,5697,0,5,1.60,37.496728,126.957967,773,21,8,4,-1.00,0.00,999.00,0.0,0,0,2,0,-127,-127.0,0,-1,0
19:44:56,19.220,592490,592490,0,0,1,37.496743,126.957962,0.09,13.6,0.000,1,13.4,"-0.35,0.28,9.54","0.7,0.7,-2.3","12.300,-46.950,1.650",0.16,0.16,30.02,532603,5697,0,5,1.60,37.496728,126.957967,773,21,8,4,-1.00,0.00,999.00,0.0,0,0,2,0,-127,-127.0,0,-1,0
19:44:56,19.423,592512,592512,0,0,1,37.496743,126.957962,0.09,13.6,0.000,1,13.4,"-0.45,0.21,9.74","-0.7,-2.4,0.2","12.300,-48.900,0.900",0.08,0.13,30.02,532603,5697,0,5,1.60,37.496728,126.957967,773,21,8,4,-1.00,0.00,999.00,0.0,0,0,2,0,-127,-127.0,0,-1,0
19:44:56,19.440,592672,592660,0,0,1,37.496741,126.957962,0.05,13.6,0.000,1,13.4,"-0.45,0.23,9.78","-1.0,-0.1,-0.4","13.350,-48.000,1.050",0.10,0.10,30.02,532603,5699,0,5,1.60,37.496728,126.957967,774,21,8,4,-1.00,0.00,999.00,0.0,0,0,2,0,-127,-127.0,0,-1,0
19:44:56,19.440,592694,592694,0,0,1,37.496741,126.957962,0.05,13.6,0.000,1,13.4,"-0.40,0.21,9.54","1.3,-0.2,0.9","12.900,-46.050,0.750",0.16,0.16,30.02,532603,5699,0,5,1.60,37.496728,126.957967,774,21,8,4,-1.00,0.00,999.00,0.0,0,0,2,0,-127,-127.0,0,-1,0
19:44:56,19.496,592738,592738,0,0,1,37.496741,126.957962,0.05,13.6,0.000,1,13.4,"-0.46,0.18,9.76","1.8,-2.7,0.9","13.800,-48.150,2.400",0.10,0.14,30.02,532603,5699,0,5,1.60,37.496728,126.957967,774,21,8,4,-1.00,0.00,999.00,0.0,0,0,2,0,-127,-127.0,0,-1,0
19:44:56,19.550,592782,592782,0,0,1,37.496740,126.957963,0.02,13.6,0.000,1,13.4,"-0.39,0.23,9.73","0.8,-0.4,1.3","11.700,-46.800,0.300",0.04,0.12,30.02,532603,5700,0,5,1.60,37.496728,126.957967,775,21,8,4,-1.00,0.00,999.00,0.0,0,0,2,0,-127,-127.0,0,-1,0
19:44:56,19.554,592826,592826,0,0,1,37.496740,126.957963,0.02,13.6,0.000,1,13.4,"-0.43,0.29,9.74","2.0,-1.2,1.6","11.550,-47.400,1.200",0.07,0.11,30.02,532603,5700,0,5,1.60,37.496728,126.957967,775,21,8,4,-1.00,0.00,999.00,0.0,0,0,2,0,-127,-127.0,0,-1,0
19:44:56,19.554,592848,592848,0,0,1,37.496740,126.957963,0.02,13.6,0.000,1,13.4,"-0.34,0.11,9.65","-0.1,3.1,-0.8","13.650,-47.550,1.500",0.14,0.16,30.02,532603,5700,0,5,1.60,37.496728,126.957967,775,21,8,4,-1.00,0.00,999.00,0.0,0,0,2,0,-127,-127.0,0,-1,0
19:44:56,19.606,592870,592870,0,0,1,37.496740,126.957963,0.02,13.6,0.000,1,13.4,"-0.47,0.17,9.76","-0.5,-0.2,-3.3","13.500,-46.650,0.900",0.11,0.11,30.02,532603,5700,0,5,1.60,37.496728,126.957967,775,21,8,4,-1.00,0.00,999.00,0.0,0,0,2,0,-127,-127.0,0,-1,0
19:44:56,19.663,592915,592915,0,0,1,37.496740,126.957963,0.02,13.6,0.000,1,13.4,"-0.46,0.20,9.82","0.8,-1.9,0.6","11.400,-47.250,1.050",0.13,0.13,30.02,532603,5701,0,5,1.60,37.496728,126.957967,775,21,8,4,-1.00,0.00,999.00,0.0,0,0,2,0,-127,-127.0,0,-1,0
19:44:56,19.768,592981,592981,0,0,1,37.496740,126.957963,0.02,13.6,0.000,1,13.4,"-0.33,0.26,9.67","0.7,-0.6,0.8","13.050,-46.650,2.400",0.09,0.15,30.02,532603,5702,0,5,1.60,37.496728,126.957967,775,21,8,4,-1.00,0.00,999.00,0.0,0,0,2,0,-127,-127.0,0,-1,0
19:44:56,19.778,593004,593004,0,0,1,37.496740,126.957963,0.02,13.6,0.000,1,13.4,"-0.39,0.31,9.58","-1.0,1.7,0.9","13.050,-46.950,0.900",0.13,0.13,30.02,532603,5702,0,5,1.60,37.496728,126.957967,775,21,8,4,-1.00,0.00,999.00,0.0,0,0,2,0,-127,-127.0,0,-1,0
19:44:56,19.932,593070,593070,0,0,1,37.496740,126.957963,0.02,13.6,0.000,1,13.4,"-0.32,0.25,9.69","0.8,-1.4,-0.2","12.750,-46.650,2.700",0.08,0.13,30.02,532603,5702,0,5,1.60,37.496728,126.957967,775,21,8,4,-1.00,0.00,999.00,0.0,0,0,2,0,-127,-127.0,0,-1,0
19:44:56,19.998,593226,593226,0,0,1,37.496740,126.957963,0.02,13.6,0.000,1,13.4,"-0.55,0.15,9.62","2.1,1.3,1.8","11.550,-46.200,1.200",0.19,0.19,30.02,532603,5704,0,5,1.60,37.496728,126.957967,775,21,8,4,-1.00,0.00,999.00,0.0,0,0,2,0,-127,-127.0,0,-1,0
19:44:56,20.001,593270,593270,0,0,1,37.496740,126.957963,0.02,13.6,0.000,1,13.4,"-0.52,0.28,9.82","0.1,-2.4,-1.7","12.900,-47.550,1.050",0.16,0.16,30.02,532603,5704,0,5,1.60,37.496728,126.957967,775,21,8,4,-1.00,0.00,999.00,0.0,0,0,2,0,-127,-127.0,0,-1,0
19:44:56,20.053,593315,593315,0,0,1,37.496740,126.957963,0.02,13.6,0.000,1,13.4,"-0.40,0.32,9.73","1.0,1.3,1.0","12.600,-48.300,1.500",0.09,0.15,30.02,532603,5705,0,5,1.60,37.496728,126.957967,775,21,8,4,-1.00,0.00,999.00,0.0,0,0,2,0,-127,-127.0,0,-1,0
19:44:56,20.058,593337,593337,0,0,1,37.496740,126.957963,0.02,13.6,0.000,1,13.4,"-0.41,0.24,9.70","0.5,0.8,-1.7","12.750,-48.150,1.650",0.01,0.15,30.02,532603,5705,0,5,1.60,37.496728,126.957967,775,21,8,4,-1.00,0.00,999.00,0.0,0,0,2,0,-127,-127.0,0,-1,0
19:44:57,20.214,593359,593359,0,0,1,37.496740,126.957963,0.02,13.6,0.000,1,13.4,"-0.34,0.06,9.66","-0.3,0.2,1.2","14.100,-48.300,0.000",0.19,0.19,30.02,532603,5705,0,5,1.60,37.496728,126.957967,775,21,8,4,-1.00,0.00,999.00,0.0,0,0,2,0,-127,-127.0,0,-1,0
19:44:57,20.227,593491,593491,0,0,1,37.496740,126.957963,0.02,13.6,0.000,1,13.4,"-0.38,0.16,9.69","-0.9,-0.8,-1.6","13.050,-45.000,2.700",0.07,0.16,30.02,532603,5706,0,5,1.60,37.496728,126.957967,775,21,8,4,-1.00,0.00,999.00,0.0,0,0,2,0,-127,-127.0,0,-1,0
19:44:57,20.279,593514,593514,0,0,1,37.496740,126.957963,0.02,13.6,0.000,1,13.4,"-0.46,0.07,9.72","0.5,-3.8,0.0","14.100,-48.000,0.750",0.17,0.19,30.02,532603,5707,0,5,1.60,37.496728,126.957967,775,21,8,4,-1.00,0.00,999.00,0.0,0,0,2,0,-127,-127.0,0,-1,0
19:44:57,20.282,593558,593558,0,0,1,37.496740,126.957963,0.02,13.6,0.000,1,13.4,"-0.51,0.24,9.59","0.8,-0.9,2.0","11.700,-46.050,2.250",0.14,0.14,30.02,532603,5707,0,5,1.60,37.496728,126.957967,775,21,8,4,-1.00,0.00,999.00,0.0,0,0,2,0,-127,-127.0,0,-1,0
19:44:57,20.416,593580,593580,0,0,1,37.496740,126.957963,0.02,13.6,0.000,1,13.4,"-0.34,0.22,9.62","0.2,-2.4,-1.6","13.500,-45.000,0.900",0.09,0.13,30.02,532603,5707,0,5,1.60,37.496728,126.957967,775,21,8,4,-1.00,0.00,999.00,0.0,0,0,2,0,-127,-127.0,0,-1,0
