시각,경과초,노드,항목,값
16:25:18,0.79,차량,위험,0
16:25:18,0.80,차량,원시위험,0
16:25:18,0.81,차량,GPS유효,1
16:25:18,0.83,차량,위도,37.496962
16:25:18,0.84,차량,경도,126.958308
16:25:18,0.84,차량,속도,0.42
16:25:18,0.85,차량,방향,61.1
16:25:18,0.86,차량,가속도,"-1.05,1.13,9.79"
16:25:18,0.87,차량,자이로,"-1.2,-0.5,-1.2"
16:25:18,0.87,차량,충격값,0.20
16:25:18,0.88,차량,송신,14534
16:25:18,0.89,차량,지팡이수신,13009
16:25:18,0.89,차량,GPS위성,6
16:25:18,0.90,차량,GPS_HDOP,1.50
16:25:18,0.91,차량,원시위도,37.496968
16:25:18,0.91,차량,원시경도,126.958322
16:25:18,0.92,차량,GPS채택,160
16:25:18,0.93,차량,GPS이상치거부,14
16:25:18,0.93,차량,GPS품질거부,50
16:25:18,0.94,차량,GPS재기준,4
16:25:18,0.95,차량,계산거리,14.33
16:25:18,0.95,차량,접근속도,-0.10
16:25:18,0.96,차량,TTC,999.00
16:25:18,0.97,차량,방향오차,-151.1
16:25:18,0.97,차량,전방여부,0
16:25:18,0.98,차량,위험음성횟수,11
16:25:18,0.99,차량,충격음성횟수,3
16:25:18,0.99,차량,마지막위험음성,1
16:25:18,1.00,차량,RSSI원시,-71
16:25:18,1.00,차량,RSSI평활,-72.4
16:25:18,1.01,차량,RSSI샘플,13009
16:25:18,1.02,차량,RSSI경과ms,49
16:25:18,1.02,차량,위험송신,13009
16:25:19,1.52,지팡이,위험,0
16:25:19,1.54,지팡이,GPS유효,1
16:25:19,1.55,지팡이,위도,37.496960
16:25:19,1.56,지팡이,경도,126.958153
16:25:19,1.57,지팡이,속도,0.01
16:25:19,1.58,지팡이,방향,20.2
16:25:19,1.58,지팡이,가속도,"-2.44,3.29,8.78"
16:25:19,1.59,지팡이,송신,13301
16:25:19,1.60,지팡이,GPS위성,8
16:25:19,1.61,지팡이,GPS_HDOP,1.16
16:25:19,1.61,지팡이,원시위도,37.496961
16:25:19,1.62,지팡이,원시경도,126.958151
16:25:19,1.63,지팡이,GPS채택,991
16:25:19,1.63,지팡이,GPS이상치거부,6
16:25:19,1.64,지팡이,GPS품질거부,24
16:25:19,1.65,지팡이,GPS재기준,1
16:25:19,1.65,지팡이,RSSI원시,-74
16:25:19,1.66,지팡이,RSSI평활,-73.1
16:25:19,1.67,지팡이,RSSI샘플,24761
16:25:19,1.67,지팡이,RSSI경과ms,4
16:25:19,1.68,지팡이,차량수신,12290
16:25:19,1.74,차량,위험,0
16:25:19,1.75,차량,원시위험,0
16:25:19,1.75,차량,GPS유효,1
16:25:19,1.76,차량,위도,37.496963
16:25:19,1.77,차량,경도,126.958311
16:25:19,1.77,차량,속도,0.26
16:25:19,1.78,차량,방향,61.1
16:25:19,1.79,차량,가속도,"-0.98,1.12,9.53"
16:25:19,1.80,차량,자이로,"1.7,-1.1,-0.8"
16:25:19,1.80,차량,충격값,0.12
16:25:19,1.81,차량,송신,14544
16:25:19,1.82,차량,지팡이수신,13019
16:25:19,1.82,차량,GPS위성,6
16:25:19,1.83,차량,GPS_HDOP,1.50
16:25:19,1.84,차량,원시위도,37.496963
16:25:19,1.84,차량,원시경도,126.958330
16:25:19,1.85,차량,GPS채택,162
16:25:19,1.86,차량,GPS이상치거부,14
16:25:19,1.86,차량,GPS품질거부,50
16:25:19,1.87,차량,GPS재기준,4
16:25:19,1.88,차량,계산거리,13.98
16:25:19,1.88,차량,접근속도,0.16
16:25:19,1.89,차량,TTC,999.00
16:25:19,1.90,차량,방향오차,-151.1
16:25:19,1.90,차량,전방여부,0
16:25:19,1.91,차량,위험음성횟수,11
16:25:19,1.92,차량,충격음성횟수,3
16:25:19,1.92,차량,마지막위험음성,1
16:25:19,1.93,차량,RSSI원시,-72
16:25:19,1.94,차량,RSSI평활,-71.8
16:25:19,1.94,차량,RSSI샘플,13019
16:25:19,1.95,차량,RSSI경과ms,15
16:25:19,1.96,차량,위험송신,13019
16:25:20,2.40,지팡이,위험,0
16:25:20,2.42,지팡이,GPS유효,1
16:25:20,2.43,지팡이,위도,37.496964
16:25:20,2.44,지팡이,경도,126.958153
16:25:20,2.45,지팡이,속도,0.02
16:25:20,2.46,지팡이,방향,20.2
16:25:20,2.47,지팡이,가속도,"-2.40,3.14,8.73"
16:25:20,2.47,지팡이,송신,13310
16:25:20,2.48,지팡이,GPS위성,8
16:25:20,2.49,지팡이,GPS_HDOP,1.16
16:25:20,2.50,지팡이,원시위도,37.496964
16:25:20,2.50,지팡이,원시경도,126.958153
16:25:20,2.51,지팡이,GPS채택,993
16:25:20,2.52,지팡이,GPS이상치거부,6
16:25:20,2.52,지팡이,GPS품질거부,24
16:25:20,2.53,지팡이,GPS재기준,1
16:25:20,2.54,지팡이,RSSI원시,-72
16:25:20,2.54,지팡이,RSSI평활,-71.9
16:25:20,2.55,지팡이,RSSI샘플,24778
16:25:20,2.56,지팡이,RSSI경과ms,70
16:25:20,2.56,지팡이,차량수신,12298
16:25:20,2.84,차량,위험,0
16:25:20,2.85,차량,원시위험,0
16:25:20,2.87,차량,GPS유효,1
16:25:20,2.88,차량,위도,37.496962
16:25:20,2.89,차량,경도,126.958315
16:25:20,2.89,차량,속도,0.15
16:25:20,2.90,차량,방향,61.1
16:25:20,2.91,차량,가속도,"-1.21,1.00,9.60"
16:25:20,2.92,차량,자이로,"-0.5,-0.2,-1.5"
16:25:20,2.92,차량,충격값,0.19
16:25:20,2.93,차량,송신,14553
16:25:20,2.94,차량,지팡이수신,13027
16:25:20,2.95,차량,GPS위성,6
16:25:20,2.95,차량,GPS_HDOP,1.50
16:25:20,2.96,차량,원시위도,37.496957
16:25:20,2.96,차량,원시경도,126.958335
16:25:20,2.97,차량,GPS채택,164
16:25:20,2.98,차량,GPS이상치거부,14
16:25:20,2.98,차량,GPS품질거부,50
16:25:20,2.99,차량,GPS재기준,4
16:25:20,3.00,차량,계산거리,14.32
16:25:20,3.00,차량,접근속도,0.11
16:25:20,3.01,차량,TTC,999.00
16:25:20,3.02,차량,방향오차,-151.1
16:25:20,3.02,차량,전방여부,0
16:25:20,3.03,차량,위험음성횟수,11
16:25:20,3.04,차량,충격음성횟수,3
16:25:20,3.04,차량,마지막위험음성,1
16:25:20,3.05,차량,RSSI원시,-71
16:25:20,3.06,차량,RSSI평활,-70.5
16:25:20,3.06,차량,RSSI샘플,13027
16:25:20,3.07,차량,RSSI경과ms,100
16:25:20,3.08,차량,위험송신,13027
16:25:21,3.41,지팡이,위험,0
16:25:21,3.43,지팡이,GPS유효,1
16:25:21,3.44,지팡이,위도,37.496964
16:25:21,3.45,지팡이,경도,126.958153
16:25:21,3.46,지팡이,속도,0.02
16:25:21,3.47,지팡이,방향,20.2
16:25:21,3.48,지팡이,가속도,"-2.41,3.11,8.83"
16:25:21,3.48,지팡이,송신,13320
16:25:21,3.49,지팡이,GPS위성,8
16:25:21,3.50,지팡이,GPS_HDOP,1.16
16:25:21,3.50,지팡이,원시위도,37.496966
16:25:21,3.51,지팡이,원시경도,126.958156
16:25:21,3.52,지팡이,GPS채택,995
16:25:21,3.52,지팡이,GPS이상치거부,6
16:25:21,3.53,지팡이,GPS품질거부,24
16:25:21,3.54,지팡이,GPS재기준,1
16:25:21,3.54,지팡이,RSSI원시,-70
16:25:21,3.55,지팡이,RSSI평활,-71.6
16:25:21,3.56,지팡이,RSSI샘플,24798
16:25:21,3.56,지팡이,RSSI경과ms,35
16:25:21,3.57,지팡이,차량수신,12308
16:25:21,3.75,차량,위험,0
16:25:21,3.76,차량,원시위험,0
16:25:21,3.77,차량,GPS유효,1
16:25:21,3.78,차량,위도,37.496959
16:25:21,3.79,차량,경도,126.958319
16:25:21,3.80,차량,속도,0.17
16:25:21,3.80,차량,방향,61.1
16:25:21,3.81,차량,가속도,"-0.97,1.13,9.58"
16:25:21,3.82,차량,자이로,"0.3,-1.0,0.1"
16:25:21,3.82,차량,충격값,0.11
16:25:21,3.83,차량,송신,14563
16:25:21,3.84,차량,지팡이수신,13037
16:25:21,3.84,차량,GPS위성,6
16:25:21,3.85,차량,GPS_HDOP,1.50
16:25:21,3.86,차량,원시위도,37.496947
16:25:21,3.86,차량,원시경도,126.958342
16:25:21,3.87,차량,GPS채택,166
16:25:21,3.88,차량,GPS이상치거부,14
16:25:21,3.88,차량,GPS품질거부,50
16:25:21,3.89,차량,GPS재기준,4
16:25:21,3.90,차량,계산거리,14.70
16:25:21,3.90,차량,접근속도,-0.20
16:25:21,3.91,차량,TTC,999.00
16:25:21,3.92,차량,방향오차,-151.1
16:25:21,3.92,차량,전방여부,0
16:25:21,3.93,차량,위험음성횟수,11
16:25:21,3.94,차량,충격음성횟수,3
16:25:21,3.94,차량,마지막위험음성,1
16:25:21,3.95,차량,RSSI원시,-68
16:25:21,3.96,차량,RSSI평활,-69.3
16:25:21,3.97,차량,RSSI샘플,13037
16:25:21,3.97,차량,RSSI경과ms,76
16:25:21,3.98,차량,위험송신,13037
16:25:23,5.46,지팡이,위험,0
16:25:23,5.48,지팡이,GPS유효,1
16:25:23,5.49,지팡이,위도,37.496967
16:25:23,5.50,지팡이,경도,126.958160
16:25:23,5.51,지팡이,속도,0.03
16:25:23,5.52,지팡이,방향,20.2
16:25:23,5.53,지팡이,가속도,"-2.43,3.20,9.46"
16:25:23,5.53,지팡이,송신,13340
16:25:23,5.54,지팡이,GPS위성,8
16:25:23,5.55,지팡이,GPS_HDOP,1.16
16:25:23,5.56,지팡이,원시위도,37.496969
16:25:23,5.56,지팡이,원시경도,126.958163
16:25:23,5.57,지팡이,GPS채택,999
16:25:23,5.58,지팡이,GPS이상치거부,6
16:25:23,5.58,지팡이,GPS품질거부,24
16:25:23,5.59,지팡이,GPS재기준,1
16:25:23,5.59,지팡이,RSSI원시,-71
16:25:23,5.60,지팡이,RSSI평활,-73.2
16:25:23,5.61,지팡이,RSSI샘플,24833
16:25:23,5.61,지팡이,RSSI경과ms,9
16:25:23,5.62,지팡이,차량수신,12324
16:25:23,5.74,차량,위험,0
16:25:23,5.75,차량,원시위험,0
16:25:23,5.76,차량,GPS유효,1
16:25:23,5.77,차량,위도,37.496953
16:25:23,5.78,차량,경도,126.958329
16:25:23,5.78,차량,속도,0.19
16:25:23,5.79,차량,방향,61.1
16:25:23,5.80,차량,가속도,"-0.93,1.05,9.61"
16:25:23,5.80,차량,자이로,"-1.3,0.8,-0.8"
16:25:23,5.81,차량,충격값,0.09
16:25:23,5.82,차량,송신,14583
16:25:23,5.82,차량,지팡이수신,13056
16:25:23,5.83,차량,GPS위성,6
16:25:23,5.84,차량,GPS_HDOP,1.50
16:25:23,5.84,차량,원시위도,37.496933
16:25:23,5.85,차량,원시경도,126.958352
16:25:23,5.86,차량,GPS채택,170
16:25:23,5.86,차량,GPS이상치거부,14
16:25:23,5.87,차량,GPS품질거부,50
16:25:23,5.88,차량,GPS재기준,4
16:25:23,5.88,차량,계산거리,14.95
16:25:23,5.89,차량,접근속도,-0.19
16:25:23,5.90,차량,TTC,999.00
16:25:23,5.90,차량,방향오차,-145.3
16:25:23,5.91,차량,전방여부,0
16:25:23,5.92,차량,위험음성횟수,11
16:25:23,5.92,차량,충격음성횟수,3
16:25:23,5.93,차량,마지막위험음성,1
16:25:23,5.94,차량,RSSI원시,-74
16:25:23,5.94,차량,RSSI평활,-71.9
16:25:23,5.95,차량,RSSI샘플,13056
16:25:23,5.95,차량,RSSI경과ms,28
16:25:23,5.96,차량,위험송신,13056
16:25:24,6.50,지팡이,위험,0
16:25:24,6.52,지팡이,GPS유효,1
16:25:24,6.53,지팡이,위도,37.496971
16:25:24,6.54,지팡이,경도,126.958160
16:25:24,6.55,지팡이,속도,0.06
16:25:24,6.56,지팡이,방향,20.2
16:25:24,6.56,지팡이,가속도,"-1.53,0.43,2.84"
16:25:24,6.57,지팡이,송신,13349
16:25:24,6.58,지팡이,GPS위성,8
16:25:24,6.58,지팡이,GPS_HDOP,1.16
16:25:24,6.59,지팡이,원시위도,37.496970
16:25:24,6.60,지팡이,원시경도,126.958164
16:25:24,6.60,지팡이,GPS채택,1001
16:25:24,6.61,지팡이,GPS이상치거부,6
16:25:24,6.62,지팡이,GPS품질거부,24
16:25:24,6.62,지팡이,GPS재기준,1
16:25:24,6.63,지팡이,RSSI원시,-76
16:25:24,6.64,지팡이,RSSI평활,-72.4
16:25:24,6.64,지팡이,RSSI샘플,24850
16:25:24,6.65,지팡이,RSSI경과ms,57
16:25:24,6.66,지팡이,차량수신,12333
16:25:25,7.51,지팡이,위험,0
16:25:25,7.52,지팡이,GPS유효,1
16:25:25,7.52,지팡이,위도,37.496975
16:25:25,7.53,지팡이,경도,126.958160
16:25:25,7.54,지팡이,속도,0.26
16:25:25,7.54,지팡이,방향,20.2
16:25:25,7.55,지팡이,가속도,"-1.54,2.24,9.62"
16:25:25,7.56,지팡이,송신,13359
16:25:25,7.57,지팡이,GPS위성,8
16:25:25,7.57,지팡이,GPS_HDOP,1.16
16:25:25,7.58,지팡이,원시위도,37.496975
16:25:25,7.59,지팡이,원시경도,126.958162
16:25:25,7.59,지팡이,GPS채택,1003
16:25:25,7.60,지팡이,GPS이상치거부,6
16:25:25,7.61,지팡이,GPS품질거부,24
16:25:25,7.61,지팡이,GPS재기준,1
16:25:25,7.62,지팡이,RSSI원시,-74
16:25:25,7.63,지팡이,RSSI평활,-75.1
16:25:25,7.63,지팡이,RSSI샘플,24867
16:25:25,7.64,지팡이,RSSI경과ms,26
16:25:25,7.65,지팡이,차량수신,12341
16:25:25,7.81,차량,위험,0
16:25:25,7.82,차량,원시위험,0
16:25:25,7.83,차량,GPS유효,1
16:25:25,7.84,차량,위도,37.496944
16:25:25,7.85,차량,경도,126.958329
16:25:25,7.86,차량,속도,0.31
16:25:25,7.86,차량,방향,61.1
16:25:25,7.87,차량,가속도,"-0.99,1.02,9.62"
16:25:25,7.88,차량,자이로,"0.9,1.3,-1.1"
16:25:25,7.89,차량,충격값,0.03
16:25:25,7.89,차량,송신,14602
16:25:25,7.90,차량,지팡이수신,13073
16:25:25,7.91,차량,GPS위성,6
16:25:25,7.91,차량,GPS_HDOP,1.50
16:25:25,7.92,차량,원시위도,37.496922
16:25:25,7.93,차량,원시경도,126.958317
16:25:25,7.93,차량,GPS채택,174
16:25:25,7.94,차량,GPS이상치거부,14
16:25:25,7.94,차량,GPS품질거부,50
16:25:25,7.95,차량,GPS재기준,4
16:25:25,7.96,차량,계산거리,15.22
16:25:25,7.96,차량,접근속도,-0.17
16:25:25,7.97,차량,TTC,999.00
16:25:25,7.98,차량,방향오차,-138.9
16:25:25,7.98,차량,전방여부,0
16:25:25,7.99,차량,위험음성횟수,11
16:25:25,8.00,차량,충격음성횟수,3
16:25:25,8.00,차량,마지막위험음성,1
16:25:25,8.01,차량,RSSI원시,-74
16:25:25,8.02,차량,RSSI평활,-74.8
16:25:25,8.02,차량,RSSI샘플,13073
16:25:25,8.03,차량,RSSI경과ms,99
16:25:25,8.04,차량,위험송신,13073
16:25:26,8.54,지팡이,위험,0
16:25:26,8.55,지팡이,GPS유효,1
16:25:26,8.57,지팡이,위도,37.496979
16:25:26,8.58,지팡이,경도,126.958168
16:25:26,8.59,지팡이,속도,0.28
16:25:26,8.59,지팡이,방향,20.2
16:25:26,8.60,지팡이,가속도,"-2.34,3.10,8.49"
16:25:26,8.61,지팡이,송신,13369
16:25:26,8.62,지팡이,GPS위성,8
16:25:26,8.62,지팡이,GPS_HDOP,1.16
16:25:26,8.63,지팡이,원시위도,37.496980
16:25:26,8.64,지팡이,원시경도,126.958172
16:25:26,8.64,지팡이,GPS채택,1005
16:25:26,8.65,지팡이,GPS이상치거부,6
16:25:26,8.66,지팡이,GPS품질거부,24
16:25:26,8.66,지팡이,GPS재기준,1
16:25:26,8.67,지팡이,RSSI원시,-75
16:25:26,8.68,지팡이,RSSI평활,-74.1
16:25:26,8.68,지팡이,RSSI샘플,24885
16:25:26,8.69,지팡이,RSSI경과ms,6
16:25:26,8.70,지팡이,차량수신,12349
16:25:27,9.45,지팡이,위험,0
16:25:27,9.47,지팡이,GPS유효,1
16:25:27,9.48,지팡이,위도,37.496983
16:25:27,9.49,지팡이,경도,126.958176
16:25:27,9.50,지팡이,속도,0.17
16:25:27,9.51,지팡이,방향,20.2
16:25:27,9.52,지팡이,가속도,"-2.78,3.55,8.60"
16:25:27,9.52,지팡이,송신,13379
16:25:27,9.53,지팡이,GPS위성,8
16:25:27,9.54,지팡이,GPS_HDOP,1.16
16:25:27,9.54,지팡이,원시위도,37.496983
16:25:27,9.55,지팡이,원시경도,126.958173
16:25:27,9.56,지팡이,GPS채택,1007
16:25:27,9.56,지팡이,GPS이상치거부,6
16:25:27,9.57,지팡이,GPS품질거부,24
16:25:27,9.58,지팡이,GPS재기준,1
16:25:27,9.58,지팡이,RSSI원시,-73
16:25:27,9.59,지팡이,RSSI평활,-73.0
16:25:27,9.60,지팡이,RSSI샘플,24904
16:25:27,9.60,지팡이,RSSI경과ms,28
16:25:27,9.61,지팡이,차량수신,12358
16:25:27,9.78,차량,위험,0
16:25:27,9.79,차량,원시위험,0
16:25:27,9.80,차량,GPS유효,1
16:25:27,9.81,차량,위도,37.496940
16:25:27,9.82,차량,경도,126.958323
16:25:27,9.83,차량,속도,0.38
16:25:27,9.83,차량,방향,61.1
16:25:27,9.84,차량,가속도,"-0.93,1.13,9.58"
16:25:27,9.85,차량,자이로,"-0.9,1.9,0.6"
16:25:27,9.85,차량,충격값,0.13
16:25:27,9.86,차량,송신,14622
16:25:27,9.87,차량,지팡이수신,13092
16:25:27,9.87,차량,GPS위성,5
16:25:27,9.88,차량,GPS_HDOP,1.80
16:25:27,9.89,차량,원시위도,37.496923
16:25:27,9.89,차량,원시경도,126.958270
16:25:27,9.90,차량,GPS채택,176
16:25:27,9.91,차량,GPS이상치거부,16
16:25:27,9.91,차량,GPS품질거부,50
16:25:27,9.92,차량,GPS재기준,4
16:25:27,9.93,차량,계산거리,13.80
16:25:27,9.93,차량,접근속도,0.48
16:25:27,9.94,차량,TTC,999.00
16:25:27,9.95,차량,방향오차,-131.8
16:25:27,9.95,차량,전방여부,0
16:25:27,9.96,차량,위험음성횟수,11
16:25:27,9.97,차량,충격음성횟수,3
16:25:27,9.97,차량,마지막위험음성,1
16:25:27,9.98,차량,RSSI원시,-73
16:25:27,9.98,차량,RSSI평활,-72.8
16:25:27,9.99,차량,RSSI샘플,13092
16:25:27,10.00,차량,RSSI경과ms,55
16:25:27,10.00,차량,위험송신,13092
16:25:28,10.50,지팡이,위험,0
16:25:28,10.52,지팡이,GPS유효,1
16:25:28,10.53,지팡이,위도,37.496986
16:25:28,10.54,지팡이,경도,126.958176
16:25:28,10.55,지팡이,속도,0.12
16:25:28,10.56,지팡이,방향,20.2
16:25:28,10.57,지팡이,가속도,"-2.71,3.43,8.62"
16:25:28,10.57,지팡이,송신,13389
16:25:28,10.58,지팡이,GPS위성,8
16:25:28,10.59,지팡이,GPS_HDOP,1.05
16:25:28,10.60,지팡이,원시위도,37.496988
16:25:28,10.60,지팡이,원시경도,126.958178
16:25:28,10.61,지팡이,GPS채택,1009
16:25:28,10.61,지팡이,GPS이상치거부,6
16:25:28,10.62,지팡이,GPS품질거부,24
16:25:28,10.63,지팡이,GPS재기준,1
16:25:28,10.63,지팡이,RSSI원시,-74
16:25:28,10.64,지팡이,RSSI평활,-73.0
16:25:28,10.65,지팡이,RSSI샘플,24923
16:25:28,10.65,지팡이,RSSI경과ms,13
16:25:28,10.66,지팡이,차량수신,12368
16:25:29,11.53,지팡이,위험,1
16:25:29,11.54,지팡이,GPS유효,1
16:25:29,11.55,지팡이,위도,37.496990
16:25:29,11.56,지팡이,경도,126.958183
16:25:29,11.57,지팡이,속도,0.17
16:25:29,11.58,지팡이,방향,20.2
16:25:29,11.59,지팡이,가속도,"-2.66,3.63,8.63"
16:25:29,11.60,지팡이,송신,13398
16:25:29,11.61,지팡이,GPS위성,8
16:25:29,11.61,지팡이,GPS_HDOP,1.05
16:25:29,11.62,지팡이,원시위도,37.496991
16:25:29,11.63,지팡이,원시경도,126.958186
16:25:29,11.63,지팡이,GPS채택,1011
16:25:29,11.64,지팡이,GPS이상치거부,6
16:25:29,11.65,지팡이,GPS품질거부,24
16:25:29,11.65,지팡이,GPS재기준,1
16:25:29,11.66,지팡이,RSSI원시,-74
16:25:29,11.66,지팡이,RSSI평활,-73.5
16:25:29,11.67,지팡이,RSSI샘플,24941
16:25:29,11.68,지팡이,RSSI경과ms,29
16:25:29,11.68,지팡이,차량수신,12378
16:25:30,12.46,지팡이,위험,1
16:25:30,12.47,지팡이,GPS유효,1
16:25:30,12.48,지팡이,위도,37.496994
16:25:30,12.50,지팡이,경도,126.958191
16:25:30,12.51,지팡이,속도,0.22
16:25:30,12.51,지팡이,방향,20.2
16:25:30,12.52,지팡이,가속도,"-2.67,3.49,8.64"
16:25:30,12.53,지팡이,송신,13408
16:25:30,12.54,지팡이,GPS위성,7
16:25:30,12.54,지팡이,GPS_HDOP,1.23
16:25:30,12.55,지팡이,원시위도,37.496995
16:25:30,12.56,지팡이,원시경도,126.958191
16:25:30,12.56,지팡이,GPS채택,1013
16:25:30,12.57,지팡이,GPS이상치거부,6
16:25:30,12.58,지팡이,GPS품질거부,24
16:25:30,12.58,지팡이,GPS재기준,1
16:25:30,12.59,지팡이,RSSI원시,-77
16:25:30,12.60,지팡이,RSSI평활,-75.0
16:25:30,12.60,지팡이,RSSI샘플,24958
16:25:30,12.61,지팡이,RSSI경과ms,0
16:25:30,12.62,지팡이,차량수신,12386
16:25:30,12.78,차량,위험,1
16:25:30,12.79,차량,원시위험,1
16:25:30,12.80,차량,GPS유효,1
16:25:30,12.81,차량,위도,37.496941
16:25:30,12.82,차량,경도,126.958185
16:25:30,12.83,차량,속도,0.53
16:25:30,12.84,차량,방향,65.0
16:25:30,12.84,차량,가속도,"-1.03,0.93,9.48"
16:25:30,12.85,차량,자이로,"-2.0,-0.1,-1.8"
16:25:30,12.86,차량,충격값,0.39
16:25:30,12.86,차량,송신,14651
16:25:30,12.87,차량,지팡이수신,13119
16:25:30,12.88,차량,GPS위성,6
16:25:30,12.88,차량,GPS_HDOP,1.50
16:25:30,12.89,차량,원시위도,37.496940
16:25:30,12.90,차량,원시경도,126.958180
16:25:30,12.90,차량,GPS채택,182
16:25:30,12.91,차량,GPS이상치거부,17
16:25:30,12.92,차량,GPS품질거부,50
16:25:30,12.92,차량,GPS재기준,5
16:25:30,12.93,차량,계산거리,5.97
16:25:30,12.93,차량,접근속도,2.15
16:25:30,12.94,차량,TTC,999.00
16:25:30,12.95,차량,방향오차,-60.6
16:25:30,12.95,차량,전방여부,0
16:25:30,12.96,차량,위험음성횟수,12
16:25:30,12.97,차량,충격음성횟수,4
16:25:30,12.97,차량,마지막위험음성,1
16:25:30,12.98,차량,RSSI원시,-72
16:25:30,12.99,차량,RSSI평활,-72.3
16:25:30,12.99,차량,RSSI샘플,13119
16:25:30,13.00,차량,RSSI경과ms,94
16:25:30,13.01,차량,위험송신,13119
16:25:31,13.55,지팡이,위험,1
16:25:31,13.57,지팡이,GPS유효,1
16:25:31,13.58,지팡이,위도,37.496998
16:25:31,13.59,지팡이,경도,126.958191
16:25:31,13.60,지팡이,속도,0.19
16:25:31,13.61,지팡이,방향,20.2
16:25:31,13.62,지팡이,가속도,"-2.68,3.51,8.76"
16:25:31,13.63,지팡이,송신,13418
16:25:31,13.63,지팡이,GPS위성,7
16:25:31,13.64,지팡이,GPS_HDOP,1.23
16:25:31,13.65,지팡이,원시위도,37.496998
16:25:31,13.65,지팡이,원시경도,126.958195
16:25:31,13.66,지팡이,GPS채택,1015
16:25:31,13.67,지팡이,GPS이상치거부,6
16:25:31,13.67,지팡이,GPS품질거부,24
16:25:31,13.68,지팡이,GPS재기준,1
16:25:31,13.69,지팡이,RSSI원시,-69
16:25:31,13.69,지팡이,RSSI평활,-72.0
16:25:31,13.70,지팡이,RSSI샘플,24976
16:25:31,13.71,지팡이,RSSI경과ms,49
16:25:31,13.71,지팡이,차량수신,12394
16:25:31,13.88,차량,위험,1
16:25:31,13.89,차량,원시위험,1
16:25:31,13.89,차량,GPS유효,1
16:25:31,13.90,차량,위도,37.496945
16:25:31,13.91,차량,경도,126.958160
16:25:31,13.92,차량,속도,0.57
16:25:31,13.92,차량,방향,39.2
16:25:31,13.93,차량,가속도,"0.61,3.28,12.49"
16:25:31,13.94,차량,자이로,"-9.9,-2.1,2.8"
16:25:31,13.95,차량,충격값,4.07
16:25:31,13.95,차량,송신,14660
16:25:31,13.96,차량,지팡이수신,13129
16:25:31,13.97,차량,GPS위성,6
16:25:31,13.97,차량,GPS_HDOP,1.50
16:25:31,13.98,차량,원시위도,37.496943
16:25:31,13.99,차량,원시경도,126.958158
16:25:31,13.99,차량,GPS채택,184
16:25:31,14.00,차량,GPS이상치거부,17
16:25:31,14.01,차량,GPS품질거부,50
16:25:31,14.01,차량,GPS재기준,5
16:25:31,14.02,차량,계산거리,6.53
16:25:31,14.03,차량,접근속도,0.74
16:25:31,14.03,차량,TTC,999.00
16:25:31,14.04,차량,방향오차,-14.7
16:25:31,14.05,차량,전방여부,1
16:25:31,14.05,차량,위험음성횟수,12
16:25:31,14.06,차량,충격음성횟수,4
16:25:31,14.07,차량,마지막위험음성,1
16:25:31,14.07,차량,RSSI원시,-72
16:25:31,14.08,차량,RSSI평활,-72.5
16:25:31,14.09,차량,RSSI샘플,13129
16:25:31,14.09,차량,RSSI경과ms,72
16:25:31,14.10,차량,위험송신,13129
16:25:32,14.50,지팡이,위험,1
16:25:32,14.51,지팡이,GPS유효,1
16:25:32,14.52,지팡이,위도,37.497002
16:25:32,14.53,지팡이,경도,126.958199
16:25:32,14.54,지팡이,속도,0.20
16:25:32,14.55,지팡이,방향,20.2
16:25:32,14.56,지팡이,가속도,"-2.70,3.53,8.54"
16:25:32,14.57,지팡이,송신,13428
16:25:32,14.57,지팡이,GPS위성,7
16:25:32,14.58,지팡이,GPS_HDOP,1.23
16:25:32,14.59,지팡이,원시위도,37.497001
16:25:32,14.59,지팡이,원시경도,126.958201
16:25:32,14.60,지팡이,GPS채택,1017
16:25:32,14.61,지팡이,GPS이상치거부,6
16:25:32,14.61,지팡이,GPS품질거부,24
16:25:32,14.62,지팡이,GPS재기준,1
16:25:32,14.63,지팡이,RSSI원시,-74
16:25:32,14.63,지팡이,RSSI평활,-73.1
16:25:32,14.64,지팡이,RSSI샘플,24995
16:25:32,14.65,지팡이,RSSI경과ms,23
16:25:32,14.65,지팡이,차량수신,12403
16:25:32,14.78,차량,위험,1
16:25:32,14.79,차량,원시위험,1
16:25:32,14.80,차량,GPS유효,1
16:25:32,14.80,차량,위도,37.496951
16:25:32,14.81,차량,경도,126.958137
16:25:32,14.82,차량,속도,0.63
16:25:32,14.83,차량,방향,1.6
16:25:32,14.83,차량,가속도,"-1.00,0.92,9.46"
16:25:32,14.84,차량,자이로,"1.9,-3.3,-1.3"
16:25:32,14.85,차량,충격값,0.48
16:25:32,14.85,차량,송신,14670
16:25:32,14.86,차량,지팡이수신,13139
16:25:32,14.87,차량,GPS위성,6
16:25:32,14.88,차량,GPS_HDOP,1.50
16:25:32,14.88,차량,원시위도,37.496950
16:25:32,14.89,차량,원시경도,126.958135
16:25:32,14.90,차량,GPS채택,186
16:25:32,14.90,차량,GPS이상치거부,17
16:25:32,14.91,차량,GPS품질거부,50
16:25:32,14.92,차량,GPS재기준,5
16:25:32,14.92,차량,계산거리,7.85
16:25:32,14.93,차량,접근속도,-0.31
16:25:32,14.94,차량,TTC,999.00
16:25:32,14.94,차량,방향오차,43.9
16:25:32,14.95,차량,전방여부,1
16:25:32,14.96,차량,위험음성횟수,12
16:25:32,14.97,차량,충격음성횟수,4
16:25:32,14.97,차량,마지막위험음성,1
16:25:32,14.98,차량,RSSI원시,-73
16:25:32,14.99,차량,RSSI평활,-72.6
16:25:32,14.99,차량,RSSI샘플,13139
16:25:32,15.00,차량,RSSI경과ms,49
16:25:32,15.01,차량,위험송신,13139
16:25:33,15.50,지팡이,위험,1
16:25:33,15.52,지팡이,GPS유효,1
16:25:33,15.53,지팡이,위도,37.497002
16:25:33,15.54,지팡이,경도,126.958199
16:25:33,15.55,지팡이,속도,0.15
16:25:33,15.56,지팡이,방향,20.2
16:25:33,15.57,지팡이,가속도,"-2.60,3.61,8.51"
16:25:33,15.58,지팡이,송신,13438
16:25:33,15.59,지팡이,GPS위성,7
16:25:33,15.59,지팡이,GPS_HDOP,1.23
16:25:33,15.60,지팡이,원시위도,37.497004
16:25:33,15.61,지팡이,원시경도,126.958202
16:25:33,15.61,지팡이,GPS채택,1019
16:25:33,15.62,지팡이,GPS이상치거부,6
16:25:33,15.63,지팡이,GPS품질거부,24
16:25:33,15.63,지팡이,GPS재기준,1
16:25:33,15.64,지팡이,RSSI원시,-73
16:25:33,15.65,지팡이,RSSI평활,-72.9
16:25:33,15.65,지팡이,RSSI샘플,25012
16:25:33,15.66,지팡이,RSSI경과ms,20
16:25:33,15.67,지팡이,차량수신,12411
16:25:34,16.47,지팡이,위험,1
16:25:34,16.47,지팡이,GPS유효,1
16:25:34,16.48,지팡이,위도,37.497005
16:25:34,16.49,지팡이,경도,126.958206
16:25:34,16.50,지팡이,속도,0.18
16:25:34,16.51,지팡이,방향,20.2
16:25:34,16.52,지팡이,가속도,"-2.69,3.43,8.51"
16:25:34,16.53,지팡이,송신,13447
16:25:34,16.54,지팡이,GPS위성,7
16:25:34,16.54,지팡이,GPS_HDOP,1.23
16:25:34,16.55,지팡이,원시위도,37.497006
16:25:34,16.56,지팡이,원시경도,126.958207
16:25:34,16.57,지팡이,GPS채택,1021
16:25:34,16.57,지팡이,GPS이상치거부,6
16:25:34,16.58,지팡이,GPS품질거부,24
16:25:34,16.59,지팡이,GPS재기준,1
16:25:34,16.59,지팡이,RSSI원시,-75
16:25:34,16.60,지팡이,RSSI평활,-73.5
16:25:34,16.61,지팡이,RSSI샘플,25028
16:25:34,16.61,지팡이,RSSI경과ms,84
16:25:34,16.62,지팡이,차량수신,12419
16:25:34,16.85,차량,위험,0
16:25:34,16.86,차량,원시위험,0
16:25:34,16.87,차량,GPS유효,1
16:25:34,16.88,차량,위도,37.496963
16:25:34,16.89,차량,경도,126.958095
16:25:34,16.90,차량,속도,0.80
16:25:34,16.90,차량,방향,309.4
16:25:34,16.91,차량,가속도,"-1.12,1.04,9.50"
16:25:34,16.92,차량,자이로,"3.4,-1.0,-1.7"
16:25:34,16.93,차량,충격값,0.13
16:25:34,16.93,차량,송신,14690
16:25:34,16.94,차량,지팡이수신,13157
16:25:34,16.95,차량,GPS위성,6
16:25:34,16.95,차량,GPS_HDOP,1.50
16:25:34,16.96,차량,원시위도,37.496962
16:25:34,16.97,차량,원시경도,126.958098
16:25:34,16.97,차량,GPS채택,190
16:25:34,16.98,차량,GPS이상치거부,17
16:25:34,16.99,차량,GPS품질거부,50
16:25:34,16.99,차량,GPS재기준,5
16:25:34,17.00,차량,계산거리,10.91
16:25:34,17.01,차량,접근속도,-1.40
16:25:34,17.01,차량,TTC,999.00
16:25:34,17.02,차량,방향오차,115.8
16:25:34,17.02,차량,전방여부,0
16:25:34,17.03,차량,위험음성횟수,12
16:25:34,17.04,차량,충격음성횟수,4
16:25:34,17.04,차량,마지막위험음성,1
16:25:34,17.05,차량,RSSI원시,-72
16:25:34,17.06,차량,RSSI평활,-72.0
16:25:34,17.06,차량,RSSI샘플,13157
16:25:34,17.07,차량,RSSI경과ms,28
16:25:34,17.08,차량,위험송신,13157
16:25:35,17.57,지팡이,위험,0
16:25:35,17.59,지팡이,GPS유효,1
16:25:35,17.60,지팡이,위도,37.497009
16:25:35,17.61,지팡이,경도,126.958206
16:25:35,17.62,지팡이,속도,0.13
16:25:35,17.63,지팡이,방향,20.2
16:25:35,17.64,지팡이,가속도,"-2.59,3.48,8.60"
16:25:35,17.64,지팡이,송신,13457
16:25:35,17.65,지팡이,GPS위성,7
16:25:35,17.66,지팡이,GPS_HDOP,1.23
16:25:35,17.67,지팡이,원시위도,37.497009
16:25:35,17.67,지팡이,원시경도,126.958208
16:25:35,17.68,지팡이,GPS채택,1023
16:25:35,17.69,지팡이,GPS이상치거부,6
16:25:35,17.69,지팡이,GPS품질거부,24
16:25:35,17.70,지팡이,GPS재기준,1
16:25:35,17.71,지팡이,RSSI원시,-76
16:25:35,17.71,지팡이,RSSI평활,-74.4
16:25:35,17.72,지팡이,RSSI샘플,25045
16:25:35,17.73,지팡이,RSSI경과ms,65
16:25:35,17.73,지팡이,차량수신,12427
16:25:35,17.81,차량,위험,0
16:25:35,17.82,차량,원시위험,0
16:25:35,17.82,차량,GPS유효,1
16:25:35,17.83,차량,위도,37.496967
16:25:35,17.84,차량,경도,126.958081
16:25:35,17.84,차량,속도,0.66
16:25:35,17.85,차량,방향,298.6
16:25:35,17.86,차량,가속도,"-1.05,0.99,9.53"
16:25:35,17.86,차량,자이로,"-0.7,2.2,-0.4"
16:25:35,17.87,차량,충격값,0.09
16:25:35,17.88,차량,송신,14699
16:25:35,17.88,차량,지팡이수신,13164
16:25:35,17.89,차량,GPS위성,6
16:25:35,17.90,차량,GPS_HDOP,1.50
16:25:35,17.90,차량,원시위도,37.496965
16:25:35,17.91,차량,원시경도,126.958085
16:25:35,17.92,차량,GPS채택,192
16:25:35,17.92,차량,GPS이상치거부,17
16:25:35,17.93,차량,GPS품질거부,50
16:25:35,17.94,차량,GPS재기준,5
16:25:35,17.94,차량,계산거리,11.98
16:25:35,17.95,차량,접근속도,-1.29
16:25:35,17.96,차량,TTC,999.00
16:25:35,17.96,차량,방향오차,128.0
16:25:35,17.97,차량,전방여부,0
16:25:35,17.98,차량,위험음성횟수,12
16:25:35,17.98,차량,충격음성횟수,4
16:25:35,17.99,차량,마지막위험음성,1
16:25:35,18.00,차량,RSSI원시,-75
16:25:35,18.00,차량,RSSI평활,-73.9
16:25:35,18.01,차량,RSSI샘플,13164
16:25:35,18.02,차량,RSSI경과ms,96
16:25:35,18.02,차량,위험송신,13164
16:25:38,20.50,지팡이,위험,0
16:25:38,20.51,지팡이,GPS유효,1
16:25:38,20.52,지팡이,위도,37.497013
16:25:38,20.53,지팡이,경도,126.958214
16:25:38,20.53,지팡이,속도,0.05
16:25:38,20.54,지팡이,방향,20.2
16:25:38,20.55,지팡이,가속도,"-2.70,3.41,8.62"
16:25:38,20.56,지팡이,송신,13487
16:25:38,20.56,지팡이,GPS위성,7
16:25:38,20.57,지팡이,GPS_HDOP,1.22
16:25:38,20.58,지팡이,원시위도,37.497015
16:25:38,20.58,지팡이,원시경도,126.958214
16:25:38,20.59,지팡이,GPS채택,1029
16:25:38,20.60,지팡이,GPS이상치거부,6
16:25:38,20.60,지팡이,GPS품질거부,24
16:25:38,20.61,지팡이,GPS재기준,1
16:25:38,20.62,지팡이,RSSI원시,-75
16:25:38,20.62,지팡이,RSSI평활,-73.9
16:25:38,20.63,지팡이,RSSI샘플,25094
16:25:38,20.64,지팡이,RSSI경과ms,2
16:25:38,20.64,지팡이,차량수신,12450
16:25:39,21.55,지팡이,위험,0
16:25:39,21.56,지팡이,GPS유효,1
16:25:39,21.57,지팡이,위도,37.497017
16:25:39,21.59,지팡이,경도,126.958214
16:25:39,21.60,지팡이,속도,0.08
16:25:39,21.61,지팡이,방향,20.2
16:25:39,21.62,지팡이,가속도,"-2.71,3.49,8.51"
16:25:39,21.62,지팡이,송신,13497
16:25:39,21.63,지팡이,GPS위성,7
16:25:39,21.64,지팡이,GPS_HDOP,1.22
16:25:39,21.65,지팡이,원시위도,37.497016
16:25:39,21.65,지팡이,원시경도,126.958217
16:25:39,21.66,지팡이,GPS채택,1031
16:25:39,21.67,지팡이,GPS이상치거부,6
16:25:39,21.67,지팡이,GPS품질거부,24
16:25:39,21.68,지팡이,GPS재기준,1
16:25:39,21.69,지팡이,RSSI원시,-75
16:25:39,21.69,지팡이,RSSI평활,-74.6
16:25:39,21.70,지팡이,RSSI샘플,25110
16:25:39,21.71,지팡이,RSSI경과ms,0
16:25:39,21.72,지팡이,차량수신,12457
16:25:39,21.83,차량,위험,0
16:25:39,21.84,차량,원시위험,0
16:25:39,21.85,차량,GPS유효,1
16:25:39,21.85,차량,위도,37.496953
16:25:39,21.86,차량,경도,126.958081
16:25:39,21.87,차량,속도,0.22
16:25:39,21.88,차량,방향,295.9
16:25:39,21.88,차량,가속도,"-1.02,1.03,9.63"
16:25:39,21.89,차량,자이로,"-0.2,1.7,0.5"
16:25:39,21.90,차량,충격값,0.03
16:25:39,21.90,차량,송신,14738
16:25:39,21.91,차량,지팡이수신,13198
16:25:39,21.92,차량,GPS위성,6
16:25:39,21.93,차량,GPS_HDOP,1.50
16:25:39,21.93,차량,원시위도,37.496925
16:25:39,21.94,차량,원시경도,126.958090
16:25:39,21.95,차량,GPS채택,200
16:25:39,21.95,차량,GPS이상치거부,17
16:25:39,21.96,차량,GPS품질거부,50
16:25:39,21.97,차량,GPS재기준,5
16:25:39,21.97,차량,계산거리,13.72
16:25:39,21.98,차량,접근속도,-0.44
16:25:39,21.99,차량,TTC,999.00
16:25:39,21.99,차량,방향오차,121.8
16:25:39,22.00,차량,전방여부,0
16:25:39,22.01,차량,위험음성횟수,12
16:25:39,22.01,차량,충격음성횟수,4
16:25:39,22.02,차량,마지막위험음성,1
16:25:39,22.03,차량,RSSI원시,-73
16:25:39,22.03,차량,RSSI평활,-73.3
16:25:39,22.04,차량,RSSI샘플,13198
16:25:39,22.05,차량,RSSI경과ms,200
16:25:39,22.05,차량,위험송신,13198
16:25:40,22.55,지팡이,위험,0
16:25:40,22.56,지팡이,GPS유효,1
16:25:40,22.57,지팡이,위도,37.497017
16:25:40,22.58,지팡이,경도,126.958221
16:25:40,22.59,지팡이,속도,0.22
16:25:40,22.59,지팡이,방향,20.2
16:25:40,22.60,지팡이,가속도,"-2.74,3.62,8.60"
16:25:40,22.61,지팡이,송신,13506
16:25:40,22.61,지팡이,GPS위성,7
16:25:40,22.62,지팡이,GPS_HDOP,1.22
16:25:40,22.63,지팡이,원시위도,37.497016
16:25:40,22.64,지팡이,원시경도,126.958225
16:25:40,22.64,지팡이,GPS채택,1033
16:25:40,22.65,지팡이,GPS이상치거부,6
16:25:40,22.66,지팡이,GPS품질거부,24
16:25:40,22.66,지팡이,GPS재기준,1
16:25:40,22.67,지팡이,RSSI원시,-75
16:25:40,22.68,지팡이,RSSI평활,-74.8
16:25:40,22.69,지팡이,RSSI샘플,25126
16:25:40,22.69,지팡이,RSSI경과ms,10
16:25:40,22.70,지팡이,차량수신,12467
16:25:40,22.88,차량,위험,0
16:25:40,22.89,차량,원시위험,0
16:25:40,22.89,차량,GPS유효,1
16:25:40,22.90,차량,위도,37.496953
16:25:40,22.91,차량,경도,126.958081
16:25:40,22.91,차량,속도,0.22
16:25:40,22.92,차량,방향,295.9
16:25:40,22.93,차량,가속도,"-1.05,0.99,9.63"
16:25:40,22.94,차량,자이로,"1.1,0.3,0.0"
16:25:40,22.94,차량,충격값,0.04
16:25:40,22.95,차량,송신,14748
16:25:40,22.96,차량,지팡이수신,13206
16:25:40,22.96,차량,GPS위성,6
16:25:40,22.97,차량,GPS_HDOP,1.50
16:25:40,22.98,차량,원시위도,37.496915
16:25:40,22.98,차량,원시경도,126.958093
16:25:40,22.99,차량,GPS채택,200
16:25:40,23.00,차량,GPS이상치거부,19
16:25:40,23.00,차량,GPS품질거부,50
16:25:40,23.01,차량,GPS재기준,5
16:25:40,23.02,차량,계산거리,14.30
16:25:40,23.02,차량,접근속도,-0.59
16:25:40,23.03,차량,TTC,999.00
16:25:40,23.04,차량,방향오차,123.3
16:25:40,23.04,차량,전방여부,0
16:25:40,23.05,차량,위험음성횟수,12
16:25:40,23.06,차량,충격음성횟수,4
16:25:40,23.06,차량,마지막위험음성,1
16:25:40,23.07,차량,RSSI원시,-73
16:25:40,23.08,차량,RSSI평활,-73.1
16:25:40,23.08,차량,RSSI샘플,13206
16:25:40,23.09,차량,RSSI경과ms,64
16:25:40,23.10,차량,위험송신,13206
16:25:42,24.85,차량,위험,0
16:25:42,24.86,차량,원시위험,0
16:25:42,24.88,차량,GPS유효,1
16:25:42,24.89,차량,위도,37.496902
16:25:42,24.90,차량,경도,126.958092
16:25:42,24.91,차량,속도,0.32
16:25:42,24.92,차량,방향,295.9
16:25:42,24.92,차량,가속도,"-1.06,0.89,9.58"
16:25:42,24.93,차량,자이로,"2.3,-0.6,-0.4"
16:25:42,24.94,차량,충격값,0.15
16:25:42,24.94,차량,송신,14767
16:25:42,24.95,차량,지팡이수신,13225
16:25:42,24.96,차량,GPS위성,6
16:25:42,24.96,차량,GPS_HDOP,1.50
16:25:42,24.97,차량,원시위도,37.496895
16:25:42,24.98,차량,원시경도,126.958090
16:25:42,24.98,차량,GPS채택,204
16:25:42,24.99,차량,GPS이상치거부,20
16:25:42,25.00,차량,GPS품질거부,50
16:25:42,25.00,차량,GPS재기준,6
16:25:42,25.01,차량,계산거리,17.56
16:25:42,25.02,차량,접근속도,-1.08
16:25:42,25.02,차량,TTC,999.00
16:25:42,25.03,차량,방향오차,107.6
16:25:42,25.04,차량,전방여부,0
16:25:42,25.04,차량,위험음성횟수,12
16:25:42,25.05,차량,충격음성횟수,4
16:25:42,25.05,차량,마지막위험음성,1
16:25:42,25.06,차량,RSSI원시,-74
16:25:42,25.07,차량,RSSI평활,-73.9
16:25:42,25.07,차량,RSSI샘플,13225
16:25:42,25.08,차량,RSSI경과ms,20
16:25:42,25.09,차량,위험송신,13225
16:25:43,25.54,지팡이,위험,0
16:25:43,25.55,지팡이,GPS유효,1
16:25:43,25.57,지팡이,위도,37.497017
16:25:43,25.58,지팡이,경도,126.958229
16:25:43,25.59,지팡이,속도,0.16
16:25:43,25.60,지팡이,방향,20.2
16:25:43,25.61,지팡이,가속도,"-2.72,3.48,8.65"
16:25:43,25.61,지팡이,송신,13536
16:25:43,25.62,지팡이,GPS위성,7
16:25:43,25.63,지팡이,GPS_HDOP,1.22
16:25:43,25.63,지팡이,원시위도,37.497019
16:25:43,25.64,지팡이,원시경도,126.958234
16:25:43,25.65,지팡이,GPS채택,1039
16:25:43,25.65,지팡이,GPS이상치거부,6
16:25:43,25.66,지팡이,GPS품질거부,24
16:25:43,25.67,지팡이,GPS재기준,1
16:25:43,25.67,지팡이,RSSI원시,-76
16:25:43,25.68,지팡이,RSSI평활,-75.5
16:25:43,25.69,지팡이,RSSI샘플,25182
16:25:43,25.69,지팡이,RSSI경과ms,16
16:25:43,25.70,지팡이,차량수신,12494
16:25:43,25.87,차량,위험,0
16:25:43,25.88,차량,원시위험,0
16:25:43,25.89,차량,GPS유효,1
16:25:43,25.89,차량,위도,37.496900
16:25:43,25.90,차량,경도,126.958091
16:25:43,25.91,차량,속도,0.25
16:25:43,25.91,차량,방향,295.9
16:25:43,25.92,차량,가속도,"-0.90,1.15,9.58"
16:25:43,25.93,차량,자이로,"-1.4,-1.6,0.3"
16:25:43,25.93,차량,충격값,0.17
16:25:43,25.94,차량,송신,14777
16:25:43,25.95,차량,지팡이수신,13234
16:25:43,25.95,차량,GPS위성,6
16:25:43,25.96,차량,GPS_HDOP,1.50
16:25:43,25.97,차량,원시위도,37.496890
16:25:43,25.97,차량,원시경도,126.958087
16:25:43,25.98,차량,GPS채택,206
16:25:43,25.99,차량,GPS이상치거부,20
16:25:43,25.99,차량,GPS품질거부,50
16:25:43,26.00,차량,GPS재기준,6
16:25:43,26.01,차량,계산거리,17.77
16:25:43,26.01,차량,접근속도,-0.68
16:25:43,26.02,차량,TTC,999.00
16:25:43,26.03,차량,방향오차,105.7
16:25:43,26.03,차량,전방여부,0
16:25:43,26.04,차량,위험음성횟수,12
16:25:43,26.05,차량,충격음성횟수,4
16:25:43,26.05,차량,마지막위험음성,1
16:25:43,26.06,차량,RSSI원시,-73
16:25:43,26.07,차량,RSSI평활,-74.1
16:25:43,26.07,차량,RSSI샘플,13234
16:25:43,26.08,차량,RSSI경과ms,107
16:25:43,26.09,차량,위험송신,13234
16:25:44,26.92,차량,위험,0
16:25:44,26.93,차량,원시위험,0
16:25:44,26.95,차량,GPS유효,1
16:25:44,26.96,차량,위도,37.496898
16:25:44,26.97,차량,경도,126.958089
16:25:44,26.98,차량,속도,0.25
16:25:44,26.98,차량,방향,295.9
16:25:44,26.99,차량,가속도,"-0.95,1.03,9.60"
16:25:44,27.00,차량,자이로,"0.6,-3.6,-0.3"
16:25:44,27.00,차량,충격값,0.06
16:25:44,27.01,차량,송신,14786
16:25:44,27.02,차량,지팡이수신,13242
16:25:44,27.03,차량,GPS위성,6
16:25:44,27.03,차량,GPS_HDOP,1.50
16:25:44,27.04,차량,원시위도,37.496888
16:25:44,27.04,차량,원시경도,126.958078
16:25:44,27.05,차량,GPS채택,208
16:25:44,27.06,차량,GPS이상치거부,20
16:25:44,27.06,차량,GPS품질거부,50
16:25:44,27.07,차량,GPS재기준,6
16:25:44,27.08,차량,계산거리,18.36
16:25:44,27.08,차량,접근속도,-0.68
16:25:44,27.09,차량,TTC,999.00
16:25:44,27.10,차량,방향오차,105.4
16:25:44,27.10,차량,전방여부,0
16:25:44,27.11,차량,위험음성횟수,12
16:25:44,27.12,차량,충격음성횟수,4
16:25:44,27.12,차량,마지막위험음성,1
16:25:44,27.13,차량,RSSI원시,-75
16:25:44,27.14,차량,RSSI평활,-73.9
16:25:44,27.14,차량,RSSI샘플,13242
16:25:44,27.15,차량,RSSI경과ms,87
16:25:44,27.16,차량,위험송신,13242
16:25:45,27.56,지팡이,위험,0
16:25:45,27.56,지팡이,GPS유효,1
16:25:45,27.58,지팡이,위도,37.497025
16:25:45,27.59,지팡이,경도,126.958229
16:25:45,27.60,지팡이,속도,0.06
16:25:45,27.61,지팡이,방향,20.2
16:25:45,27.61,지팡이,가속도,"-2.69,3.37,8.58"
16:25:45,27.62,지팡이,송신,13555
16:25:45,27.63,지팡이,GPS위성,8
16:25:45,27.64,지팡이,GPS_HDOP,1.22
16:25:45,27.64,지팡이,원시위도,37.497025
16:25:45,27.65,지팡이,원시경도,126.958232
16:25:45,27.66,지팡이,GPS채택,1043
16:25:45,27.66,지팡이,GPS이상치거부,6
16:25:45,27.67,지팡이,GPS품질거부,24
16:25:45,27.68,지팡이,GPS재기준,1
16:25:45,27.68,지팡이,RSSI원시,-76
16:25:45,27.69,지팡이,RSSI평활,-76.0
16:25:45,27.70,지팡이,RSSI샘플,25213
16:25:45,27.70,지팡이,RSSI경과ms,63
16:25:45,27.71,지팡이,차량수신,12509
16:25:45,27.82,차량,위험,0
16:25:45,27.83,차량,원시위험,0
16:25:45,27.84,차량,GPS유효,1
16:25:45,27.85,차량,위도,37.496897
16:25:45,27.85,차량,경도,126.958087
16:25:45,27.86,차량,속도,0.22
16:25:45,27.87,차량,방향,295.9
16:25:45,27.87,차량,가속도,"-0.96,0.97,9.69"
16:25:45,27.88,차량,자이로,"0.1,2.3,-2.7"
16:25:45,27.89,차량,충격값,0.12
16:25:45,27.89,차량,송신,14796
16:25:45,27.90,차량,지팡이수신,13250
16:25:45,27.91,차량,GPS위성,6
16:25:45,27.91,차량,GPS_HDOP,1.50
16:25:45,27.92,차량,원시위도,37.496888
16:25:45,27.93,차량,원시경도,126.958075
16:25:45,27.93,차량,GPS채택,210
16:25:45,27.94,차량,GPS이상치거부,20
16:25:45,27.95,차량,GPS품질거부,50
16:25:45,27.95,차량,GPS재기준,6
16:25:45,27.96,차량,계산거리,18.95
16:25:45,27.97,차량,접근속도,-0.67
16:25:45,27.97,차량,TTC,999.00
16:25:45,27.98,차량,방향오차,104.8
16:25:45,27.99,차량,전방여부,0
16:25:45,27.99,차량,위험음성횟수,12
16:25:45,28.00,차량,충격음성횟수,4
16:25:45,28.00,차량,마지막위험음성,1
16:25:45,28.01,차량,RSSI원시,-74
16:25:45,28.02,차량,RSSI평활,-74.5
16:25:45,28.02,차량,RSSI샘플,13250
16:25:45,28.03,차량,RSSI경과ms,66
16:25:45,28.04,차량,위험송신,13250
16:25:46,28.92,차량,위험,0
16:25:46,28.93,차량,원시위험,0
16:25:46,28.94,차량,GPS유효,1
16:25:46,28.96,차량,위도,37.496895
16:25:46,28.97,차량,경도,126.958084
16:25:46,28.98,차량,속도,0.18
16:25:46,28.98,차량,방향,295.9
16:25:46,28.99,차량,가속도,"-1.01,1.14,9.63"
16:25:46,29.00,차량,자이로,"0.8,-0.9,-0.1"
16:25:46,29.00,차량,충격값,0.12
16:25:46,29.01,차량,송신,14806
16:25:46,29.02,차량,지팡이수신,13259
16:25:46,29.02,차량,GPS위성,6
16:25:46,29.03,차량,GPS_HDOP,1.50
16:25:46,29.04,차량,원시위도,37.496887
16:25:46,29.04,차량,원시경도,126.958072
16:25:46,29.05,차량,GPS채택,212
16:25:46,29.06,차량,GPS이상치거부,20
16:25:46,29.06,차량,GPS품질거부,50
16:25:46,29.07,차량,GPS재기준,6
16:25:46,29.08,차량,계산거리,19.68
16:25:46,29.08,차량,접근속도,-0.75
16:25:46,29.09,차량,TTC,999.00
16:25:46,29.10,차량,방향오차,106.7
16:25:46,29.10,차량,전방여부,0
16:25:46,29.11,차량,위험음성횟수,12
16:25:46,29.12,차량,충격음성횟수,4
16:25:46,29.12,차량,마지막위험음성,1
16:25:46,29.13,차량,RSSI원시,-73
16:25:46,29.14,차량,RSSI평활,-73.7
16:25:46,29.14,차량,RSSI샘플,13259
16:25:46,29.15,차량,RSSI경과ms,41
16:25:46,29.16,차량,위험송신,13259
16:25:47,29.53,지팡이,위험,0
16:25:47,29.53,지팡이,GPS유효,1
16:25:47,29.54,지팡이,위도,37.497028
16:25:47,29.55,지팡이,경도,126.958237
16:25:47,29.56,지팡이,속도,0.17
16:25:47,29.56,지팡이,방향,20.2
16:25:47,29.57,지팡이,가속도,"-2.69,3.56,8.58"
16:25:47,29.58,지팡이,송신,13575
16:25:47,29.58,지팡이,GPS위성,8
16:25:47,29.59,지팡이,GPS_HDOP,1.22
16:25:47,29.60,지팡이,원시위도,37.497028
16:25:47,29.60,지팡이,원시경도,126.958239
16:25:47,29.61,지팡이,GPS채택,1047
16:25:47,29.62,지팡이,GPS이상치거부,6
16:25:47,29.62,지팡이,GPS품질거부,24
16:25:47,29.63,지팡이,GPS재기준,1
16:25:47,29.64,지팡이,RSSI원시,-74
16:25:47,29.64,지팡이,RSSI평활,-74.1
16:25:47,29.65,지팡이,RSSI샘플,25246
16:25:47,29.66,지팡이,RSSI경과ms,10
16:25:47,29.67,지팡이,차량수신,12526
16:25:47,29.83,차량,위험,0
16:25:47,29.84,차량,원시위험,0
16:25:47,29.85,차량,GPS유효,1
16:25:47,29.86,차량,위도,37.496894
16:25:47,29.87,차량,경도,126.958081
16:25:47,29.87,차량,속도,0.18
16:25:47,29.88,차량,방향,295.9
16:25:47,29.89,차량,가속도,"-1.11,1.04,9.64"
16:25:47,29.89,차량,자이로,"-2.1,-0.8,-0.8"
16:25:47,29.90,차량,충격값,0.09
16:25:47,29.91,차량,송신,14815
16:25:47,29.91,차량,지팡이수신,13266
16:25:47,29.92,차량,GPS위성,6
16:25:47,29.93,차량,GPS_HDOP,1.50
16:25:47,29.93,차량,원시위도,37.496887
16:25:47,29.94,차량,원시경도,126.958067
16:25:47,29.95,차량,GPS채택,214
16:25:47,29.95,차량,GPS이상치거부,20
16:25:47,29.96,차량,GPS품질거부,50
16:25:47,29.97,차량,GPS재기준,6
16:25:47,29.97,차량,계산거리,20.27
16:25:47,29.98,차량,접근속도,-0.66
16:25:47,29.99,차량,TTC,999.00
16:25:47,29.99,차량,방향오차,106.9
16:25:47,30.00,차량,전방여부,0
16:25:47,30.01,차량,위험음성횟수,12
16:25:47,30.01,차량,충격음성횟수,4
16:25:47,30.02,차량,마지막위험음성,1
16:25:47,30.02,차량,RSSI원시,-74
16:25:47,30.03,차량,RSSI평활,-73.8
16:25:47,30.04,차량,RSSI샘플,13266
16:25:47,30.04,차량,RSSI경과ms,121
16:25:47,30.05,차량,위험송신,13266
16:25:48,30.59,지팡이,위험,0
16:25:48,30.60,지팡이,GPS유효,1
16:25:48,30.62,지팡이,위도,37.497028
16:25:48,30.63,지팡이,경도,126.958237
16:25:48,30.64,지팡이,속도,0.13
16:25:48,30.65,지팡이,방향,20.2
16:25:48,30.65,지팡이,가속도,"-2.63,3.49,8.69"
16:25:48,30.66,지팡이,송신,13585
16:25:48,30.67,지팡이,GPS위성,8
16:25:48,30.67,지팡이,GPS_HDOP,1.22
16:25:48,30.68,지팡이,원시위도,37.497029
16:25:48,30.69,지팡이,원시경도,126.958240
16:25:48,30.69,지팡이,GPS채택,1049
16:25:48,30.70,지팡이,GPS이상치거부,6
16:25:48,30.71,지팡이,GPS품질거부,24
16:25:48,30.71,지팡이,GPS재기준,1
16:25:48,30.72,지팡이,RSSI원시,-74
16:25:48,30.73,지팡이,RSSI평활,-75.6
16:25:48,30.73,지팡이,RSSI샘플,25259
16:25:48,30.74,지팡이,RSSI경과ms,14
16:25:48,30.75,지팡이,차량수신,12534
16:25:49,31.87,차량,위험,0
16:25:49,31.89,차량,원시위험,0
16:25:49,31.90,차량,GPS유효,1
16:25:49,31.91,차량,위도,37.496892
16:25:49,31.92,차량,경도,126.958076
16:25:49,31.93,차량,속도,0.23
16:25:49,31.94,차량,방향,295.9
16:25:49,31.95,차량,가속도,"-1.12,0.98,9.60"
16:25:49,31.95,차량,자이로,"-0.3,2.6,-0.8"
16:25:49,31.96,차량,충격값,0.09
16:25:49,31.97,차량,송신,14835
16:25:49,31.97,차량,지팡이수신,13279
16:25:49,31.98,차량,GPS위성,6
16:25:49,31.99,차량,GPS_HDOP,1.50
16:25:49,31.99,차량,원시위도,37.496887
16:25:49,32.00,차량,원시경도,126.958065
16:25:49,32.01,차량,GPS채택,218
16:25:49,32.01,차량,GPS이상치거부,20
16:25:49,32.02,차량,GPS품질거부,50
16:25:49,32.03,차량,GPS재기준,6
16:25:49,32.03,차량,계산거리,21.07
16:25:49,32.04,차량,접근속도,-0.56
16:25:49,32.05,차량,TTC,999.00
16:25:49,32.05,차량,방향오차,107.1
16:25:49,32.06,차량,전방여부,0
16:25:49,32.06,차량,위험음성횟수,12
16:25:49,32.07,차량,충격음성횟수,4
16:25:49,32.08,차량,마지막위험음성,1
16:25:49,32.08,차량,RSSI원시,-73
16:25:49,32.09,차량,RSSI평활,-73.0
16:25:49,32.10,차량,RSSI샘플,13279
16:25:49,32.10,차량,RSSI경과ms,83
16:25:49,32.11,차량,위험송신,13279
16:25:51,33.86,차량,위험,0
16:25:51,33.88,차량,원시위험,0
16:25:51,33.89,차량,GPS유효,1
16:25:51,33.90,차량,위도,37.496891
16:25:51,33.91,차량,경도,126.958070
16:25:51,33.92,차량,속도,0.20
16:25:51,33.93,차량,방향,295.9
16:25:51,33.93,차량,가속도,"-1.05,1.09,9.59"
16:25:51,33.94,차량,자이로,"2.3,-1.5,2.0"
16:25:51,33.95,차량,충격값,0.07
16:25:51,33.96,차량,송신,14854
16:25:51,33.96,차량,지팡이수신,13296
16:25:51,33.97,차량,GPS위성,6
16:25:51,33.98,차량,GPS_HDOP,1.50
16:25:51,33.98,차량,원시위도,37.496888
16:25:51,33.99,차량,원시경도,126.958057
16:25:51,34.00,차량,GPS채택,222
16:25:51,34.00,차량,GPS이상치거부,20
16:25:51,34.01,차량,GPS품질거부,50
16:25:51,34.02,차량,GPS재기준,6
16:25:51,34.02,차량,계산거리,21.49
16:25:51,34.03,차량,접근속도,-0.31
16:25:51,34.04,차량,TTC,999.00
16:25:51,34.04,차량,방향오차,108.1
16:25:51,34.05,차량,전방여부,0
16:25:51,34.05,차량,위험음성횟수,12
16:25:51,34.06,차량,충격음성횟수,4
16:25:51,34.07,차량,마지막위험음성,1
16:25:51,34.07,차량,RSSI원시,-74
16:25:51,34.08,차량,RSSI평활,-73.5
16:25:51,34.09,차량,RSSI샘플,13296
16:25:51,34.09,차량,RSSI경과ms,36
16:25:51,34.10,차량,위험송신,13296
16:25:53,35.69,지팡이,위험,0
16:25:53,35.70,지팡이,GPS유효,1
16:25:53,35.72,지팡이,위도,37.497036
16:25:53,35.73,지팡이,경도,126.958244
16:25:53,35.74,지팡이,속도,0.15
16:25:53,35.74,지팡이,방향,20.2
16:25:53,35.75,지팡이,가속도,"-2.68,3.47,8.62"
16:25:53,35.76,지팡이,송신,13634
16:25:53,35.77,지팡이,GPS위성,6
16:25:53,35.77,지팡이,GPS_HDOP,1.67
16:25:53,35.78,지팡이,원시위도,37.497036
16:25:53,35.79,지팡이,원시경도,126.958244
16:25:53,35.79,지팡이,GPS채택,1059
16:25:53,35.80,지팡이,GPS이상치거부,6
16:25:53,35.81,지팡이,GPS품질거부,24
16:25:53,35.81,지팡이,GPS재기준,1
16:25:53,35.82,지팡이,RSSI원시,-77
16:25:53,35.83,지팡이,RSSI평활,-74.8
16:25:53,35.83,지팡이,RSSI샘플,25344
16:25:53,35.84,지팡이,RSSI경과ms,21
16:25:53,35.85,지팡이,차량수신,12579
16:25:54,36.59,지팡이,위험,0
16:25:54,36.59,지팡이,GPS유효,1
16:25:54,36.60,지팡이,위도,37.497036
16:25:54,36.61,지팡이,경도,126.958244
16:25:54,36.61,지팡이,속도,0.08
16:25:54,36.62,지팡이,방향,20.2
16:25:54,36.63,지팡이,가속도,"-2.81,3.40,8.68"
16:25:54,36.63,지팡이,송신,13643
16:25:54,36.64,지팡이,GPS위성,7
16:25:54,36.65,지팡이,GPS_HDOP,1.67
16:25:54,36.66,지팡이,원시위도,37.497038
16:25:54,36.67,지팡이,원시경도,126.958242
16:25:54,36.67,지팡이,GPS채택,1061
16:25:54,36.68,지팡이,GPS이상치거부,6
16:25:54,36.69,지팡이,GPS품질거부,24
16:25:54,36.69,지팡이,GPS재기준,1
16:25:54,36.70,지팡이,RSSI원시,-77
16:25:54,36.71,지팡이,RSSI평활,-76.3
16:25:54,36.71,지팡이,RSSI샘플,25360
16:25:54,36.72,지팡이,RSSI경과ms,75
16:25:54,36.73,지팡이,차량수신,12586
16:25:55,37.64,지팡이,위험,0
16:25:55,37.66,지팡이,GPS유효,1
16:25:55,37.67,지팡이,위도,37.497036
16:25:55,37.68,지팡이,경도,126.958252
16:25:55,37.69,지팡이,속도,0.22
16:25:55,37.70,지팡이,방향,20.2
16:25:55,37.70,지팡이,가속도,"-2.69,3.51,8.57"
16:25:55,37.71,지팡이,송신,13653
16:25:55,37.72,지팡이,GPS위성,7
16:25:55,37.73,지팡이,GPS_HDOP,1.67
16:25:55,37.73,지팡이,원시위도,37.497036
16:25:55,37.74,지팡이,원시경도,126.958251
16:25:55,37.75,지팡이,GPS채택,1063
16:25:55,37.75,지팡이,GPS이상치거부,6
16:25:55,37.76,지팡이,GPS품질거부,24
16:25:55,37.77,지팡이,GPS재기준,1
16:25:55,37.77,지팡이,RSSI원시,-71
16:25:55,37.78,지팡이,RSSI평활,-72.5
16:25:55,37.78,지팡이,RSSI샘플,25377
16:25:55,37.79,지팡이,RSSI경과ms,58
16:25:55,37.80,지팡이,차량수신,12594
16:25:56,38.65,지팡이,위험,0
16:25:56,38.67,지팡이,GPS유효,1
16:25:56,38.68,지팡이,위도,37.497036
16:25:56,38.69,지팡이,경도,126.958260
16:25:56,38.70,지팡이,속도,0.37
16:25:56,38.71,지팡이,방향,20.2
16:25:56,38.72,지팡이,가속도,"-2.67,3.48,8.68"
16:25:56,38.73,지팡이,송신,13663
16:25:56,38.73,지팡이,GPS위성,8
16:25:56,38.74,지팡이,GPS_HDOP,1.22
16:25:56,38.75,지팡이,원시위도,37.497034
16:25:56,38.75,지팡이,원시경도,126.958262
16:25:56,38.76,지팡이,GPS채택,1065
16:25:56,38.77,지팡이,GPS이상치거부,6
16:25:56,38.77,지팡이,GPS품질거부,24
16:25:56,38.78,지팡이,GPS재기준,1
16:25:56,38.79,지팡이,RSSI원시,-73
16:25:56,38.79,지팡이,RSSI평활,-74.3
16:25:56,38.80,지팡이,RSSI샘플,25393
16:25:56,38.81,지팡이,RSSI경과ms,5
16:25:56,38.81,지팡이,차량수신,12602
16:25:56,38.98,차량,위험,0
16:25:56,38.99,차량,원시위험,0
16:25:56,39.00,차량,GPS유효,1
16:25:56,39.01,차량,위도,37.496880
16:25:56,39.02,차량,경도,126.958063
16:25:56,39.02,차량,속도,0.15
16:25:56,39.03,차량,방향,295.9
16:25:56,39.04,차량,가속도,"-0.97,0.97,9.63"
16:25:56,39.05,차량,자이로,"-0.6,2.2,-2.4"
16:25:56,39.05,차량,충격값,0.07
16:25:56,39.06,차량,송신,14902
16:25:56,39.07,차량,지팡이수신,13338
16:25:56,39.07,차량,GPS위성,5
16:25:56,39.08,차량,GPS_HDOP,2.00
16:25:56,39.09,차량,원시위도,37.496867
16:25:56,39.09,차량,원시경도,126.958058
16:25:56,39.10,차량,GPS채택,232
16:25:56,39.11,차량,GPS이상치거부,20
16:25:56,39.11,차량,GPS품질거부,50
16:25:56,39.12,차량,GPS재기준,6
16:25:56,39.13,차량,계산거리,24.55
16:25:56,39.13,차량,접근속도,-0.73
16:25:56,39.14,차량,TTC,999.00
16:25:56,39.15,차량,방향오차,108.9
16:25:56,39.15,차량,전방여부,0
16:25:56,39.16,차량,위험음성횟수,12
16:25:56,39.17,차량,충격음성횟수,4
16:25:56,39.17,차량,마지막위험음성,1
16:25:56,39.18,차량,RSSI원시,-73
16:25:56,39.19,차량,RSSI평활,-72.6
16:25:56,39.19,차량,RSSI샘플,13338
16:25:56,39.20,차량,RSSI경과ms,16
16:25:56,39.21,차량,위험송신,13338
16:25:57,39.71,지팡이,위험,0
16:25:57,39.72,지팡이,GPS유효,1
16:25:57,39.73,지팡이,위도,37.497032
16:25:57,39.74,지팡이,경도,126.958275
16:25:57,39.75,지팡이,속도,0.47
16:25:57,39.76,지팡이,방향,58.0
16:25:57,39.77,지팡이,가속도,"-2.81,3.39,8.57"
16:25:57,39.78,지팡이,송신,13673
16:25:57,39.78,지팡이,GPS위성,8
16:25:57,39.79,지팡이,GPS_HDOP,1.05
16:25:57,39.80,지팡이,원시위도,37.497030
16:25:57,39.80,지팡이,원시경도,126.958276
16:25:57,39.81,지팡이,GPS채택,1067
16:25:57,39.82,지팡이,GPS이상치거부,6
16:25:57,39.82,지팡이,GPS품질거부,24
16:25:57,39.83,지팡이,GPS재기준,1
16:25:57,39.84,지팡이,RSSI원시,-75
16:25:57,39.84,지팡이,RSSI평활,-73.6
16:25:57,39.85,지팡이,RSSI샘플,25411
16:25:57,39.86,지팡이,RSSI경과ms,24
16:25:57,39.86,지팡이,차량수신,12610
16:25:57,39.92,차량,위험,0
16:25:57,39.93,차량,원시위험,0
16:25:57,39.94,차량,GPS유효,1
16:25:57,39.94,차량,위도,37.496878
16:25:57,39.95,차량,경도,126.958062
16:25:57,39.96,차량,속도,0.21
16:25:57,39.96,차량,방향,295.9
16:25:57,39.97,차량,가속도,"-1.14,1.03,9.58"
16:25:57,39.98,차량,자이로,"1.9,-3.3,-0.3"
16:25:57,39.99,차량,충격값,0.12
16:25:57,39.99,차량,송신,14912
16:25:57,40.00,차량,지팡이수신,13347
16:25:57,40.01,차량,GPS위성,6
16:25:57,40.01,차량,GPS_HDOP,1.50
16:25:57,40.02,차량,원시위도,37.496867
16:25:57,40.03,차량,원시경도,126.958058
16:25:57,40.03,차량,GPS채택,234
16:25:57,40.04,차량,GPS이상치거부,20
16:25:57,40.04,차량,GPS품질거부,50
16:25:57,40.05,차량,GPS재기준,6
16:25:57,40.06,차량,계산거리,25.44
16:25:57,40.06,차량,접근속도,-0.74
16:25:57,40.07,차량,TTC,999.00
16:25:57,40.08,차량,방향오차,111.8
16:25:57,40.08,차량,전방여부,0
16:25:57,40.09,차량,위험음성횟수,12
16:25:57,40.10,차량,충격음성횟수,4
16:25:57,40.10,차량,마지막위험음성,1
16:25:57,40.11,차량,RSSI원시,-72
16:25:57,40.12,차량,RSSI평활,-72.7
16:25:57,40.12,차량,RSSI샘플,13347
16:25:57,40.13,차량,RSSI경과ms,93
16:25:57,40.14,차량,위험송신,13347
16:25:58,40.74,지팡이,위험,0
16:25:58,40.76,지팡이,GPS유효,1
16:25:58,40.77,지팡이,위도,37.497025
16:25:58,40.78,지팡이,경도,126.958298
16:25:58,40.79,지팡이,속도,0.67
16:25:58,40.80,지팡이,방향,81.8
16:25:58,40.81,지팡이,가속도,"-2.63,3.49,8.62"
16:25:58,40.81,지팡이,송신,13683
16:25:58,40.82,지팡이,GPS위성,8
16:25:58,40.83,지팡이,GPS_HDOP,1.05
16:25:58,40.84,지팡이,원시위도,37.497023
16:25:58,40.84,지팡이,원시경도,126.958299
16:25:58,40.85,지팡이,GPS채택,1069
16:25:58,40.86,지팡이,GPS이상치거부,6
16:25:58,40.86,지팡이,GPS품질거부,24
16:25:58,40.87,지팡이,GPS재기준,1
16:25:58,40.87,지팡이,RSSI원시,-73
16:25:58,40.88,지팡이,RSSI평활,-73.7
16:25:58,40.89,지팡이,RSSI샘플,25429
16:25:58,40.89,지팡이,RSSI경과ms,10
16:25:58,40.90,지팡이,차량수신,12620
16:25:59,41.76,지팡이,위험,0
16:25:59,41.78,지팡이,GPS유효,1
16:25:59,41.79,지팡이,위도,37.497017
16:25:59,41.80,지팡이,경도,126.958313
16:25:59,41.81,지팡이,속도,0.73
16:25:59,41.82,지팡이,방향,96.6
16:25:59,41.83,지팡이,가속도,"-2.76,3.35,8.60"
16:25:59,41.83,지팡이,송신,13693
16:25:59,41.84,지팡이,GPS위성,8
16:25:59,41.85,지팡이,GPS_HDOP,1.05
16:25:59,41.85,지팡이,원시위도,37.497019
16:25:59,41.86,지팡이,원시경도,126.958314
16:25:59,41.87,지팡이,GPS채택,1071
16:25:59,41.87,지팡이,GPS이상치거부,6
16:25:59,41.88,지팡이,GPS품질거부,24
16:25:59,41.89,지팡이,GPS재기준,1
16:25:59,41.89,지팡이,RSSI원시,-73
16:25:59,41.90,지팡이,RSSI평활,-72.3
16:25:59,41.91,지팡이,RSSI샘플,25447
16:25:59,41.91,지팡이,RSSI경과ms,5
16:25:59,41.92,지팡이,차량수신,12628
16:25:59,41.99,차량,위험,0
16:25:59,42.00,차량,원시위험,0
16:25:59,42.01,차량,GPS유효,1
16:25:59,42.01,차량,위도,37.496876
16:25:59,42.02,차량,경도,126.958064
16:25:59,42.03,차량,속도,0.18
16:25:59,42.03,차량,방향,295.9
16:25:59,42.04,차량,가속도,"-1.11,1.03,9.56"
16:25:59,42.05,차량,자이로,"-2.2,1.5,-1.9"
16:25:59,42.05,차량,충격값,0.09
16:25:59,42.06,차량,송신,14931
16:25:59,42.07,차량,지팡이수신,13365
16:25:59,42.08,차량,GPS위성,6
16:25:59,42.08,차량,GPS_HDOP,1.50
16:25:59,42.09,차량,원시위도,37.496872
16:25:59,42.10,차량,원시경도,126.958070
16:25:59,42.10,차량,GPS채택,238
16:25:59,42.11,차량,GPS이상치거부,20
16:25:59,42.12,차량,GPS품질거부,50
16:25:59,42.12,차량,GPS재기준,6
16:25:59,42.13,차량,계산거리,27.58
16:25:59,42.14,차량,접근속도,-0.74
16:25:59,42.14,차량,TTC,999.00
16:25:59,42.15,차량,방향오차,119.6
16:25:59,42.16,차량,전방여부,0
16:25:59,42.16,차량,위험음성횟수,12
16:25:59,42.17,차량,충격음성횟수,4
16:25:59,42.17,차량,마지막위험음성,1
16:25:59,42.18,차량,RSSI원시,-73
16:25:59,42.19,차량,RSSI평활,-72.5
16:25:59,42.19,차량,RSSI샘플,13365
16:25:59,42.20,차량,RSSI경과ms,52
16:25:59,42.21,차량,위험송신,13365
16:26:01,43.64,지팡이,위험,0
16:26:01,43.65,지팡이,GPS유효,1
16:26:01,43.67,지팡이,위도,37.497013
16:26:01,43.68,지팡이,경도,126.958344
16:26:01,43.69,지팡이,속도,0.95
16:26:01,43.69,지팡이,방향,108.8
16:26:01,43.70,지팡이,가속도,"-2.72,3.31,8.53"
16:26:01,43.71,지팡이,송신,13712
16:26:01,43.72,지팡이,GPS위성,8
16:26:01,43.72,지팡이,GPS_HDOP,1.22
16:26:01,43.73,지팡이,원시위도,37.497014
16:26:01,43.74,지팡이,원시경도,126.958335
16:26:01,43.74,지팡이,GPS채택,1075
16:26:01,43.75,지팡이,GPS이상치거부,6
16:26:01,43.76,지팡이,GPS품질거부,24
16:26:01,43.76,지팡이,GPS재기준,1
16:26:01,43.77,지팡이,RSSI원시,-74
16:26:01,43.78,지팡이,RSSI평활,-73.2
16:26:01,43.78,지팡이,RSSI샘플,25483
16:26:01,43.79,지팡이,RSSI경과ms,49
16:26:01,43.80,지팡이,차량수신,12645
16:26:02,44.92,차량,위험,0
16:26:02,44.94,차량,원시위험,0
16:26:02,44.95,차량,GPS유효,1
16:26:02,44.96,차량,위도,37.496874
16:26:02,44.97,차량,경도,126.958067
16:26:02,44.98,차량,속도,0.15
16:26:02,44.98,차량,방향,295.9
16:26:02,44.99,차량,가속도,"-0.93,1.05,9.65"
16:26:02,45.00,차량,자이로,"0.2,1.0,-1.3"
16:26:02,45.01,차량,충격값,0.10
16:26:02,45.01,차량,송신,14960
16:26:02,45.02,차량,지팡이수신,13394
16:26:02,45.03,차량,GPS위성,6
16:26:02,45.03,차량,GPS_HDOP,1.50
16:26:02,45.04,차량,원시위도,37.496872
16:26:02,45.05,차량,원시경도,126.958070
16:26:02,45.05,차량,GPS채택,244
16:26:02,45.06,차량,GPS이상치거부,20
16:26:02,45.07,차량,GPS품질거부,50
16:26:02,45.07,차량,GPS재기준,6
16:26:02,45.08,차량,계산거리,29.24
16:26:02,45.08,차량,접근속도,-0.67
16:26:02,45.09,차량,TTC,999.00
16:26:02,45.10,차량,방향오차,123.9
16:26:02,45.10,차량,전방여부,0
16:26:02,45.11,차량,위험음성횟수,12
16:26:02,45.12,차량,충격음성횟수,4
16:26:02,45.12,차량,마지막위험음성,1
16:26:02,45.13,차량,RSSI원시,-75
16:26:02,45.14,차량,RSSI평활,-74.5
16:26:02,45.14,차량,RSSI샘플,13394
16:26:02,45.15,차량,RSSI경과ms,92
16:26:02,45.16,차량,위험송신,13394
16:26:03,45.71,지팡이,위험,0
16:26:03,45.72,지팡이,GPS유효,1
16:26:03,45.73,지팡이,위도,37.497005
16:26:03,45.75,지팡이,경도,126.958359
16:26:03,45.75,지팡이,속도,0.98
16:26:03,45.76,지팡이,방향,112.5
16:26:03,45.77,지팡이,가속도,"-2.75,3.45,8.74"
16:26:03,45.78,지팡이,송신,13732
16:26:03,45.79,지팡이,GPS위성,8
16:26:03,45.79,지팡이,GPS_HDOP,1.22
16:26:03,45.80,지팡이,원시위도,37.497008
16:26:03,45.81,지팡이,원시경도,126.958354
16:26:03,45.81,지팡이,GPS채택,1079
16:26:03,45.82,지팡이,GPS이상치거부,6
16:26:03,45.83,지팡이,GPS품질거부,24
16:26:03,45.83,지팡이,GPS재기준,1
16:26:03,45.84,지팡이,RSSI원시,-74
16:26:03,45.85,지팡이,RSSI평활,-74.7
16:26:03,45.85,지팡이,RSSI샘플,25514
16:26:03,45.86,지팡이,RSSI경과ms,98
16:26:03,45.86,지팡이,차량수신,12659
16:26:03,45.92,차량,위험,0
16:26:03,45.93,차량,원시위험,0
16:26:03,45.94,차량,GPS유효,1
16:26:03,45.94,차량,위도,37.496874
16:26:03,45.95,차량,경도,126.958068
16:26:03,45.96,차량,속도,0.12
16:26:03,45.96,차량,방향,295.9
16:26:03,45.97,차량,가속도,"-1.01,1.01,9.56"
16:26:03,45.98,차량,자이로,"-1.5,-1.1,-1.4"
16:26:03,45.98,차량,충격값,0.07
16:26:03,45.99,차량,송신,14970
16:26:03,46.00,차량,지팡이수신,13401
16:26:03,46.00,차량,GPS위성,6
16:26:03,46.01,차량,GPS_HDOP,1.50
16:26:03,46.02,차량,원시위도,37.496872
16:26:03,46.02,차량,원시경도,126.958075
16:26:03,46.03,차량,GPS채택,246
16:26:03,46.04,차량,GPS이상치거부,20
16:26:03,46.04,차량,GPS품질거부,50
16:26:03,46.05,차량,GPS재기준,6
16:26:03,46.06,차량,계산거리,29.53
16:26:03,46.06,차량,접근속도,-0.44
16:26:03,46.07,차량,TTC,999.00
16:26:03,46.08,차량,방향오차,125.1
16:26:03,46.08,차량,전방여부,0
16:26:03,46.09,차량,위험음성횟수,12
16:26:03,46.10,차량,충격음성횟수,4
16:26:03,46.10,차량,마지막위험음성,1
16:26:03,46.11,차량,RSSI원시,-72
16:26:03,46.11,차량,RSSI평활,-74.2
16:26:03,46.12,차량,RSSI샘플,13401
16:26:03,46.13,차량,RSSI경과ms,69
16:26:03,46.13,차량,위험송신,13401
16:26:04,46.73,지팡이,위험,0
16:26:04,46.75,지팡이,GPS유효,1
16:26:04,46.76,지팡이,위도,37.497005
16:26:04,46.77,지팡이,경도,126.958359
16:26:04,46.78,지팡이,속도,0.69
16:26:04,46.79,지팡이,방향,112.5
16:26:04,46.79,지팡이,가속도,"-2.51,3.36,8.61"
16:26:04,46.80,지팡이,송신,13741
16:26:04,46.81,지팡이,GPS위성,8
16:26:04,46.82,지팡이,GPS_HDOP,1.05
16:26:04,46.82,지팡이,원시위도,37.497008
16:26:04,46.83,지팡이,원시경도,126.958355
16:26:04,46.84,지팡이,GPS채택,1081
16:26:04,46.84,지팡이,GPS이상치거부,6
16:26:04,46.85,지팡이,GPS품질거부,24
16:26:04,46.86,지팡이,GPS재기준,1
16:26:04,46.86,지팡이,RSSI원시,-74
16:26:04,46.87,지팡이,RSSI평활,-73.7
16:26:04,46.88,지팡이,RSSI샘플,25532
16:26:04,46.88,지팡이,RSSI경과ms,66
16:26:04,46.89,지팡이,차량수신,12668
16:26:04,46.96,차량,위험,0
16:26:04,46.97,차량,원시위험,0
16:26:04,46.97,차량,GPS유효,1
16:26:04,46.98,차량,위도,37.496874
16:26:04,46.99,차량,경도,126.958071
16:26:04,46.99,차량,속도,0.08
16:26:04,47.00,차량,방향,295.9
16:26:04,47.01,차량,가속도,"-0.98,1.00,9.62"
16:26:04,47.01,차량,자이로,"-1.6,1.1,-3.8"
16:26:04,47.02,차량,충격값,0.06
16:26:04,47.03,차량,송신,14980
16:26:04,47.03,차량,지팡이수신,13411
16:26:04,47.04,차량,GPS위성,6
16:26:04,47.05,차량,GPS_HDOP,1.50
16:26:04,47.05,차량,원시위도,37.496873
16:26:04,47.06,차량,원시경도,126.958087
16:26:04,47.07,차량,GPS채택,248
16:26:04,47.07,차량,GPS이상치거부,20
16:26:04,47.08,차량,GPS품질거부,50
16:26:04,47.09,차량,GPS재기준,6
16:26:04,47.09,차량,계산거리,29.31
16:26:04,47.10,차량,접근속도,-0.11
16:26:04,47.11,차량,TTC,999.00
16:26:04,47.11,차량,방향오차,124.2
16:26:04,47.12,차량,전방여부,0
16:26:04,47.13,차량,위험음성횟수,12
16:26:04,47.13,차량,충격음성횟수,4
16:26:04,47.14,차량,마지막위험음성,1
16:26:04,47.14,차량,RSSI원시,-74
16:26:04,47.15,차량,RSSI평활,-73.1
16:26:04,47.16,차량,RSSI샘플,13411
16:26:04,47.16,차량,RSSI경과ms,43
16:26:04,47.17,차량,위험송신,13411
16:26:05,47.68,지팡이,위험,0
16:26:05,47.69,지팡이,GPS유효,1
16:26:05,47.70,지팡이,위도,37.497002
16:26:05,47.71,지팡이,경도,126.958374
16:26:05,47.72,지팡이,속도,0.83
16:26:05,47.73,지팡이,방향,113.1
16:26:05,47.74,지팡이,가속도,"-2.76,3.55,8.69"
16:26:05,47.75,지팡이,송신,13751
16:26:05,47.75,지팡이,GPS위성,8
16:26:05,47.76,지팡이,GPS_HDOP,1.05
16:26:05,47.77,지팡이,원시위도,37.497002
16:26:05,47.77,지팡이,원시경도,126.958373
16:26:05,47.78,지팡이,GPS채택,1083
16:26:05,47.79,지팡이,GPS이상치거부,6
16:26:05,47.79,지팡이,GPS품질거부,24
16:26:05,47.80,지팡이,GPS재기준,1
16:26:05,47.81,지팡이,RSSI원시,-74
16:26:05,47.81,지팡이,RSSI평활,-74.3
16:26:05,47.82,지팡이,RSSI샘플,25549
16:26:05,47.83,지팡이,RSSI경과ms,25
16:26:05,47.83,지팡이,차량수신,12676
16:26:05,47.91,차량,위험,0
16:26:05,47.92,차량,원시위험,0
16:26:05,47.92,차량,GPS유효,1
16:26:05,47.93,차량,위도,37.496874
16:26:05,47.94,차량,경도,126.958076
16:26:05,47.94,차량,속도,0.07
16:26:05,47.95,차량,방향,295.9
16:26:05,47.96,차량,가속도,"-0.93,1.04,9.59"
16:26:05,47.96,차량,자이로,"0.3,0.7,-2.6"
16:26:05,47.97,차량,충격값,0.09
16:26:05,47.98,차량,송신,14989
16:26:05,47.98,차량,지팡이수신,13420
16:26:05,47.99,차량,GPS위성,6
16:26:05,48.00,차량,GPS_HDOP,1.50
16:26:05,48.00,차량,원시위도,37.496873
16:26:05,48.01,차량,원시경도,126.958100
16:26:05,48.02,차량,GPS채택,250
16:26:05,48.02,차량,GPS이상치거부,20
16:26:05,48.03,차량,GPS품질거부,50
16:26:05,48.04,차량,GPS재기준,6
16:26:05,48.04,차량,계산거리,29.93
16:26:05,48.05,차량,접근속도,-0.34
16:26:05,48.06,차량,TTC,999.00
16:26:05,48.06,차량,방향오차,125.7
16:26:05,48.07,차량,전방여부,0
16:26:05,48.08,차량,위험음성횟수,12
16:26:05,48.08,차량,충격음성횟수,4
16:26:05,48.09,차량,마지막위험음성,1
16:26:05,48.10,차량,RSSI원시,-75
16:26:05,48.10,차량,RSSI평활,-73.9
16:26:05,48.11,차량,RSSI샘플,13420
16:26:05,48.12,차량,RSSI경과ms,20
16:26:05,48.12,차량,위험송신,13420
16:26:06,48.67,지팡이,위험,0
16:26:06,48.69,지팡이,GPS유효,1
16:26:06,48.70,지팡이,위도,37.496998
16:26:06,48.71,지팡이,경도,126.958389
16:26:06,48.72,지팡이,속도,0.83
16:26:06,48.73,지팡이,방향,113.3
16:26:06,48.73,지팡이,가속도,"-2.70,3.56,8.58"
16:26:06,48.74,지팡이,송신,13761
16:26:06,48.75,지팡이,GPS위성,8
16:26:06,48.76,지팡이,GPS_HDOP,1.05
16:26:06,48.76,지팡이,원시위도,37.496997
16:26:06,48.77,지팡이,원시경도,126.958386
16:26:06,48.78,지팡이,GPS채택,1085
16:26:06,48.78,지팡이,GPS이상치거부,6
16:26:06,48.79,지팡이,GPS품질거부,24
16:26:06,48.80,지팡이,GPS재기준,1
16:26:06,48.80,지팡이,RSSI원시,-74
16:26:06,48.81,지팡이,RSSI평활,-74.1
16:26:06,48.82,지팡이,RSSI샘플,25569
16:26:06,48.82,지팡이,RSSI경과ms,3
16:26:06,48.83,지팡이,차량수신,12686
16:26:06,49.00,차량,위험,0
16:26:06,49.01,차량,원시위험,0
16:26:06,49.02,차량,GPS유효,1
16:26:06,49.02,차량,위도,37.496873
16:26:06,49.03,차량,경도,126.958082
16:26:06,49.04,차량,속도,0.11
16:26:06,49.05,차량,방향,295.9
16:26:06,49.05,차량,가속도,"-1.08,1.02,9.53"
16:26:06,49.06,차량,자이로,"1.0,3.6,0.4"
16:26:06,49.07,차량,충격값,0.09
16:26:06,49.08,차량,송신,14999
16:26:06,49.08,차량,지팡이수신,13429
16:26:06,49.09,차량,GPS위성,6
16:26:06,49.10,차량,GPS_HDOP,1.50
16:26:06,49.10,차량,원시위도,37.496872
16:26:06,49.11,차량,원시경도,126.958113
16:26:06,49.11,차량,GPS채택,252
16:26:06,49.12,차량,GPS이상치거부,20
16:26:06,49.13,차량,GPS품질거부,50
16:26:06,49.13,차량,GPS재기준,6
16:26:06,49.14,차량,계산거리,30.28
16:26:06,49.15,차량,접근속도,-0.35
16:26:06,49.15,차량,TTC,999.00
16:26:06,49.16,차량,방향오차,127.1
16:26:06,49.17,차량,전방여부,0
16:26:06,49.17,차량,위험음성횟수,12
16:26:06,49.18,차량,충격음성횟수,4
16:26:06,49.19,차량,마지막위험음성,1
16:26:06,49.19,차량,RSSI원시,-73
16:26:06,49.20,차량,RSSI평활,-73.4
16:26:06,49.21,차량,RSSI샘플,13429
16:26:06,49.21,차량,RSSI경과ms,14
16:26:06,49.22,차량,위험송신,13429
16:26:07,49.72,지팡이,위험,0
16:26:07,49.74,지팡이,GPS유효,1
16:26:07,49.75,지팡이,위도,37.496994
16:26:07,49.76,지팡이,경도,126.958389
16:26:07,49.77,지팡이,속도,0.62
16:26:07,49.78,지팡이,방향,113.3
16:26:07,49.79,지팡이,가속도,"-2.73,3.50,8.74"
16:26:07,49.79,지팡이,송신,13771
16:26:07,49.80,지팡이,GPS위성,8
16:26:07,49.81,지팡이,GPS_HDOP,1.05
16:26:07,49.81,지팡이,원시위도,37.496996
16:26:07,49.82,지팡이,원시경도,126.958388
16:26:07,49.83,지팡이,GPS채택,1087
16:26:07,49.83,지팡이,GPS이상치거부,6
16:26:07,49.84,지팡이,GPS품질거부,24
16:26:07,49.85,지팡이,GPS재기준,1
16:26:07,49.85,지팡이,RSSI원시,-73
16:26:07,49.86,지팡이,RSSI평활,-73.7
16:26:07,49.87,지팡이,RSSI샘플,25583
16:26:07,49.88,지팡이,RSSI경과ms,15
16:26:07,49.88,지팡이,차량수신,12691
16:26:08,50.74,지팡이,위험,0
16:26:08,50.75,지팡이,GPS유효,1
16:26:08,50.77,지팡이,위도,37.496994
16:26:08,50.78,지팡이,경도,126.958397
16:26:08,50.79,지팡이,속도,0.62
16:26:08,50.79,지팡이,방향,114.0
16:26:08,50.80,지팡이,가속도,"-2.73,3.54,8.56"
16:26:08,50.81,지팡이,송신,13781
16:26:08,50.82,지팡이,GPS위성,8
16:26:08,50.82,지팡이,GPS_HDOP,1.05
16:26:08,50.83,지팡이,원시위도,37.496994
16:26:08,50.84,지팡이,원시경도,126.958395
16:26:08,50.84,지팡이,GPS채택,1089
16:26:08,50.85,지팡이,GPS이상치거부,6
16:26:08,50.86,지팡이,GPS품질거부,24
16:26:08,50.86,지팡이,GPS재기준,1
16:26:08,50.87,지팡이,RSSI원시,-73
16:26:08,50.88,지팡이,RSSI평활,-74.1
16:26:08,50.88,지팡이,RSSI샘플,25598
16:26:08,50.89,지팡이,RSSI경과ms,7
16:26:08,50.90,지팡이,차량수신,12698
16:26:12,54.74,지팡이,위험,0
16:26:12,54.74,지팡이,GPS유효,1
16:26:12,54.75,지팡이,위도,37.496990
16:26:12,54.76,지팡이,경도,126.958405
16:26:12,54.77,지팡이,속도,0.26
16:26:12,54.78,지팡이,방향,114.5
16:26:12,54.79,지팡이,가속도,"-2.56,3.45,8.63"
16:26:12,54.80,지팡이,송신,13820
16:26:12,54.81,지팡이,GPS위성,8
16:26:12,54.81,지팡이,GPS_HDOP,1.05
16:26:12,54.82,지팡이,원시위도,37.496989
16:26:12,54.83,지팡이,원시경도,126.958401
16:26:12,54.84,지팡이,GPS채택,1097
16:26:12,54.84,지팡이,GPS이상치거부,6
16:26:12,54.85,지팡이,GPS품질거부,24
16:26:12,54.86,지팡이,GPS재기준,1
16:26:12,54.86,지팡이,RSSI원시,-74
16:26:12,54.87,지팡이,RSSI평활,-73.3
16:26:12,54.88,지팡이,RSSI샘플,25664
16:26:12,54.88,지팡이,RSSI경과ms,23
16:26:12,54.89,지팡이,차량수신,12726
16:26:12,55.01,차량,위험,0
16:26:12,55.02,차량,원시위험,0
16:26:12,55.03,차량,GPS유효,1
16:26:12,55.04,차량,위도,37.496863
16:26:12,55.04,차량,경도,126.958150
16:26:12,55.05,차량,속도,0.21
16:26:12,55.06,차량,방향,295.9
16:26:12,55.06,차량,가속도,"-0.89,1.05,9.61"
16:26:12,55.07,차량,자이로,"2.0,0.4,-0.1"
16:26:12,55.08,차량,충격값,0.12
16:26:12,55.08,차량,송신,15058
16:26:12,55.09,차량,지팡이수신,13484
16:26:12,55.10,차량,GPS위성,6
16:26:12,55.10,차량,GPS_HDOP,1.50
16:26:12,55.11,차량,원시위도,37.496860
16:26:12,55.12,차량,원시경도,126.958163
16:26:12,55.12,차량,GPS채택,262
16:26:12,55.13,차량,GPS이상치거부,23
16:26:12,55.14,차량,GPS품질거부,50
16:26:12,55.14,차량,GPS재기준,7
16:26:12,55.15,차량,계산거리,26.52
16:26:12,55.16,차량,접근속도,0.28
16:26:12,55.16,차량,TTC,999.00
16:26:12,55.17,차량,방향오차,122.4
16:26:12,55.18,차량,전방여부,0
16:26:12,55.18,차량,위험음성횟수,12
16:26:12,55.19,차량,충격음성횟수,4
16:26:12,55.20,차량,마지막위험음성,1
16:26:12,55.20,차량,RSSI원시,-74
16:26:12,55.21,차량,RSSI평활,-73.0
16:26:12,55.22,차량,RSSI샘플,13484
16:26:12,55.22,차량,RSSI경과ms,99
16:26:12,55.23,차량,위험송신,13484
16:26:13,55.77,지팡이,위험,0
16:26:13,55.79,지팡이,GPS유효,1
16:26:13,55.80,지팡이,위도,37.496990
16:26:13,55.81,지팡이,경도,126.958397
16:26:13,55.82,지팡이,속도,0.21
16:26:13,55.83,지팡이,방향,114.5
16:26:13,55.84,지팡이,가속도,"-2.81,3.45,8.49"
16:26:13,55.84,지팡이,송신,13830
16:26:13,55.85,지팡이,GPS위성,8
16:26:13,55.86,지팡이,GPS_HDOP,1.05
16:26:13,55.86,지팡이,원시위도,37.496990
16:26:13,55.87,지팡이,원시경도,126.958398
16:26:13,55.88,지팡이,GPS채택,1099
16:26:13,55.88,지팡이,GPS이상치거부,6
16:26:13,55.89,지팡이,GPS품질거부,24
16:26:13,55.90,지팡이,GPS재기준,1
16:26:13,55.90,지팡이,RSSI원시,-74
16:26:13,55.91,지팡이,RSSI평활,-73.5
16:26:13,55.92,지팡이,RSSI샘플,25681
16:26:13,55.92,지팡이,RSSI경과ms,12
16:26:13,55.93,지팡이,차량수신,12733
16:26:14,56.79,지팡이,위험,0
16:26:14,56.81,지팡이,GPS유효,1
16:26:14,56.82,지팡이,위도,37.496990
16:26:14,56.83,지팡이,경도,126.958397
16:26:14,56.84,지팡이,속도,0.16
16:26:14,56.85,지팡이,방향,114.5
16:26:14,56.85,지팡이,가속도,"-2.62,3.42,8.63"
16:26:14,56.86,지팡이,송신,13839
16:26:14,56.87,지팡이,GPS위성,8
16:26:14,56.88,지팡이,GPS_HDOP,1.05
16:26:14,56.88,지팡이,원시위도,37.496990
16:26:14,56.89,지팡이,원시경도,126.958397
16:26:14,56.89,지팡이,GPS채택,1101
16:26:14,56.90,지팡이,GPS이상치거부,6
16:26:14,56.91,지팡이,GPS품질거부,24
16:26:14,56.91,지팡이,GPS재기준,1
16:26:14,56.92,지팡이,RSSI원시,-75
16:26:14,56.93,지팡이,RSSI평활,-73.9
16:26:14,56.93,지팡이,RSSI샘플,25697
16:26:14,56.94,지팡이,RSSI경과ms,90
16:26:14,56.95,지팡이,차량수신,12741
16:26:15,57.70,지팡이,위험,0
16:26:15,57.72,지팡이,GPS유효,1
16:26:15,57.73,지팡이,위도,37.496990
16:26:15,57.74,지팡이,경도,126.958397
16:26:15,57.75,지팡이,속도,0.12
16:26:15,57.76,지팡이,방향,114.5
16:26:15,57.77,지팡이,가속도,"-2.68,3.58,8.54"
16:26:15,57.78,지팡이,송신,13849
16:26:15,57.78,지팡이,GPS위성,8
16:26:15,57.79,지팡이,GPS_HDOP,1.05
16:26:15,57.80,지팡이,원시위도,37.496989
16:26:15,57.80,지팡이,원시경도,126.958396
16:26:15,57.81,지팡이,GPS채택,1103
16:26:15,57.82,지팡이,GPS이상치거부,6
16:26:15,57.82,지팡이,GPS품질거부,24
16:26:15,57.83,지팡이,GPS재기준,1
16:26:15,57.84,지팡이,RSSI원시,-76
16:26:15,57.84,지팡이,RSSI평활,-75.4
16:26:15,57.85,지팡이,RSSI샘플,25713
16:26:15,57.85,지팡이,RSSI경과ms,65
16:26:15,57.86,지팡이,차량수신,12748
16:26:16,58.72,지팡이,위험,0
16:26:16,58.73,지팡이,GPS유효,1
16:26:16,58.75,지팡이,위도,37.496990
16:26:16,58.76,지팡이,경도,126.958397
16:26:16,58.76,지팡이,속도,0.10
16:26:16,58.77,지팡이,방향,114.5
16:26:16,58.78,지팡이,가속도,"-2.71,3.58,8.64"
16:26:16,58.79,지팡이,송신,13859
16:26:16,58.79,지팡이,GPS위성,7
16:26:16,58.80,지팡이,GPS_HDOP,1.22
16:26:16,58.81,지팡이,원시위도,37.496991
16:26:16,58.81,지팡이,원시경도,126.958393
16:26:16,58.82,지팡이,GPS채택,1105
16:26:16,58.83,지팡이,GPS이상치거부,6
16:26:16,58.83,지팡이,GPS품질거부,24
16:26:16,58.84,지팡이,GPS재기준,1
16:26:16,58.85,지팡이,RSSI원시,-74
16:26:16,58.85,지팡이,RSSI평활,-73.4
16:26:16,58.86,지팡이,RSSI샘플,25733
16:26:16,58.87,지팡이,RSSI경과ms,41
16:26:16,58.87,지팡이,차량수신,12758
16:26:16,59.05,차량,위험,0
16:26:16,59.06,차량,원시위험,0
16:26:16,59.07,차량,GPS유효,1
16:26:16,59.08,차량,위도,37.496863
16:26:16,59.09,차량,경도,126.958160
16:26:16,59.09,차량,속도,0.16
16:26:16,59.10,차량,방향,295.9
16:26:16,59.11,차량,가속도,"-0.90,1.02,9.65"
16:26:16,59.11,차량,자이로,"0.5,-0.2,0.1"
16:26:16,59.12,차량,충격값,0.12
16:26:16,59.13,차량,송신,15097
16:26:16,59.14,차량,지팡이수신,13521
16:26:16,59.14,차량,GPS위성,6
16:26:16,59.15,차량,GPS_HDOP,1.50
16:26:16,59.16,차량,원시위도,37.496865
16:26:16,59.16,차량,원시경도,126.958172
16:26:16,59.17,차량,GPS채택,270
16:26:16,59.17,차량,GPS이상치거부,23
16:26:16,59.18,차량,GPS품질거부,50
16:26:16,59.19,차량,GPS재기준,7
16:26:16,59.19,차량,계산거리,25.25
16:26:16,59.20,차량,접근속도,0.25
16:26:16,59.21,차량,TTC,999.00
16:26:16,59.21,차량,방향오차,120.6
16:26:16,59.22,차량,전방여부,0
16:26:16,59.23,차량,위험음성횟수,12
16:26:16,59.23,차량,충격음성횟수,4
16:26:16,59.24,차량,마지막위험음성,1
16:26:16,59.25,차량,RSSI원시,-73
16:26:16,59.25,차량,RSSI평활,-73.1
16:26:17,59.26,차량,RSSI샘플,13521
16:26:17,59.27,차량,RSSI경과ms,111
16:26:17,59.27,차량,위험송신,13521
16:26:17,59.72,지팡이,위험,0
16:26:17,59.73,지팡이,GPS유효,1
16:26:17,59.74,지팡이,위도,37.496990
16:26:17,59.75,지팡이,경도,126.958389
16:26:17,59.76,지팡이,속도,0.10
16:26:17,59.77,지팡이,방향,114.5
16:26:17,59.78,지팡이,가속도,"-2.76,3.50,8.68"
16:26:17,59.79,지팡이,송신,13869
16:26:17,59.79,지팡이,GPS위성,8
16:26:17,59.80,지팡이,GPS_HDOP,1.05
16:26:17,59.81,지팡이,원시위도,37.496990
16:26:17,59.81,지팡이,원시경도,126.958393
16:26:17,59.82,지팡이,GPS채택,1107
16:26:17,59.83,지팡이,GPS이상치거부,6
16:26:17,59.83,지팡이,GPS품질거부,24
16:26:17,59.84,지팡이,GPS재기준,1
16:26:17,59.85,지팡이,RSSI원시,-75
16:26:17,59.85,지팡이,RSSI평활,-75.3
16:26:17,59.86,지팡이,RSSI샘플,25753
16:26:17,59.87,지팡이,RSSI경과ms,1
16:26:17,59.87,지팡이,차량수신,12768
16:26:17,60.05,차량,위험,0
16:26:17,60.06,차량,원시위험,0
16:26:17,60.07,차량,GPS유효,1
16:26:17,60.08,차량,위도,37.496864
16:26:17,60.09,차량,경도,126.958162
16:26:17,60.10,차량,속도,0.19
16:26:17,60.10,차량,방향,295.9
16:26:17,60.11,차량,가속도,"-1.09,0.93,9.99"
16:26:17,60.12,차량,자이로,"-0.2,0.5,-0.6"
16:26:17,60.12,차량,충격값,0.40
16:26:17,60.13,차량,송신,15106
16:26:17,60.14,차량,지팡이수신,13531
16:26:17,60.14,차량,GPS위성,5
16:26:17,60.15,차량,GPS_HDOP,2.00
16:26:17,60.16,차량,원시위도,37.496865
16:26:17,60.16,차량,원시경도,126.958173
16:26:17,60.17,차량,GPS채택,272
16:26:17,60.18,차량,GPS이상치거부,23
16:26:17,60.18,차량,GPS품질거부,50
16:26:17,60.19,차량,GPS재기준,7
16:26:17,60.20,차량,계산거리,24.52
16:26:17,60.20,차량,접근속도,0.54
16:26:17,60.21,차량,TTC,999.00
16:26:17,60.21,차량,방향오차,119.5
16:26:17,60.22,차량,전방여부,0
16:26:17,60.23,차량,위험음성횟수,12
16:26:17,60.23,차량,충격음성횟수,4
16:26:17,60.24,차량,마지막위험음성,1
16:26:17,60.25,차량,RSSI원시,-73
16:26:17,60.25,차량,RSSI평활,-73.9
16:26:18,60.26,차량,RSSI샘플,13531
16:26:18,60.27,차량,RSSI경과ms,86
16:26:18,60.27,차량,위험송신,13531
16:26:18,60.98,차량,위험,0
16:26:18,60.99,차량,원시위험,0
16:26:18,61.01,차량,GPS유효,1
16:26:18,61.02,차량,위도,37.496864
16:26:18,61.03,차량,경도,126.958164
16:26:18,61.04,차량,속도,0.16
16:26:18,61.04,차량,방향,295.9
16:26:18,61.05,차량,가속도,"-1.13,1.03,9.69"
16:26:18,61.06,차량,자이로,"-1.3,2.3,-2.2"
16:26:18,61.07,차량,충격값,0.14
16:26:18,61.07,차량,송신,15116
16:26:18,61.08,차량,지팡이수신,13540
16:26:18,61.09,차량,GPS위성,6
16:26:18,61.09,차량,GPS_HDOP,1.50
16:26:18,61.10,차량,원시위도,37.496863
16:26:18,61.11,차량,원시경도,126.958175
16:26:18,61.11,차량,GPS채택,274
16:26:18,61.12,차량,GPS이상치거부,23
16:26:18,61.13,차량,GPS품질거부,50
16:26:18,61.13,차량,GPS재기준,7
16:26:18,61.14,차량,계산거리,24.38
16:26:18,61.14,차량,접근속도,0.35
16:26:18,61.15,차량,TTC,999.00
16:26:18,61.16,차량,방향오차,119.3
16:26:18,61.16,차량,전방여부,0
16:26:18,61.17,차량,위험음성횟수,12
16:26:18,61.18,차량,충격음성횟수,4
16:26:18,61.18,차량,마지막위험음성,1
16:26:18,61.19,차량,RSSI원시,-72
16:26:18,61.20,차량,RSSI평활,-72.8
16:26:18,61.20,차량,RSSI샘플,13540
16:26:18,61.21,차량,RSSI경과ms,64
16:26:18,61.22,차량,위험송신,13540
16:26:20,63.03,차량,위험,0
16:26:20,63.04,차량,원시위험,0
16:26:20,63.05,차량,GPS유효,1
16:26:20,63.06,차량,위도,37.496862
16:26:20,63.07,차량,경도,126.958168
16:26:20,63.08,차량,속도,0.13
16:26:20,63.09,차량,방향,295.9
16:26:20,63.09,차량,가속도,"-0.94,0.98,9.61"
16:26:20,63.10,차량,자이로,"-0.3,-0.1,-2.2"
16:26:20,63.11,차량,충격값,0.09
16:26:20,63.11,차량,송신,15135
16:26:20,63.12,차량,지팡이수신,13560
16:26:20,63.13,차량,GPS위성,6
16:26:20,63.13,차량,GPS_HDOP,1.50
16:26:20,63.14,차량,원시위도,37.496857
16:26:20,63.15,차량,원시경도,126.958180
16:26:20,63.15,차량,GPS채택,278
16:26:20,63.16,차량,GPS이상치거부,23
16:26:20,63.17,차량,GPS품질거부,50
16:26:20,63.17,차량,GPS재기준,7
16:26:20,63.18,차량,계산거리,24.19
16:26:20,63.19,차량,접근속도,0.16
16:26:20,63.19,차량,TTC,999.00
16:26:20,63.20,차량,방향오차,118.0
16:26:20,63.20,차량,전방여부,0
16:26:20,63.21,차량,위험음성횟수,12
16:26:20,63.22,차량,충격음성횟수,4
16:26:20,63.22,차량,마지막위험음성,1
16:26:20,63.23,차량,RSSI원시,-73
16:26:20,63.24,차량,RSSI평활,-72.8
16:26:20,63.24,차량,RSSI샘플,13560
16:26:20,63.25,차량,RSSI경과ms,19
16:26:21,63.26,차량,위험송신,13560
